Time,Day,Age_band_of_driver,Sex_of_driver,Educational_level,Vehicle_driver_relation,Driving_experience,Type_of_vehicle,Owner_of_vehicle,Service_year_of_vehicle,Area_accident_occured,Lanes_or_Medians,Road_allignment,Types_of_Junction,Road_surface_type,Road_surface_conditions,Light_conditions,Weather_conditions,Type_of_collision,Number_of_vehicles_involved,Number_of_casualties,Vehicle_movement,Sex_of_casualty,Age_band_of_casualty,Casualty_severity,Work_of_casuality,Fitness_of_casuality,Pedestrian_movement,Cause_of_accident,Accident_severity
19:00:00,Tuesday,18-30,Male,Junior high school,Employee,2-5yr,Public (13 - 45 seats),Owner,1-2yr,Office areas,Two-way (divided with broken lines road marking),Tangent road with mild grade and flat terrain,Crossing,Gravel roads,Wet or damp,Darkness - lights lit,Normal,Vehicle Collision,2,1,Moving forward,Female,Under 18,3,Driver,Normal,Unknown or other,Moving Backward,Slight Injury
17:00:00,Saturday,Over 51,Male,High school,Owner,5-10yr,Automobile,Owner,Unknown,Office areas,Two-way (divided with broken lines road marking),Tangent road with mild grade and flat terrain,No junction,Asphalt roads,Wet or damp,Darkness - lights lit,Raining,Vehicle Collision,2,1,Turning,na,na,na,Driver,Normal,Not a Pedestrian,Driving at high speed,Slight Injury
17:00:00,Saturday,18-30,Male,Junior high school,Employee,Above 10yr,Other,Owner,5-10yrs,Office areas,Two-way (divided with broken lines road marking),Tangent road with flat terrain,No junction,Asphalt roads,Wet or damp,Darkness - lights lit,Raining,Pedestrian Collision,2,1,Moving forward,Male,31-50,3,,Normal,Not a Pedestrian,Moving Backward,Slight Injury
21:00:00,Sunday,31-50,Male,Junior high school,Employee,2-5yr,Pick up upto 10 Quintal,Owner,Unknown,Other,Two-way (divided with broken lines road marking),Tangent road with flat terrain,Y Shape,Asphalt roads,Dry,Darkness - lights lit,Normal,Stationary Object Collision,2,1,Moving forward,na,na,na,Employee,Normal,Not a Pedestrian,No distancing,Slight Injury
21:00:00,Sunday,31-50,Unknown,Elementary school,Employee,2-5yr,Lorry (41 - 100 Quintal),Owner,Unknown,Residential areas,Double carriageway (median),Tangent road with flat terrain,Y Shape,Asphalt roads,Dry,Darkness - lights lit,Normal,Stationary Object Collision,2,1,Moving forward,Female,18-30,3,,,Not a Pedestrian,Other,Slight Injury
14:00:00,Monday,Over 51,Male,High school,Owner,Above 10yr,Automobile,Owner,Unknown, Church areas,Undivided Two way,Tangent road with flat terrain,Y Shape,Asphalt roads,Dry,Daylight,Normal,Vehicle Collision,2,2,Moving backward,Male,18-30,2,Driver,Normal,Not a Pedestrian,No priority to vehicle,Slight Injury
14:00:00,Monday,Over 51,Male,Elementary school,Employee,1-2yr,Automobile,Owner,Unknown,Other,Two-way (divided with broken lines road marking),Tangent road with flat terrain,Y Shape,Asphalt roads,Dry,Daylight,Normal,Vehicle Collision,2,2,Exiting,na,na,na,Self-employed,Normal,Not a Pedestrian,Changing lane to the right,Slight Injury
14:00:00,Monday,18-30,Unknown,Junior high school,Employee,Above 10yr,Lorry (41 - 100 Quintal),Owner,Unknown,  Recreational areas,Two-way (divided with broken lines road marking),Tangent road with flat terrain,Y Shape,Asphalt roads,Dry,Daylight,Normal,Vehicle Collision,2,2,Moving forward,na,na,na,Self-employed,Normal,Not a Pedestrian,Other,Slight Injury
17:00:00,Sunday,31-50,Male,Junior high school,Unknown,5-10yr,Automobile,Owner,Unknown,Other,,Tangent road with flat terrain,Crossing,Asphalt roads,Wet or damp,Darkness - lights lit,Normal,Vehicle Collision,2,1,Exiting,Male,18-30,3,,,Not a Pedestrian,No distancing,Slight Injury
17:00:00,Sunday,Over 51,Male,Junior high school,Owner,5-10yr,Other,Owner,Unknown, Industrial areas,Undivided Two way,Tangent road with mild grade and flat terrain,Crossing,Asphalt roads,Wet or damp,Darkness - lights lit,Normal,Vehicle Collision,2,1,Moving forward,na,na,na,Self-employed,Normal,Not a Pedestrian,Driving carelessly,Slight Injury
21:00:00,Saturday,18-30,Male,Above high school,Employee,5-10yr,Automobile,Owner,Unknown,Other,Two-way (divided with broken lines road marking),Tangent road with flat terrain,Crossing,Asphalt roads,Wet or damp,Darkness - lights lit,Raining,Stationary Object Collision,2,1,Moving forward,Male,31-50,3,,,Not a Pedestrian,No distancing,Slight Injury
21:00:00,Saturday,18-30,Male,Junior high school,Employee,5-10yr,Automobile,Owner,Unknown,Other,other,Tangent road with flat terrain,Crossing,Asphalt roads,Wet or damp,Darkness - lights lit,Raining,Vehicle Collision,2,1,Moving forward,Female,18-30,3,Self-employed,Normal,Not a Pedestrian,Moving Backward,Slight Injury
07:00:00,Tuesday,18-30,Male,Junior high school,Employee,Above 10yr,Automobile,Owner,5-10yrs, Church areas,other,Tangent road with flat terrain,Y Shape,Asphalt roads,Wet or damp,Daylight,Normal,Vehicle Collision,2,1,Moving forward,na,na,na,Driver,Normal,Not a Pedestrian,No distancing,Slight Injury
07:00:00,Tuesday,31-50,Male,Junior high school,Employee,1-2yr,Automobile,Owner,5-10yrs, Church areas,Undivided Two way,Tangent road with flat terrain,Y Shape,Asphalt roads,Wet or damp,Daylight,Normal,Vehicle Collision,2,1,Moving forward,Male,Under 18,3,Self-employed,Normal,Not a Pedestrian,Moving Backward,Slight Injury
10:00:00,Wednesday,31-50,Male,Junior high school,Employee,2-5yr,Lorry (41 - 100 Quintal),Owner,Unknown,Other,Two-way (divided with broken lines road marking),Tangent road with flat terrain,No junction,Asphalt roads,Wet or damp,Daylight,Other,Vehicle Collision,1,1,Moving forward,Male,31-50,2,Self-employed,Normal,Not a Pedestrian,No priority to pedestrian,Slight Injury
13:00:00,Wednesday,31-50,Male,Junior high school,Employee,Below 1yr,Other,Owner,Unknown,Other,One way,Tangent road with flat terrain,No junction,Asphalt roads,Wet or damp,Daylight,Raining,Vehicle Collision,2,3,Moving forward,Female,18-30,3,Self-employed,Normal,Not a Pedestrian,Changing lane to the left,Slight Injury
13:00:00,Wednesday,31-50,Male,Junior high school,Employee,Above 10yr,Pick up upto 10 Quintal,Governmental,2-5yrs,  Recreational areas,Two-way (divided with broken lines road marking),Tangent road with flat terrain,No junction,Asphalt roads,Wet or damp,Daylight,Raining,Vehicle Collision,2,3,Moving forward,na,na,na,Driver,Normal,Not a Pedestrian,No distancing,Slight Injury
13:00:00,Wednesday,31-50,Male,Junior high school,Employee,1-2yr,Stationwagen,Owner,2-5yrs,Other,Undivided Two way,Tangent road with flat terrain,No junction,Asphalt roads,Wet or damp,Daylight,Raining,Pedestrian Collision,2,3,Moving forward,na,na,na,Employee,Normal,Not a Pedestrian,Other,Slight Injury
11:00:00,Thursday,18-30,Male,Above high school,Employee,5-10yr,Other,Owner,5-10yrs,Office areas,Undivided Two way,Tangent road with flat terrain,Y Shape,Other,Dry,Daylight,Normal,Pedestrian Collision,2,1,Moving backward,Male,Under 18,3,,Normal,Not a Pedestrian,No distancing,Slight Injury
11:00:00,Thursday,18-30,Male,Junior high school,Employee,5-10yr,Pick up upto 10 Quintal,Owner,5-10yrs, Church areas,Two-way (divided with broken lines road marking),Tangent road with flat terrain,Y Shape,Asphalt roads,Dry,Daylight,Normal,Stationary Object Collision,2,1,Moving forward,Male,18-30,3,,,Not a Pedestrian,No priority to pedestrian,Slight Injury
16:00:00,Friday,Unknown,Female,Elementary school,Owner,Below 1yr,Stationwagen,Owner,2-5yrs,Office areas,Two-way (divided with broken lines road marking),Tangent road with flat terrain,Y Shape,Asphalt roads,Wet or damp,Darkness - lights lit,Normal,Pedestrian Collision,3,1,Moving forward,na,na,na,,,Not a Pedestrian,Moving Backward,Slight Injury
16:00:00,Friday,31-50,Male,Junior high school,Unknown,5-10yr,Lorry (41 - 100 Quintal),Owner,Unknown,Office areas,Undivided Two way,Tangent road with mountainous terrain and,Y Shape,Asphalt roads,Wet or damp,Darkness - lights lit,Normal,Vehicle Collision,3,1,Moving forward,na,na,na,,,Not a Pedestrian,No priority to pedestrian,Slight Injury
16:00:00,Friday,Over 51,Unknown,Junior high school,Employee,Above 10yr,Automobile,Owner,2-5yrs,Other,Undivided Two way,Tangent road with flat terrain,Y Shape,Asphalt roads,Wet or damp,Darkness - lights lit,Normal,Vehicle Collision,3,1,Moving forward,Male,18-30,3,Self-employed,Normal,Not a Pedestrian,No distancing,Slight Injury
01:00:00,Friday,31-50,Male,Junior high school,Unknown,5-10yr,Automobile,Governmental,Unknown,Residential areas,Two-way (divided with broken lines road marking),Tangent road with flat terrain,No junction,Asphalt roads,Wet or damp,Darkness - lights lit,Normal,Vehicle Collision,1,1,Moving forward,Female,18-30,3,Driver,Normal,Not a Pedestrian,No priority to pedestrian,Serious Injury
20:00:00,Monday,18-30,Male,Junior high school,Employee,1-2yr,Automobile,Owner,2-5yrs,Office areas,Two-way (divided with broken lines road marking),Tangent road with mild grade and flat terrain,No junction,Asphalt roads,Wet or damp,Darkness - lights lit,Raining,Stationary Object Collision,2,1,Moving forward,Male,18-30,3,,,Not a Pedestrian,Driving carelessly,Serious Injury
20:00:00,Monday,18-30,Male,Junior high school,Owner,2-5yr,Automobile,Owner,2-5yrs,Residential areas,other,Tangent road with flat terrain,No junction,Asphalt roads,Wet or damp,Darkness - lights lit,Raining,Stationary Object Collision,2,1,Moving forward,Male,18-30,3,,,Not a Pedestrian,Getting off the vehicle improperly,Serious Injury
17:00:00,Wednesday,18-30,Male,Junior high school,Employee,unknown,Turbo,Owner,Unknown,Residential areas,Two-way (divided with broken lines road marking),Tangent road with flat terrain,No junction,Other,Wet or damp,Darkness - lights unlit,Windy,Vehicle Collision,2,3,Moving forward,Female,18-30,3,Driver,Normal,Not a Pedestrian,Driving carelessly,Slight Injury
17:00:00,Wednesday,18-30,Unknown,Junior high school,Employee,Above 10yr,Automobile,Owner,Unknown,Other,Double carriageway (median),Tangent road with flat terrain,No junction,Asphalt roads,Wet or damp,Darkness - lights unlit,Windy,Vehicle Collision,2,3,Moving forward,na,na,na,Driver,Normal,Not a Pedestrian,Changing lane to the left,Slight Injury
17:00:00,Wednesday,18-30,Male,Junior high school,Owner,2-5yr,Stationwagen,Owner,Unknown, Hospital areas,One way,Tangent road with flat terrain,No junction,Asphalt roads,Wet or damp,Darkness - lights unlit,Windy,Vehicle Collision,2,3,Moving forward,Male,18-30,3,Self-employed,Normal,Not a Pedestrian,No priority to vehicle,Slight Injury
17:00:00,Wednesday,Over 51,Male,Junior high school,Employee,5-10yr,Automobile,Governmental,Unknown,Other,Undivided Two way,Tangent road with flat terrain,Y Shape,Asphalt roads,Wet or damp,Darkness - lights lit,Raining,Vehicle Collision,1,1,Moving forward,na,na,na,Driver,Normal,Not a Pedestrian,Changing lane to the right,Slight Injury
21:00:00,Monday,18-30,Male,Junior high school,Employee,2-5yr,Automobile,Owner,Unknown,Other,Undivided Two way,Tangent road with flat terrain,O Shape,Asphalt roads,Wet or damp,Darkness - lights lit,Raining,Vehicle Collision,1,1,Moving forward,Male,Under 18,3,Driver,Normal,Not a Pedestrian,Changing lane to the right,Serious Injury
15:00:00,Monday,18-30,Male,Junior high school,Employee,1-2yr,Automobile,Owner,Unknown,  Recreational areas,One way,Tangent road with mild grade and flat terrain,Y Shape,Asphalt roads,Dry,Daylight,Normal,Vehicle Collision,1,1,Moving forward,Female,18-30,3,Self-employed,Normal,Not a Pedestrian,No distancing,Slight Injury
18:00:00,Monday,Unknown,Female,Junior high school,Employee,5-10yr,Pick up upto 10 Quintal,Owner,Unknown,Other,Undivided Two way,Tangent road with flat terrain,Y Shape,Asphalt roads,Wet or damp,Darkness - lights lit,Raining,Vehicle Collision,1,1,Moving forward,na,na,na,Self-employed,Normal,Not a Pedestrian,No distancing,Slight Injury
08:00:00,Wednesday,Over 51,Male,Junior high school,Employee,2-5yr,Lorry (41 - 100 Quintal),Owner,Unknown,Other,Undivided Two way,Tangent road with flat terrain,No junction,Asphalt roads,Dry,Daylight,Normal,Vehicle Collision,1,1,Moving forward,na,na,na,Driver,Normal,Not a Pedestrian,Changing lane to the left,Slight Injury
15:00:00,Tuesday,Unknown,Female,Elementary school,Employee,5-10yr,Lorry (41 - 100 Quintal),Owner,Unknown,Other,Undivided Two way,Tangent road with flat terrain,Crossing,Asphalt roads,Wet or damp,Darkness - lights unlit,Normal,Vehicle Collision,1,1,Moving forward,Male,18-30,3,Self-employed,Normal,Not a Pedestrian,Changing lane to the right,Slight Injury
18:00:00,Friday,18-30,Unknown,Above high school,Owner,5-10yr,Automobile,Owner,Below 1yr,Office areas,Two-way (divided with broken lines road marking),Tangent road with flat terrain,Crossing,Asphalt roads,Wet or damp,Darkness - lights lit,Raining,Stationary Object Collision,2,1,Moving forward,Male,18-30,3,,,Not a Pedestrian,No priority to vehicle,Slight Injury
18:00:00,Friday,18-30,Male,Junior high school,Employee,2-5yr,Lorry (41 - 100 Quintal),Owner,2-5yrs,Other,Two-way (divided with broken lines road marking),Tangent road with mild grade and flat terrain,Crossing,Other,Wet or damp,Darkness - lights lit,Raining,Stationary Object Collision,2,1,Moving backward,Female,Under 18,3,,,Unknown or other,Changing lane to the left,Slight Injury
19:00:00,Wednesday,18-30,Male,Junior high school,Employee,2-5yr,Lorry (41 - 100 Quintal),Owner,Unknown,Residential areas,Two-way (divided with broken lines road marking),Tangent road with flat terrain,Crossing,Asphalt roads,Wet or damp,Darkness - lights unlit,Raining,Pedestrian Collision,2,1,Moving forward,Female,Over 51,2,,,Crossing from driver's nearside,No priority to vehicle,Slight Injury
19:00:00,Wednesday,18-30,Male,Junior high school,Employee,2-5yr,Lorry (41 - 100 Quintal),Owner,5-10yrs,Other,Undivided Two way,Tangent road with flat terrain,Crossing,Asphalt roads,Wet or damp,Darkness - lights unlit,Raining,Vehicle Collision,2,1,Moving forward,Male,Under 18,3,Self-employed,Normal,Not a Pedestrian,Moving Backward,Slight Injury
09:00:00,Friday,31-50,Unknown,Junior high school,Employee,5-10yr,Lorry (41 - 100 Quintal),Owner,Unknown,Other,Undivided Two way,Tangent road with flat terrain,No junction,Asphalt roads,Wet or damp,Daylight,Normal,Vehicle Collision,2,1,Moving forward,na,na,na,Driver,Normal,Not a Pedestrian,Turnover,Serious Injury
09:00:00,Friday,18-30,Male,Junior high school,Employee,1-2yr,Automobile,Owner,Unknown, Church areas,Undivided Two way,Tangent road with flat terrain,No junction,Asphalt roads,Wet or damp,Daylight,Normal,Vehicle Collision,2,1,Unknown,Female,Under 18,3,Employee,Normal,Crossing from driver's nearside,No distancing,Serious Injury
14:00:00,Wednesday,18-30,Male,Junior high school,Owner,2-5yr,Automobile,Owner,1-2yr,Office areas,Undivided Two way,Tangent road with flat terrain,No junction,Asphalt roads with some distress,Dry,Daylight,Normal,Vehicle Collision,2,1,Moving forward,na,na,na,Driver,Normal,Not a Pedestrian,No distancing,Slight Injury
14:00:00,Wednesday,Over 51,Male,High school,Owner,2-5yr,Automobile,Owner,Above 10yr,School areas,other,Tangent road with flat terrain,No junction,Asphalt roads,Dry,Daylight,Normal,Vehicle Collision,2,1,Moving forward,Male,Over 51,3,Driver,Normal,Not a Pedestrian,No distancing,Slight Injury
14:00:00,Friday,31-50,Male,Junior high school,Employee,5-10yr,Public (13 - 45 seats),Owner,2-5yrs,Other,Undivided Two way,Tangent road with flat terrain,Y Shape,Asphalt roads,Wet or damp,Daylight,Normal,Vehicle Collision,2,1,Moving forward,Male,31-50,3,Driver,Normal,Not a Pedestrian,Changing lane to the left,Slight Injury
14:00:00,Friday,31-50,Male,Junior high school,Owner,1-2yr,Automobile,Owner,1-2yr,Office areas,Undivided Two way,Tangent road with flat terrain,Y Shape,Asphalt roads,Wet or damp,Daylight,Normal,Vehicle Collision,2,1,Moving forward,Male,Over 51,3,Driver,Normal,Not a Pedestrian,No priority to vehicle,Slight Injury
22:00:00,Tuesday,Unknown,Female,Junior high school,Unknown,Below 1yr,Public (13 - 45 seats),Owner,1-2yr,Residential areas,other,Steep grade downward with mountainous terrain,Crossing,Asphalt roads,Wet or damp,Darkness - lights lit,Normal,Vehicle Collision,2,1,Moving forward,Male,31-50,3,Driver,Normal,Not a Pedestrian,Driving at high speed,Slight Injury
22:00:00,Tuesday,Over 51,Male,High school,Employee,1-2yr,Public (13 - 45 seats),Owner,1-2yr, Industrial areas,One way,Tangent road with flat terrain,Crossing,Asphalt roads,Wet or damp,Darkness - lights lit,Normal,Vehicle Collision,2,1,Moving forward,Male,Over 51,3,Driver,Normal,Not a Pedestrian,Overtaking,Slight Injury
07:00:00,Thursday,18-30,Male,Above high school,Employee,1-2yr,Automobile,Owner,2-5yrs,Other,Undivided Two way,Tangent road with flat terrain,Y Shape,Earth roads,Wet or damp,Darkness - lights lit,Windy,Pedestrian Collision,2,1,Unknown,Male,18-30,3,Employee,Normal,Not a Pedestrian,Other,Slight Injury
07:00:00,Thursday,31-50,Male,Junior high school,Employee,Above 10yr,Lorry (11 - 40 Quintal),Owner,1-2yr,Residential areas,Undivided Two way,Tangent road with flat terrain,Y Shape,Asphalt roads,Wet or damp,Darkness - lights lit,Windy,Pedestrian Collision,2,1,Moving backward,Female,18-30,3,Driver,Normal,Not a Pedestrian,Changing lane to the left,Slight Injury
07:00:00,Thursday,18-30,Male,High school,Employee,1-2yr,Automobile,Owner,1-2yr,  Recreational areas,Two-way (divided with broken lines road marking),Tangent road with flat terrain,Y Shape,Asphalt roads,Wet or damp,Darkness - lights lit,Raining,Vehicle Collision,2,1,Moving forward,Male,31-50,3,Employee,Normal,Not a Pedestrian,No priority to pedestrian,Slight Injury
07:00:00,Thursday,31-50,Unknown,Junior high school,Employee,2-5yr,Lorry (41 - 100 Quintal),Owner,Unknown,Office areas,other,Tangent road with flat terrain,Y Shape,Asphalt roads,Wet or damp,Darkness - lights lit,Raining,Vehicle Collision,2,1,Turning,Male,31-50,3,Self-employed,Normal,Not a Pedestrian,Changing lane to the left,Slight Injury
08:00:00,Wednesday,31-50,Male,Above high school,Other,2-5yr,Other,Owner,Unknown, Outside rural areas,Two-way (divided with broken lines road marking),Tangent road with flat terrain,Y Shape,Asphalt roads,Wet or damp,Daylight,Raining,Vehicle Collision,2,2,Turning,na,na,na,Driver,Normal,Not a Pedestrian,No distancing,Slight Injury
08:00:00,Wednesday,31-50,Male,High school,Employee,Above 10yr,Pick up upto 10 Quintal,Owner,1-2yr, Outside rural areas,Two-way (divided with broken lines road marking),Tangent road with flat terrain,Y Shape,Asphalt roads,Wet or damp,Daylight,Raining,Vehicle Collision,2,2,Moving backward,Female,Over 51,3,Driver,Normal,Not a Pedestrian,Moving Backward,Slight Injury
16:00:00,Tuesday,Over 51,Male,Elementary school,Employee,5-10yr,Lorry (11 - 40 Quintal),Owner,1-2yr, Outside rural areas,Undivided Two way,Tangent road with flat terrain,Y Shape,Asphalt roads,Wet or damp,Daylight,Normal,Vehicle Collision,1,1,Moving backward,Female,18-30,3,Self-employed,Normal,Not a Pedestrian,Changing lane to the left,Serious Injury
22:00:00,Friday,18-30,Male,High school,Employee,1-2yr,Motorcycle,Governmental,Below 1yr, Outside rural areas,Undivided Two way,Tangent road with flat terrain,Y Shape,Asphalt roads,Wet or damp,Darkness - lights lit,Raining,Vehicle Collision,2,3,Moving backward,Male,18-30,3,Self-employed,Normal,Not a Pedestrian,Other,Serious Injury
22:00:00,Friday,18-30,Male,High school,Employee,5-10yr,Pick up upto 10 Quintal,Owner,Unknown, Outside rural areas,other,Steep grade downward with mountainous terrain,Y Shape,Asphalt roads,Wet or damp,Darkness - lights lit,Raining,Vehicle Collision,2,3,Moving backward,na,na,na,Driver,Normal,Not a Pedestrian,No distancing,Serious Injury
22:00:00,Friday,18-30,Male,High school,Employee,2-5yr,Lorry (11 - 40 Quintal),Owner,Unknown,School areas,other,Steep grade downward with mountainous terrain,Y Shape,Asphalt roads,Wet or damp,Darkness - lights lit,Raining,Vehicle Collision,2,3,Moving forward,Male,31-50,2,Driver,Normal,Not a Pedestrian,Moving Backward,Serious Injury
22:00:00,Friday,18-30,Male,Junior high school,Employee,1-2yr,Lorry (11 - 40 Quintal),Owner,Above 10yr, Outside rural areas,Two-way (divided with broken lines road marking),Tangent road with flat terrain,Y Shape,Asphalt roads,Wet or damp,Darkness - lights lit,Raining,Vehicle Collision,2,3,Moving forward,Male,18-30,2,Self-employed,Normal,Not a Pedestrian,No distancing,Serious Injury
03:00:00,Saturday,18-30,Male,Above high school,Employee,Above 10yr,Automobile,Owner,Unknown, Outside rural areas,Undivided Two way,Tangent road with flat terrain,Y Shape,Asphalt roads,Wet or damp,Darkness - lights lit,Windy,Vehicle Collision,1,1,Moving forward,na,na,na,Self-employed,Normal,Not a Pedestrian,Changing lane to the left,Slight Injury
09:00:00,Tuesday,Over 51,Male,Above high school,Employee,2-5yr,Automobile,Owner,Unknown, Outside rural areas,Two-way (divided with broken lines road marking),Escarpments,Crossing,Gravel roads,Dry,Daylight,Normal,Vehicle Collision,6,1,Moving forward,Male,Over 51,3,Driver,Normal,Not a Pedestrian,Changing lane to the left,Slight Injury
09:00:00,Tuesday,Unknown,Female,Elementary school,Employee,5-10yr,Other,Owner,2-5yrs, Outside rural areas,Two-way (divided with broken lines road marking),Tangent road with mountainous terrain and,Crossing,Asphalt roads,Dry,Daylight,Normal,Vehicle Collision,6,1,Moving forward,na,na,na,Driver,Normal,Not a Pedestrian,No priority to pedestrian,Slight Injury
09:00:00,Tuesday,Unknown,Female,Elementary school,Employee,1-2yr,Other,Owner,2-5yrs,Office areas,Undivided Two way,Tangent road with mountainous terrain and,Crossing,Asphalt roads,Dry,Daylight,Normal,Vehicle Collision,6,1,Moving forward,Male,31-50,3,Driver,Normal,Not a Pedestrian,Changing lane to the left,Slight Injury
09:00:00,Tuesday,Unknown,Female,Junior high school,Employee,5-10yr,Automobile,Owner,2-5yrs, Outside rural areas,Undivided Two way,Tangent road with mountainous terrain and,Crossing,Asphalt roads,Dry,Daylight,Normal,Vehicle Collision,6,1,Moving forward,Male,18-30,3,Driver,Normal,Not a Pedestrian,Driving carelessly,Slight Injury
09:00:00,Tuesday,Unknown,Female,Junior high school,Employee,5-10yr,Taxi,Owner,Unknown, Outside rural areas,Undivided Two way,Tangent road with mountainous terrain and,Crossing,Asphalt roads,Dry,Daylight,Normal,Vehicle Collision,6,1,Moving forward,na,na,na,,,Not a Pedestrian,Driving carelessly,Slight Injury
09:00:00,Tuesday,Unknown,Female,Elementary school,Employee,5-10yr,Other,Owner,2-5yrs, Outside rural areas,Undivided Two way,Tangent road with flat terrain,Crossing,Asphalt roads,Dry,Daylight,Normal,Vehicle Collision,6,1,Moving forward,Male,Under 18,2,,Normal,Crossing from driver's nearside,No priority to pedestrian,Slight Injury
07:00:00,Thursday,Under 18,Male,Junior high school,Employee,2-5yr,Taxi,Owner,Unknown,Office areas,Undivided Two way,Tangent road with flat terrain,Y Shape,Asphalt roads,Wet or damp,Daylight,Raining,Vehicle Collision,2,2,Moving forward,Male,18-30,2,Driver,Normal,Unknown or other,Getting off the vehicle improperly,Slight Injury
07:00:00,Thursday,18-30,Male,Junior high school,Employee,5-10yr,Lorry (11 - 40 Quintal),Owner,Unknown,  Recreational areas,Undivided Two way,Tangent road with flat terrain,Y Shape,Asphalt roads,Wet or damp,Daylight,Raining,Vehicle Collision,2,2,Moving forward,na,na,na,,,Not a Pedestrian,No distancing,Slight Injury
20:00:00,Tuesday,18-30,Unknown,High school,Employee,2-5yr,Automobile,Owner,Above 10yr,Office areas,Undivided Two way,Tangent road with flat terrain,O Shape,Asphalt roads,Wet or damp,Darkness - lights unlit,Raining,Vehicle Collision,2,1,Moving forward,Male,18-30,3,,,Not a Pedestrian,Changing lane to the left,Slight Injury
20:00:00,Tuesday,18-30,Male,Junior high school,Employee,1-2yr,Other,Owner,2-5yrs,Other,Two-way (divided with broken lines road marking),Tangent road with mild grade and flat terrain,O Shape,Asphalt roads,Wet or damp,Darkness - lights unlit,Raining,Vehicle Collision,2,1,Moving forward,Female,31-50,3,,,Not a Pedestrian,No priority to vehicle,Slight Injury
17:00:00,Tuesday,18-30,Male,Junior high school,Employee,1-2yr,Automobile,Owner,Above 10yr,Residential areas,Two-way (divided with broken lines road marking),Tangent road with flat terrain,Y Shape,Asphalt roads,Wet or damp,Darkness - lights lit,Normal,Vehicle Collision,2,2,Moving forward,na,na,na,Driver,Normal,Not a Pedestrian,No distancing,Slight Injury
17:00:00,Tuesday,31-50,Unknown,Junior high school,Employee,5-10yr,Automobile,Owner,Above 10yr,Residential areas,other,Tangent road with flat terrain,Y Shape,Asphalt roads,Wet or damp,Darkness - lights lit,Normal,Stationary Object Collision,2,2,Moving forward,Female,Over 51,3,,,Not a Pedestrian,No priority to pedestrian,Slight Injury
17:00:00,Tuesday,31-50,Male,Illiterate,Employee,unknown,Automobile,Owner,Unknown,Residential areas,Undivided Two way,Tangent road with flat terrain,Y Shape,Asphalt roads,Wet or damp,Darkness - lights lit,Normal,Stationary Object Collision,2,2,Moving forward,na,na,na,,,Not a Pedestrian,No priority to pedestrian,Slight Injury
15:00:00,Saturday,Unknown,Female,Junior high school,Employee,5-10yr,Automobile,Owner,Above 10yr,Other,Undivided Two way,Tangent road with flat terrain,Y Shape,Asphalt roads,Wet or damp,Daylight,Normal,Vehicle Collision,2,2,Moving forward,Male,31-50,3,Driver,Normal,Crossing from nearside - masked by parked or statioNot a Pedestrianry vehicle,No priority to vehicle,Slight Injury
15:00:00,Saturday,18-30,Male,Junior high school,Employee,1-2yr,Lorry (41 - 100 Quintal),Owner,Unknown,Office areas,Two-way (divided with broken lines road marking),Tangent road with flat terrain,Y Shape,Asphalt roads,Wet or damp,Daylight,Normal,Vehicle Collision,2,2,Moving forward,na,na,na,Driver,Normal,Not a Pedestrian,Driving carelessly,Slight Injury
09:00:00,Saturday,18-30,Male,Junior high school,Employee,2-5yr,Other,Owner,Unknown,Other,Two-way (divided with broken lines road marking),Tangent road with flat terrain,Crossing,Asphalt roads,Wet or damp,Daylight,Raining,Vehicle Collision,3,1,Moving forward,Female,18-30,3,Driver,Normal,Not a Pedestrian,Changing lane to the right,Slight Injury
09:00:00,Saturday,Over 51,Male,Junior high school,Employee,Above 10yr,Pick up upto 10 Quintal,Owner,Above 10yr,Other,other,Tangent road with flat terrain,Crossing,Asphalt roads,Wet or damp,Daylight,Raining,Vehicle Collision,3,1,Moving forward,na,na,na,Driver,Normal,Not a Pedestrian,Changing lane to the left,Slight Injury
09:00:00,Saturday,31-50,Male,Junior high school,Owner,5-10yr,Pick up upto 10 Quintal,Owner,5-10yrs,Office areas,Two-way (divided with broken lines road marking),Tangent road with flat terrain,Crossing,Asphalt roads,Wet or damp,Daylight,Raining,Stationary Object Collision,3,1,Moving forward,Male,18-30,3,,,Not a Pedestrian,Moving Backward,Slight Injury
11:00:00,Monday,18-30,Female,High school,Employee,1-2yr,Automobile,Owner,Below 1yr, Church areas,other,Tangent road with flat terrain,No junction,Asphalt roads,Dry,Daylight,Normal,Vehicle Collision,2,1,Turning,Female,18-30,3,Driver,Normal,Not a Pedestrian,Driving carelessly,Serious Injury
11:00:00,Monday,Over 51,Female,Junior high school,Employee,Above 10yr,Long lorry,Owner,Unknown,Other,Two-way (divided with broken lines road marking),Tangent road with flat terrain,No junction,Asphalt roads,Dry,Daylight,Normal,Stationary Object Collision,2,1,Moving backward,na,na,na,,,Not a Pedestrian,Driving to the left,Serious Injury
13:00:00,Friday,Unknown,Female,Junior high school,Employee,1-2yr,Automobile,Owner,Unknown,Other,One way,Tangent road with flat terrain,No junction,Asphalt roads,Dry,Daylight,Normal,Stationary Object Collision,2,1,Moving backward,Male,18-30,2,,,Not a Pedestrian,Driving to the left,Slight Injury