Time,Day,Age_band_of_driver,Sex_of_driver,Educational_level,Vehicle_driver_relation,Driving_experience,Type_of_vehicle,Owner_of_vehicle,Service_year_of_vehicle,Area_accident_occured,Lanes_or_Medians,Road_allignment,Types_of_Junction,Road_surface_type,Road_surface_conditions,Light_conditions,Weather_conditions,Type_of_collision,Number_of_vehicles_involved,Number_of_casualties,Vehicle_movement,Sex_of_casualty,Age_band_of_casualty,Casualty_severity,Work_of_casuality,Fitness_of_casuality,Pedestrian_movement,Cause_of_accident,Accident_severity
18:00:00,Thursday,31-50,Male,Elementary school,Owner,Below 1yr,Stationwagen,Owner,Unknown,Office areas,Two-way (divided with broken lines road marking),Tangent road with flat terrain,Y Shape,Asphalt roads,Dry,Daylight,Normal,Vehicle Collision,2,1,Moving forward,na,na,na,,,Not a Pedestrian,Changing lane to the right,Slight Injury
11:00:00,Wednesday,31-50,Male,Junior high school,Owner,5-10yr,Lorry (41 - 100 Quintal),Owner,Unknown,Other,Undivided Two way,Tangent road with flat terrain,Y Shape,Asphalt roads,Wet or damp,Daylight,Raining,Vehicle Collision,3,1,Other,na,na,na,Other,Normal,Not a Pedestrian,Changing lane to the right,Slight Injury
11:00:00,Wednesday,Under 18,Male,Junior high school,Owner,5-10yr,Lorry (41 - 100 Quintal),Owner,Unknown,Other,Two-way (divided with broken lines road marking),Tangent road with flat terrain,Y Shape,Asphalt roads,Wet or damp,Daylight,Raining,Vehicle Collision,3,1,Moving backward,na,na,na,,,Not a Pedestrian,No distancing,Slight Injury
11:00:00,Wednesday,31-50,Male,Junior high school,Owner,5-10yr,Other,Owner,2-5yrs,Other,Two-way (divided with broken lines road marking),Tangent road with flat terrain,Y Shape,Asphalt roads,Wet or damp,Daylight,Raining,Vehicle Collision,3,1,Moving forward,na,na,na,Driver,Normal,Not a Pedestrian,Moving Backward,Slight Injury
18:00:00,Saturday,31-50,Male,Junior high school,Employee,1-2yr,Automobile,Owner,2-5yrs,Residential areas,One way,Tangent road with flat terrain,Y Shape,Asphalt roads,Dry,Daylight,Normal,Vehicle Collision,2,1,Moving backward,Male,Under 18,3,Driver,Normal,Not a Pedestrian,No distancing,Slight Injury
18:00:00,Saturday,18-30,Male,High school,Owner,5-10yr,Automobile,Owner,2-5yrs,School areas,Undivided Two way,Tangent road with mild grade and flat terrain,Y Shape,Asphalt roads,Dry,Daylight,Normal,Vehicle Collision,2,1,Moving forward,Male,18-30,3,Driver,Normal,Not a Pedestrian,Driving carelessly,Slight Injury
10:00:00,Sunday,31-50,Male,Junior high school,Employee,5-10yr,Taxi,Owner,2-5yrs,Residential areas,Undivided Two way,Tangent road with mild grade and flat terrain,Crossing,Asphalt roads,Dry,Daylight,Normal,Vehicle Collision,1,1,Moving backward,Female,18-30,3,Driver,Normal,Not a Pedestrian,No priority to pedestrian,Slight Injury
19:00:00,Monday,31-50,Male,Junior high school,Employee,5-10yr,Lorry (41 - 100 Quintal),Owner,2-5yrs,Office areas,Two-way (divided with broken lines road marking),Tangent road with flat terrain,No junction,Asphalt roads,Dry,Daylight,Normal,Vehicle Collision,1,1,Moving forward,na,na,na,Driver,Normal,Not a Pedestrian,No priority to vehicle,Slight Injury
18:00:00,Monday,31-50,Male,Junior high school,Employee,5-10yr,Other,Owner,Unknown, Church areas,One way,Tangent road with flat terrain,Crossing,Asphalt roads,Dry,Daylight,Normal,Vehicle Collision,2,1,Moving forward,na,na,na,Driver,Normal,Not a Pedestrian,Moving Backward,Slight Injury
18:00:00,Monday,18-30,Male,Junior high school,Employee,Above 10yr,Automobile,Owner,Unknown,Other,Undivided Two way,Tangent road with flat terrain,Crossing,Asphalt roads,Dry,Daylight,Normal,Vehicle Collision,2,1,Moving forward,Female,18-30,3,Driver,Normal,Not a Pedestrian,Changing lane to the right,Slight Injury
20:00:00,Monday,31-50,Male,Junior high school,Employee,5-10yr,Public (> 45 seats),Owner,2-5yrs,Other,One way,Tangent road with flat terrain,No junction,Asphalt roads,Dry,Daylight,Normal,Vehicle Collision,1,1,Moving forward,Female,31-50,3,Driver,Normal,Not a Pedestrian,No distancing,Slight Injury
18:00:00,Wednesday,18-30,Male,Junior high school,Employee,No Licence,Stationwagen,Owner,5-10yrs,Other,Two-way (divided with broken lines road marking),Tangent road with flat terrain,Crossing,Asphalt roads,Dry,Daylight,Normal,Vehicle Collision,2,1,Moving forward,Male,Over 51,3,Self-employed,Normal,Not a Pedestrian,Driving carelessly,Slight Injury
18:00:00,Wednesday,Unknown,Male,Above high school,Employee,Below 1yr,Automobile,Owner,Unknown,Other,Two-way (divided with broken lines road marking),Tangent road with flat terrain,Crossing,Asphalt roads,Dry,Daylight,Normal,Vehicle Collision,2,1,Other,Male,18-30,3,Other,Normal,Not a Pedestrian,Changing lane to the left,Slight Injury
16:00:00,Tuesday,31-50,Male,Elementary school,Employee,5-10yr,Lorry (41 - 100 Quintal),Owner,Unknown,Office areas,Undivided Two way,Tangent road with flat terrain,Y Shape,Asphalt roads,Dry,Daylight,Normal,Stationary Object Collision,2,1,Moving forward,na,na,na,Driver,Normal,Not a Pedestrian,Moving Backward,Slight Injury
16:00:00,Tuesday,31-50,Male,Elementary school,Employee,5-10yr,Other,Owner,Unknown,Office areas,Two-way (divided with solid lines road marking),Tangent road with flat terrain,Y Shape,Asphalt roads,Dry,Daylight,Normal,Vehicle Collision,2,1,Moving backward,Female,Over 51,3,Driver,Normal,Not a Pedestrian,No distancing,Slight Injury
17:00:00,Tuesday,18-30,Male,Junior high school,Employee,5-10yr,Public (13 - 45 seats),Owner,Unknown,Residential areas,Undivided Two way,Tangent road with flat terrain,Crossing,Asphalt roads,Dry,Daylight,Normal,Pedestrian Collision,2,1,Moving backward,na,na,na,Self-employed,Normal,Not a Pedestrian,Changing lane to the right,Slight Injury
17:00:00,Tuesday,18-30,Male,High school,Employee,5-10yr,Other,Owner,Unknown,Office areas,One way,Tangent road with flat terrain,Crossing,Asphalt roads,Dry,Daylight,Normal,Vehicle Collision,2,1,Moving backward,Male,Over 51,2,Driver,Normal,Unknown or other,No priority to vehicle,Slight Injury
07:00:00,Wednesday,31-50,Male,Junior high school,Employee,5-10yr,Other,Owner,Unknown,Residential areas,Two-way (divided with broken lines road marking),Tangent road with flat terrain,Crossing,Asphalt roads,Dry,Daylight,Normal,Stationary Object Collision,2,1,Moving forward,na,na,na,Driver,Normal,Not a Pedestrian,Getting off the vehicle improperly,Slight Injury
07:00:00,Wednesday,18-30,Male,Junior high school,Employee,2-5yr,Ridden horse,Owner,Unknown,Office areas,Undivided Two way,Tangent road with flat terrain,Crossing,Asphalt roads,Dry,Daylight,Normal,Vehicle Collision,2,1,Moving forward,na,na,na,Driver,Normal,Not a Pedestrian,No distancing,Slight Injury
15:00:00,Saturday,Unknown,Male,Writing & reading,Employee,5-10yr,Lorry (41 - 100 Quintal),Owner,Unknown,Other,Two-way (divided with broken lines road marking),Tangent road with flat terrain,No junction,Asphalt roads,Dry,Daylight,Normal,Vehicle Collision,1,1,Moving forward,Male,18-30,3,Other,Normal,Not a Pedestrian,No distancing,Slight Injury
18:00:00,Saturday,18-30,Male,Junior high school,Employee,Above 10yr,Lorry (41 - 100 Quintal),Owner,Unknown,Office areas,One way,Tangent road with flat terrain,Y Shape,Asphalt roads,Dry,Daylight,Normal,Vehicle Collision,2,1,Moving forward,Male,18-30,3,,Normal,Not a Pedestrian,Changing lane to the left,Slight Injury
18:00:00,Saturday,18-30,Male,Junior high school,Employee,1-2yr,Pick up upto 10 Quintal,Owner,Unknown,School areas,Undivided Two way,Tangent road with flat terrain,Y Shape,Asphalt roads,Dry,Daylight,Normal,Vehicle Collision,2,1,Other,Male,Under 18,3,Driver,Normal,Not a Pedestrian,No priority to vehicle,Slight Injury
14:00:00,Friday,18-30,Male,Writing & reading,Employee,Below 1yr,Lorry (11 - 40 Quintal),Owner,Unknown,Residential areas,One way,Tangent road with flat terrain,Crossing,Asphalt roads,Dry,Daylight,Normal,Vehicle Collision,1,1,Moving forward,Female,31-50,3,Driver,Normal,Not a Pedestrian,Driving carelessly,Slight Injury
10:00:00,Friday,31-50,Male,Elementary school,Employee,1-2yr,Automobile,Owner,Unknown,Office areas,Undivided Two way,Tangent road with flat terrain,Y Shape,Asphalt roads,Dry,Daylight,Normal,Self-accident,1,1,Moving forward,Female,31-50,3,Driver,Normal,Not a Pedestrian,Changing lane to the right,Slight Injury
17:00:00,Friday,18-30,Male,Junior high school,Employee,5-10yr,Automobile,Owner,Unknown,Residential areas,Undivided Two way,Tangent road with flat terrain,Y Shape,Asphalt roads,Dry,Daylight,Normal,Stationary Object Collision,2,1,Moving forward,Male,31-50,3,Driver,Normal,Not a Pedestrian,No distancing,Slight Injury
17:00:00,Friday,Unknown,Female,Junior high school,Employee,1-2yr,Lorry (11 - 40 Quintal),Owner,Unknown,Office areas,Undivided Two way,Tangent road with flat terrain,Y Shape,Asphalt roads,Dry,Daylight,Normal,Vehicle Collision,2,1,Moving backward,na,na,na,Driver,Normal,Not a Pedestrian,Changing lane to the right,Slight Injury
13:00:00,Friday,31-50,Male,Elementary school,Owner,5-10yr,Motorcycle,Owner,2-5yrs,Office areas,Two-way (divided with broken lines road marking),Tangent road with flat terrain,No junction,Asphalt roads,Dry,Daylight,Normal,Vehicle Collision,2,1,Moving backward,Male,18-30,3,Driver,Normal,Not a Pedestrian,No distancing,Slight Injury
13:00:00,Friday,31-50,Male,Junior high school,Employee,2-5yr,Lorry (41 - 100 Quintal),Owner,Unknown,Residential areas,Undivided Two way,Tangent road with flat terrain,No junction,Asphalt roads,Dry,Daylight,Normal,Stationary Object Collision,2,1,Moving forward,Female,18-30,3,Driver,Normal,Crossing from nearside - masked by parked or statioNot a Pedestrianry vehicle,Driving under the influence of drugs,Slight Injury
10:00:00,Thursday,18-30,Male,Junior high school,Owner,Below 1yr,Stationwagen,Owner,Unknown,Other,Two-way (divided with broken lines road marking),Tangent road with flat terrain,No junction,Asphalt roads,Dry,Daylight,Normal,Vehicle Collision,2,1,Moving forward,Male,18-30,3,,,Not a Pedestrian,Changing lane to the left,Serious Injury
10:00:00,Thursday,Unknown,Male,Writing & reading,Employee,5-10yr,Automobile,Owner,Above 10yr, Industrial areas,Undivided Two way,Tangent road with flat terrain,No junction,Asphalt roads,Dry,Daylight,Normal,Vehicle Collision,2,1,Moving backward,Female,18-30,3,Driver,Normal,Not a Pedestrian,Getting off the vehicle improperly,Serious Injury
08:00:00,Tuesday,31-50,Male,Writing & reading,Employee,5-10yr,Other,Owner,Unknown,Office areas,Two-way (divided with broken lines road marking),Tangent road with flat terrain,Y Shape,Asphalt roads,Dry,Daylight,Normal,Vehicle Collision,1,1,Moving forward,na,na,na,Driver,Normal,Not a Pedestrian,Overloading,Slight Injury
14:00:00,Tuesday,31-50,Male,Junior high school,Employee,5-10yr,Other,Organization,Unknown,  Recreational areas,Two-way (divided with broken lines road marking),Tangent road with flat terrain,Y Shape,Asphalt roads,Dry,Daylight,Normal,Vehicle Collision,2,1,Moving backward,na,na,na,Self-employed,Normal,Not a Pedestrian,Driving carelessly,Slight Injury
14:00:00,Tuesday,18-30,Male,Junior high school,Employee,2-5yr,Taxi,Owner,1-2yr,Residential areas,Two-way (divided with broken lines road marking),Tangent road with flat terrain,Y Shape,Asphalt roads,Dry,Daylight,Normal,Vehicle Collision,2,1,Other,Male,18-30,3,Driver,Normal,Not a Pedestrian,Overtaking,Slight Injury
11:00:00,Tuesday,18-30,Male,Junior high school,Employee,Above 10yr,Automobile,Owner,Above 10yr,Residential areas,Undivided Two way,Tangent road with flat terrain,Y Shape,Asphalt roads,Dry,Daylight,Normal,Vehicle Collision,2,1,Moving forward,Female,Under 18,3,,,Not a Pedestrian,No distancing,Slight Injury
11:00:00,Tuesday,18-30,Male,Junior high school,Employee,5-10yr,Long lorry,Owner,5-10yrs, Church areas,Undivided Two way,Steep grade downward with mountainous terrain,Y Shape,Asphalt roads,Dry,Daylight,Normal,Pedestrian Collision,2,1,Moving forward,Female,18-30,3,Unknown,Normal,Not a Pedestrian,Overturning,Slight Injury
18:00:00,Tuesday,18-30,Male,Junior high school,Employee,Above 10yr,Long lorry,Owner,5-10yrs,Residential areas,Undivided Two way,Tangent road with flat terrain,No junction,Asphalt roads,Dry,Daylight,Normal,Vehicle Collision,1,1,Moving forward,Female,31-50,3,Driver,Normal,Crossing from nearside - masked by parked or statioNot a Pedestrianry vehicle,Driving carelessly,Slight Injury
18:00:00,Wednesday,18-30,Male,Junior high school,Employee,2-5yr,Lorry (41 - 100 Quintal),Owner,Unknown,Other,other,Tangent road with flat terrain,Crossing,Asphalt roads,Dry,Daylight,Normal,Stationary Object Collision,2,1,Moving forward,Male,31-50,2,,,Not a Pedestrian,No priority to pedestrian,Slight Injury
18:00:00,Wednesday,18-30,Male,Junior high school,Employee,Below 1yr,Lorry (41 - 100 Quintal),Owner,5-10yrs,Other,Undivided Two way,Tangent road with flat terrain,Crossing,Asphalt roads,Dry,Daylight,Normal,Vehicle Collision,2,1,Moving forward,na,na,na,Driver,Normal,Not a Pedestrian,No distancing,Slight Injury
02:00:00,Thursday,18-30,Male,Junior high school,Employee,Below 1yr,Lorry (11 - 40 Quintal),Owner,Unknown,Other,Two-way (divided with solid lines road marking),Tangent road with flat terrain,No junction,Asphalt roads,Dry,Darkness - lights lit,Normal,Vehicle Collision,2,2,Moving forward,Male,Under 18,3,Other,Normal,Not a Pedestrian,No priority to vehicle,Slight Injury
02:00:00,Thursday,18-30,Male,Junior high school,Owner,5-10yr,Automobile,Owner,Unknown, Church areas,Two-way (divided with solid lines road marking),Tangent road with flat terrain,No junction,Asphalt roads,Dry,Darkness - lights lit,Normal,Vehicle Collision,2,2,Moving forward,na,na,na,Other,Normal,Not a Pedestrian,Getting off the vehicle improperly,Slight Injury
02:00:00,Thursday,Unknown,Female,Junior high school,Employee,2-5yr,Taxi,Governmental,Unknown,Other,Two-way (divided with solid lines road marking),Tangent road with flat terrain,No junction,Asphalt roads,Dry,Darkness - lights lit,Normal,Vehicle Collision,2,2,Moving forward,Male,Under 18,3,Self-employed,Normal,Crossing from nearside - masked by parked or statioNot a Pedestrianry vehicle,No priority to pedestrian,Slight Injury
06:00:00,Sunday,18-30,Male,Elementary school,Employee,Below 1yr,Other,Owner,Unknown, Church areas,Two-way (divided with solid lines road marking),Tangent road with flat terrain,Crossing,Asphalt roads,Dry,Daylight,Normal,Vehicle Collision,2,1,Moving forward,na,na,na,Driver,Normal,Not a Pedestrian,Changing lane to the right,Slight Injury
06:00:00,Sunday,31-50,Male,Junior high school,Employee,2-5yr,Automobile,Owner,Unknown, Church areas,Two-way (divided with broken lines road marking),Tangent road with flat terrain,Crossing,Asphalt roads,Dry,Daylight,Normal,Vehicle Collision,2,1,Moving forward,Male,Under 18,3,Driver,Normal,Crossing from nearside - masked by parked or statioNot a Pedestrianry vehicle,Moving Backward,Slight Injury
17:00:00,Thursday,18-30,Male,Junior high school,Employee,5-10yr,Automobile,Owner,Above 10yr,Other,Undivided Two way,Tangent road with flat terrain,Crossing,Asphalt roads,Dry,Daylight,Normal,Vehicle Collision,1,1,Moving forward,Male,Under 18,3,Driver,Normal,Not a Pedestrian,Changing lane to the left,Serious Injury
11:00:00,Saturday,18-30,Male,High school,Employee,Above 10yr,Automobile,Governmental,5-10yrs,Other,Undivided Two way,Tangent road with flat terrain,Y Shape,Asphalt roads,Dry,Daylight,Normal,Vehicle Collision,2,1,Moving forward,Female,Under 18,3,,,Crossing from driver's nearside,No distancing,Slight Injury
11:00:00,Saturday,Over 51,Male,High school,Employee,Above 10yr,Automobile,Owner,5-10yrs,School areas,other,Tangent road with flat terrain,Y Shape,Asphalt roads,Dry,Daylight,Normal,Vehicle Collision,2,1,Moving forward,Female,31-50,3,,,Not a Pedestrian,Driving carelessly,Slight Injury
12:00:00,Sunday,31-50,Male,Junior high school,Employee,5-10yr,Public (> 45 seats),Owner,Above 10yr,Residential areas,Undivided Two way,Tangent road with flat terrain,No junction,Asphalt roads,Dry,Daylight,Normal,Stationary Object Collision,2,2,Moving forward,Female,18-30,3,Driver,Normal,Not a Pedestrian,Driving under the influence of drugs,Slight Injury
12:00:00,Sunday,31-50,Male,Elementary school,Employee,1-2yr,Lorry (11 - 40 Quintal),Owner,1-2yr,Other,Two-way (divided with broken lines road marking),Tangent road with flat terrain,No junction,Asphalt roads,Dry,Daylight,Normal,Vehicle Collision,2,2,Moving forward,na,na,na,Other,Normal,Not a Pedestrian,Driving carelessly,Slight Injury
12:00:00,Sunday,Unknown,Female,Elementary school,Employee,5-10yr,Lorry (41 - 100 Quintal),Owner,Above 10yr,Office areas,Undivided Two way,Tangent road with flat terrain,No junction,Asphalt roads,Dry,Daylight,Normal,Stationary Object Collision,2,2,Moving forward,Male,Over 51,3,Driver,Normal,Not a Pedestrian,Driving carelessly,Slight Injury
17:00:00,Thursday,31-50,Male,Junior high school,Employee,5-10yr,Lorry (41 - 100 Quintal),Owner,Above 10yr,Residential areas,Undivided Two way,Tangent road with flat terrain,Y Shape,Asphalt roads,Dry,Daylight,Normal,Vehicle Collision,2,1,Moving backward,Male,Over 51,3,,,Not a Pedestrian,Changing lane to the right,Slight Injury
17:00:00,Thursday,31-50,Male,Junior high school,Employee,1-2yr,Stationwagen,Owner,Above 10yr,Other,One way,Steep grade downward with mountainous terrain,Y Shape,Asphalt roads,Dry,Daylight,Normal,Vehicle Collision,2,1,Moving forward,na,na,na,Driver,Normal,Not a Pedestrian,No distancing,Slight Injury
20:00:00,Sunday,Unknown,Male,Junior high school,Owner,5-10yr,Other,Owner,Above 10yr,Residential areas,Two-way (divided with broken lines road marking),Tangent road with flat terrain,No junction,Asphalt roads,Dry,Daylight,Normal,Vehicle Collision,1,1,Moving forward,Female,18-30,3,Driver,Normal,Not a Pedestrian,Driving carelessly,Slight Injury
08:00:00,Tuesday,18-30,Male,High school,Owner,Above 10yr,Automobile,Owner,5-10yrs,Residential areas,Undivided Two way,Tangent road with flat terrain,Crossing,Asphalt roads,Dry,Daylight,Normal,Pedestrian Collision,2,1,Moving forward,Male,Under 18,3,Employee,Normal,Not a Pedestrian,No priority to pedestrian,Slight Injury
08:00:00,Tuesday,Unknown,Male,Junior high school,Owner,Below 1yr,Pick up upto 10 Quintal,Owner,Unknown,Residential areas,Two-way (divided with broken lines road marking),Tangent road with flat terrain,Crossing,Asphalt roads,Dry,Daylight,Normal,Vehicle Collision,2,1,Moving forward,Male,Under 18,3,,,Not a Pedestrian,No distancing,Slight Injury
17:00:00,Wednesday,Unknown,Male,Writing & reading,Owner,5-10yr,Motorcycle,Owner,1-2yr,Other,other,Tangent road with flat terrain,No junction,Asphalt roads,Dry,Daylight,Normal,Vehicle Collision,1,1,Turning,Male,31-50,2,Student,Normal,Not a Pedestrian,Moving Backward,Slight Injury
00:00:00,Saturday,18-30,Male,Above high school,Employee,Above 10yr,Automobile,Owner,5-10yrs,Other,Undivided Two way,Tangent road with flat terrain,Crossing,Asphalt roads,Dry,Darkness - lights lit,Normal,Vehicle Collision,1,1,Moving forward,Female,Under 18,2,Driver,Normal,Not a Pedestrian,Moving Backward,Slight Injury
16:00:00,Sunday,18-30,Male,High school,Employee,Below 1yr,Pick up upto 10 Quintal,Owner,5-10yrs,Other,One way,Tangent road with flat terrain,Y Shape,Asphalt roads,Dry,Daylight,Normal,Pedestrian Collision,2,1,Moving forward,na,na,na,Self-employed,Normal,Not a Pedestrian,No priority to vehicle,Slight Injury
16:00:00,Sunday,18-30,Male,Junior high school,Employee,1-2yr,Motorcycle,Owner,1-2yr, Hospital areas,Undivided Two way,Tangent road with flat terrain,Y Shape,Asphalt roads,Dry,Daylight,Normal,Stationary Object Collision,2,1,Moving forward,Male,Under 18,3,Self-employed,Normal,Not a Pedestrian,No distancing,Slight Injury
15:00:00,Thursday,31-50,Male,Junior high school,Employee,Above 10yr,Stationwagen,Owner,2-5yrs,Residential areas,Undivided Two way,Tangent road with flat terrain,No junction,Asphalt roads,Dry,Daylight,Normal,Vehicle Collision,1,1,Moving forward,Male,Under 18,2,Driver,Normal,Not a Pedestrian,Moving Backward,Slight Injury
00:00:00,Saturday,31-50,Male,Junior high school,Owner,Above 10yr,Lorry (41 - 100 Quintal),Owner,5-10yrs,Residential areas,One way,Tangent road with flat terrain,O Shape,Asphalt roads,Dry,Darkness - lights lit,Normal,Vehicle Collision,2,1,Moving forward,na,na,na,,,Not a Pedestrian,Changing lane to the right,Slight Injury
00:00:00,Saturday,31-50,Male,Junior high school,Employee,Above 10yr,Taxi,Owner,5-10yrs,Residential areas,Undivided Two way,Tangent road with flat terrain,O Shape,Asphalt roads,Dry,Darkness - lights lit,Normal,Vehicle Collision,2,1,Moving forward,na,na,na,Driver,Normal,Not a Pedestrian,Moving Backward,Slight Injury
10:00:00,Saturday,Unknown,Male,Junior high school,Employee,No Licence,Automobile,Owner,1-2yr,Other,Two-way (divided with broken lines road marking),Tangent road with flat terrain,No junction,Asphalt roads,Dry,Daylight,Normal,Vehicle Collision,1,1,Moving forward,Female,18-30,3,Driver,Normal,Not a Pedestrian,Changing lane to the right,Slight Injury
14:00:00,Sunday,31-50,Male,Junior high school,Employee,1-2yr,Long lorry,Owner,1-2yr,Office areas,Two-way (divided with broken lines road marking),Tangent road with flat terrain,No junction,Asphalt roads,Dry,Daylight,Normal,Vehicle Collision,3,2,Moving forward,Male,18-30,3,Self-employed,Normal,Not a Pedestrian,Driving carelessly,Slight Injury
14:00:00,Sunday,18-30,Male,Illiterate,Owner,1-2yr,Automobile,Owner,2-5yrs,Other,other,Tangent road with flat terrain,No junction,Asphalt roads,Dry,Daylight,Normal,Vehicle Collision,3,2,Moving forward,na,na,na,Driver,Normal,Not a Pedestrian,Changing lane to the right,Slight Injury
14:00:00,Sunday,Under 18,Male,Junior high school,Owner,Below 1yr,Public (12 seats),Owner,Unknown,Office areas,Double carriageway (median),Tangent road with flat terrain,No junction,Asphalt roads,Dry,Daylight,Normal,Vehicle Collision,3,2,Turning,Female,18-30,3,,Normal,"In carriageway, statioNot a Pedestrianry - not crossing  (standing or playing)",No distancing,Slight Injury
13:00:00,Monday,31-50,Male,Junior high school,Owner,1-2yr,Lorry (11 - 40 Quintal),Owner,Unknown,Residential areas,Two-way (divided with broken lines road marking),Tangent road with flat terrain,Y Shape,Asphalt roads,Dry,Daylight,Normal,Stationary Object Collision,2,1,Moving forward,Female,31-50,3,Driver,Normal,Not a Pedestrian,Moving Backward,Slight Injury
13:00:00,Monday,18-30,Male,Junior high school,Owner,2-5yr,Pick up upto 10 Quintal,Owner,Unknown,Office areas,Double carriageway (median),Gentle horizontal curve,Y Shape,Asphalt roads,Dry,Daylight,Normal,Stationary Object Collision,2,1,Moving backward,Male,18-30,3,,,Not a Pedestrian,Driving carelessly,Slight Injury
20:00:00,Monday,Unknown,Male,Unknown,Owner,5-10yr,Lorry (41 - 100 Quintal),Owner,Unknown,Office areas,Double carriageway (median),Tangent road with flat terrain,Crossing,Asphalt roads,Dry,Daylight,Normal,Vehicle Collision,2,1,Other,na,na,na,Driver,Normal,Not a Pedestrian,No distancing,Slight Injury
20:00:00,Monday,18-30,Male,Unknown,Owner,Above 10yr,Other,Organization,Unknown,Other,Double carriageway (median),Tangent road with flat terrain,Crossing,Asphalt roads,Dry,Daylight,Normal,Vehicle Collision,2,1,Moving forward,Female,31-50,3,,,Not a Pedestrian,No priority to vehicle,Slight Injury
11:00:00,Sunday,18-30,Male,Junior high school,Owner,2-5yr,Automobile,Owner,Unknown,Office areas,Two-way (divided with broken lines road marking),Tangent road with flat terrain,Y Shape,Asphalt roads,Dry,Daylight,Normal,Vehicle Collision,2,1,Moving forward,Male,31-50,3,Self-employed,NormalNormal,Not a Pedestrian,Changing lane to the right,Slight Injury
11:00:00,Sunday,18-30,Male,Elementary school,Owner,Above 10yr,Long lorry,Owner,Unknown,Office areas,,Tangent road with flat terrain,Y Shape,Asphalt roads,Dry,Daylight,Normal,Vehicle Collision,2,1,Turning,na,na,na,Driver,Normal,Not a Pedestrian,Moving Backward,Slight Injury
13:00:00,Wednesday,Under 18,Male,Writing & reading,Owner,5-10yr,Lorry (11 - 40 Quintal),Governmental,Unknown,Office areas,One way,Tangent road with flat terrain,Y Shape,Gravel roads,Dry,Daylight,Normal,Vehicle Collision,2,1,Other,na,na,na,Driver,Normal,Not a Pedestrian,Driving under the influence of drugs,Serious Injury
13:00:00,Wednesday,18-30,Male,Junior high school,Owner,5-10yr,Long lorry,Owner,Unknown,Other,Undivided Two way,Tangent road with flat terrain,Y Shape,Asphalt roads,Dry,Daylight,Normal,Self-accident,2,1,Moving forward,Female,18-30,3,Other,Normal,Not a Pedestrian,Changing lane to the right,Serious Injury
08:00:00,Tuesday,18-30,Male,Junior high school,Owner,5-10yr,Automobile,Owner,Unknown,Residential areas,,Tangent road with flat terrain,Crossing,Asphalt roads,Dry,Daylight,Normal,Vehicle Collision,1,2,Moving forward,na,na,na,,,Not a Pedestrian,No priority to vehicle,Serious Injury
08:00:00,Tuesday,18-30,Male,Junior high school,Owner,Below 1yr,Taxi,Owner,2-5yrs,Residential areas,Two-way (divided with broken lines road marking),Gentle horizontal curve,Crossing,Asphalt roads,Dry,Daylight,Normal,Stationary Object Collision,1,2,Other,na,na,na,,,Not a Pedestrian,Changing lane to the left,Serious Injury
07:00:00,Tuesday,18-30,Male,Junior high school,Owner,2-5yr,Taxi,Owner,5-10yrs, Church areas,Two-way (divided with broken lines road marking),Tangent road with flat terrain,No junction,Asphalt roads,Dry,Daylight,Normal,Pedestrian Collision,2,1,Moving forward,na,na,na,Other,Normal,Not a Pedestrian,Driving carelessly,Slight Injury
07:00:00,Tuesday,31-50,Male,Elementary school,Employee,2-5yr,Long lorry,Owner,5-10yrs,Other,Two-way (divided with broken lines road marking),Tangent road with flat terrain,No junction,Asphalt roads,Dry,Daylight,Normal,Vehicle Collision,2,1,Turning,Female,Over 51,3,Driver,Normal,Not a Pedestrian,No priority to pedestrian,Slight Injury
14:00:00,Wednesday,Unknown,Male,Junior high school,Employee,2-5yr,Lorry (11 - 40 Quintal),Owner,Unknown,Residential areas,Two-way (divided with broken lines road marking),Tangent road with flat terrain,Y Shape,Asphalt roads,Dry,Daylight,Normal,Vehicle Collision,2,1,Moving forward,Female,31-50,3,Driver,Normal,Not a Pedestrian,No priority to pedestrian,Slight Injury
14:00:00,Wednesday,18-30,Male,Junior high school,Employee,2-5yr,Lorry (11 - 40 Quintal),Owner,2-5yrs,Other,Undivided Two way,Tangent road with flat terrain,Y Shape,Asphalt roads,Dry,Daylight,Normal,Vehicle Collision,2,1,Turning,Male,18-30,3,,,Not a Pedestrian,Changing lane to the right,Slight Injury
02:00:00,Thursday,31-50,Male,Junior high school,Employee,5-10yr,Long lorry,Owner,2-5yrs,Residential areas,Undivided Two way,Tangent road with flat terrain,Y Shape,Asphalt roads,Dry,Darkness - lights lit,Normal,Vehicle Collision,2,1,Moving forward,Male,31-50,3,Driver,Normal,Not a Pedestrian,Drunk driving,Slight Injury
02:00:00,Thursday,18-30,Male,Junior high school,Employee,5-10yr,Turbo,Owner,2-5yrs,Residential areas,Two-way (divided with broken lines road marking),Tangent road with flat terrain,Y Shape,Asphalt roads,Dry,Darkness - lights lit,Normal,Vehicle Collision,2,1,Moving backward,na,na,na,,,Not a Pedestrian,Changing lane to the left,Slight Injury
16:00:00,Thursday,Over 51,Unknown,Junior high school,Employee,Above 10yr,Long lorry,Owner,5-10yrs,Other,Two-way (divided with broken lines road marking),Tangent road with flat terrain,Crossing,Asphalt roads with some distress,Dry,Daylight,Normal,Vehicle Collision,2,4,Moving forward,na,na,na,Driver,Normal,Not a Pedestrian,Changing lane to the left,Slight Injury
16:00:00,Thursday,Over 51,Male,Elementary school,Employee,5-10yr,Long lorry,Owner,Unknown,Other,Two-way (divided with broken lines road marking),Tangent road with flat terrain,Crossing,Asphalt roads,Dry,Daylight,Normal,Vehicle Collision,2,4,Moving forward,Female,31-50,3,Driver,Normal,Not a Pedestrian,Driving to the left,Slight Injury