Time,Day,Age_band_of_driver,Sex_of_driver,Educational_level,Vehicle_driver_relation,Driving_experience,Type_of_vehicle,Owner_of_vehicle,Service_year_of_vehicle,Area_accident_occured,Lanes_or_Medians,Road_allignment,Types_of_Junction,Road_surface_type,Road_surface_conditions,Light_conditions,Weather_conditions,Type_of_collision,Number_of_vehicles_involved,Number_of_casualties,Vehicle_movement,Sex_of_casualty,Age_band_of_casualty,Casualty_severity,Work_of_casuality,Fitness_of_casuality,Pedestrian_movement,Cause_of_accident,Accident_severity
18:00:00,Wednesday,Unknown,Male,Junior high school,Employee,1-2yr,Automobile,Owner,5-10yrs, Church areas,Undivided Two way,Tangent road with flat terrain,Crossing,Asphalt roads,Dry,Darkness - lights lit,Normal,Stationary Object Collision,1,1,Moving forward,Male,Over 51,3,,Normal,Not a Pedestrian,No priority to vehicle,Slight Injury
12:00:00,Tuesday,31-50,Male,Junior high school,Employee,2-5yr,Other,Owner,Unknown,Office areas,Two-way (divided with broken lines road marking),Tangent road with mild grade and flat terrain,Y Shape,Asphalt roads,Dry,Daylight,Normal,Vehicle Collision,1,1,Turning,na,na,na,,Normal,Not a Pedestrian,Changing lane to the left,Slight Injury
08:00:00,Thursday,Under 18,Male,Junior high school,Employee,Above 10yr,Pick up upto 10 Quintal,Owner,Unknown,Office areas,Double carriageway (median),Tangent road with flat terrain,No junction,Asphalt roads,Dry,Daylight,Normal,Stationary Object Collision,1,2,Moving backward,Male,18-30,3,,,Not a Pedestrian,No priority to pedestrian,Slight Injury
08:00:00,Thursday,Under 18,Male,Junior high school,Employee,2-5yr,Lorry (41 - 100 Quintal),Organization,5-10yrs, Church areas,Two-way (divided with broken lines road marking),Tangent road with flat terrain,No junction,Asphalt roads,Dry,Daylight,Normal,Vehicle Collision,1,2,Moving forward,na,na,na,Driver,Normal,Not a Pedestrian,Overtaking,Slight Injury
10:00:00,Thursday,31-50,Male,Elementary school,Employee,5-10yr,Automobile,Organization,2-5yrs,Other,Undivided Two way,Tangent road with mountainous terrain and,Crossing,Earth roads,Dry,Daylight,Normal,Vehicle Collision,1,1,Moving backward,Male,18-30,3,Self-employed,Normal,Not a Pedestrian,Driving carelessly,Slight Injury
14:00:00,Thursday,18-30,Male,Junior high school,Employee,5-10yr,Automobile,Owner,Unknown,Other,Undivided Two way,Tangent road with flat terrain,Y Shape,Asphalt roads,Dry,Daylight,Normal,Stationary Object Collision,1,1,Moving forward,na,na,na,,,Not a Pedestrian,No priority to vehicle,Slight Injury
16:00:00,Thursday,31-50,Male,Elementary school,Employee,1-2yr,Lorry (41 - 100 Quintal),Owner,Unknown, Church areas,Undivided Two way,Tangent road with flat terrain,Y Shape,Asphalt roads,Dry,Daylight,Normal,Vehicle Collision,1,1,Moving forward,Male,18-30,3,Driver,Normal,Not a Pedestrian,No priority to pedestrian,Slight Injury
17:00:00,Thursday,31-50,Male,Elementary school,Employee,5-10yr,Automobile,Owner,5-10yrs, Industrial areas,Two-way (divided with broken lines road marking),Tangent road with mild grade and flat terrain,Y Shape,Asphalt roads,Dry,Darkness - lights lit,Normal,Vehicle Collision,1,1,Moving forward,Male,Over 51,2,Driver,Normal,Not a Pedestrian,Changing lane to the right,Slight Injury
23:00:00,Saturday,18-30,Male,Elementary school,Employee,5-10yr,Other,Owner,Unknown,Office areas,Undivided Two way,Tangent road with flat terrain,No junction,Asphalt roads,Dry,Darkness - lights lit,Normal,Stationary Object Collision,2,1,Moving forward,Male,Over 51,2,Driver,Normal,Crossing from nearside - masked by parked or statioNot a Pedestrianry vehicle,Driving carelessly,Slight Injury
23:00:00,Saturday,18-30,Male,Junior high school,Employee,1-2yr,Automobile,Owner,Unknown,School areas,Undivided Two way,Tangent road with flat terrain,No junction,Asphalt roads,Dry,Darkness - lights lit,Normal,Stationary Object Collision,2,1,Moving forward,Female,18-30,3,Driver,Normal,Not a Pedestrian,Changing lane to the right,Slight Injury
22:00:00,Saturday,Under 18,Male,Junior high school,Employee,5-10yr,Automobile,Owner,Unknown,Other,Undivided Two way,Tangent road with flat terrain,Y Shape,Asphalt roads,Dry,Darkness - lights lit,Normal,Vehicle Collision,2,1,Moving forward,Male,18-30,3,Self-employed,Normal,Not a Pedestrian,Changing lane to the right,Slight Injury
22:00:00,Saturday,Unknown,Male,Junior high school,Employee,5-10yr,Automobile,Owner,Unknown, Church areas,One way,Tangent road with flat terrain,Y Shape,Asphalt roads,Dry,Darkness - lights lit,Normal,Vehicle Collision,2,1,Moving forward,na,na,na,,,Not a Pedestrian,Changing lane to the left,Slight Injury
10:00:00,Friday,18-30,Male,Junior high school,Employee,2-5yr,Automobile,Owner,Unknown,Office areas,Undivided Two way,Tangent road with flat terrain,No junction,Asphalt roads,Wet or damp,Daylight,Normal,Vehicle Collision,1,1,Moving forward,Male,18-30,3,,,Not a Pedestrian,Overturning,Slight Injury
19:00:00,Saturday,18-30,Male,Junior high school,Employee,1-2yr,Lorry (41 - 100 Quintal),Owner,Unknown,Other,other,Steep grade downward with mountainous terrain,Crossing,Asphalt roads,Wet or damp,Darkness - lights lit,Normal,Vehicle Collision,2,1,Moving forward,Male,31-50,3,Driver,Normal,Not a Pedestrian,Driving carelessly,Slight Injury
19:00:00,Saturday,18-30,Male,Junior high school,Employee,5-10yr,Other,Owner,2-5yrs,Other,other,Tangent road with flat terrain,Crossing,Asphalt roads,Wet or damp,Darkness - lights lit,Normal,Vehicle Collision,2,1,Moving forward,Female,31-50,3,Driver,Normal,Not a Pedestrian,No distancing,Slight Injury
15:00:00,Sunday,18-30,Male,Junior high school,Employee,Below 1yr,Pick up upto 10 Quintal,Owner,Unknown,Other,Two-way (divided with broken lines road marking),Tangent road with flat terrain,Y Shape,Asphalt roads,Dry,Daylight,Normal,Vehicle Collision,2,1,Moving forward,na,na,na,,,Not a Pedestrian,Driving carelessly,Slight Injury
15:00:00,Sunday,18-30,Male,Junior high school,Employee,5-10yr,Stationwagen,Owner,2-5yrs,Other,One way,Tangent road with flat terrain,Y Shape,Asphalt roads,Dry,Daylight,Normal,Vehicle Collision,2,1,Other,Male,31-50,2,Self-employed,Normal,Not a Pedestrian,Changing lane to the left,Slight Injury
19:00:00,Friday,31-50,Male,Junior high school,Owner,5-10yr,Other,Owner,Above 10yr, Church areas,Two-way (divided with broken lines road marking),Tangent road with mild grade and flat terrain,No junction,Asphalt roads,Dry,Darkness - lights lit,Normal,Vehicle Collision,2,1,Other,Male,Under 18,3,,,Not a Pedestrian,No priority to vehicle,Slight Injury
19:00:00,Friday,18-30,Male,Junior high school,Owner,5-10yr,Pick up upto 10 Quintal,Governmental,2-5yrs,Residential areas,Two-way (divided with broken lines road marking),Tangent road with flat terrain,No junction,Asphalt roads,Dry,Darkness - lights lit,Normal,Vehicle Collision,2,1,Moving forward,Female,18-30,3,,,Not a Pedestrian,Changing lane to the right,Slight Injury
17:00:00,Friday,Unknown,Male,Junior high school,Employee,5-10yr,Stationwagen,Owner,2-5yrs,Office areas,Two-way (divided with broken lines road marking),Tangent road with mild grade and flat terrain,Unknown,Asphalt roads,Wet or damp,Darkness - lights lit,Raining,Vehicle Collision,2,1,Moving forward,na,na,na,Driver,Normal,Not a Pedestrian,No distancing,Slight Injury
17:00:00,Friday,Unknown,Male,High school,Employee,2-5yr,Lorry (41 - 100 Quintal),Owner,2-5yrs,Other,Two-way (divided with broken lines road marking),Tangent road with flat terrain,Unknown,Asphalt roads,Wet or damp,Darkness - lights lit,Raining,Vehicle Collision,2,1,Exiting,Male,31-50,3,Driver,Normal,Not a Pedestrian,Moving Backward,Slight Injury
07:00:00,Friday,Over 51,Male,Above high school,Employee,5-10yr,Automobile,Owner,2-5yrs,Office areas,Two-way (divided with broken lines road marking),Tangent road with mild grade and flat terrain,No junction,Asphalt roads,Dry,Daylight,Normal,Vehicle Collision,2,1,Moving forward,Female,Over 51,2,Driver,Normal,Not a Pedestrian,Moving Backward,Slight Injury
07:00:00,Friday,Unknown,Male,Junior high school,Employee,Above 10yr,Automobile,Owner,2-5yrs,Other,Two-way (divided with broken lines road marking),Tangent road with flat terrain,No junction,Asphalt roads,Dry,Daylight,Normal,Vehicle Collision,2,1,Moving forward,Female,18-30,3,Driver,Normal,Crossing from nearside - masked by parked or statioNot a Pedestrianry vehicle,No distancing,Slight Injury
14:00:00,Tuesday,18-30,Male,Junior high school,Employee,Below 1yr,Automobile,Owner,1-2yr, Church areas,Undivided Two way,Tangent road with flat terrain,Y Shape,Asphalt roads,Dry,Daylight,Normal,Vehicle Collision,1,1,Moving forward,Male,18-30,3,Driver,Normal,Not a Pedestrian,No distancing,Slight Injury
12:00:00,Monday,31-50,Male,Elementary school,Employee,5-10yr,Automobile,Owner,Unknown,Office areas,Two-way (divided with broken lines road marking),Tangent road with flat terrain,Crossing,Asphalt roads,Wet or damp,Daylight,Normal,Vehicle Collision,3,1,Moving forward,na,na,na,Driver,Normal,Not a Pedestrian,No distancing,Slight Injury
12:00:00,Monday,31-50,Male,Elementary school,Employee,2-5yr,Turbo,Owner,Unknown,Other,Two-way (divided with broken lines road marking),Tangent road with flat terrain,Crossing,Asphalt roads,Wet or damp,Daylight,Normal,Vehicle Collision,3,1,Moving forward,Male,18-30,3,Self-employed,Normal,Not a Pedestrian,No priority to pedestrian,Slight Injury
12:00:00,Monday,18-30,Male,Junior high school,Employee,2-5yr,Automobile,Owner,Unknown,Other,Two-way (divided with broken lines road marking),Tangent road with flat terrain,Crossing,Asphalt roads,Wet or damp,Daylight,Normal,Vehicle Collision,3,1,Exiting,na,na,na,Driver,Normal,Not a Pedestrian,Driving carelessly,Slight Injury
18:00:00,Tuesday,Unknown,Male,Junior high school,Employee,1-2yr,Stationwagen,Owner,Above 10yr,School areas,Two-way (divided with broken lines road marking),Tangent road with flat terrain,Y Shape,Asphalt roads,Dry,Darkness - lights lit,Normal,Vehicle Collision,2,1,Moving forward,na,na,na,Driver,Normal,Not a Pedestrian,Changing lane to the right,Slight Injury
18:00:00,Tuesday,Over 51,Male,Junior high school,Employee,2-5yr,Automobile,Owner,Unknown, Church areas,Double carriageway (median),Tangent road with mild grade and flat terrain,Y Shape,Asphalt roads,Dry,Darkness - lights lit,Normal,Stationary Object Collision,2,1,Moving forward,Male,18-30,3,,,Not a Pedestrian,Changing lane to the left,Slight Injury
12:00:00,Tuesday,Over 51,Male,Junior high school,Employee,2-5yr,Automobile,Owner,Unknown,School areas,Undivided Two way,Tangent road with flat terrain,Y Shape,Asphalt roads,Dry,Daylight,Normal,Vehicle Collision,1,1,Other,Male,31-50,3,Driver,Normal,Not a Pedestrian,Driving carelessly,Slight Injury
15:00:00,Tuesday,18-30,Male,Junior high school,Employee,Above 10yr,Automobile,Owner,2-5yrs,Residential areas,Double carriageway (median),Tangent road with flat terrain,Crossing,Asphalt roads,Dry,Daylight,Normal,Pedestrian Collision,1,1,Moving forward,Male,31-50,3,Driver,Normal,Not a Pedestrian,Driving carelessly,Slight Injury
19:00:00,Tuesday,Unknown,Male,High school,Employee,Below 1yr,Pick up upto 10 Quintal,Owner,Unknown,Office areas,Two-way (divided with broken lines road marking),Tangent road with flat terrain,No junction,Asphalt roads,Dry,Darkness - lights lit,Normal,Vehicle Collision,1,1,Moving forward,Male,Under 18,3,Employee,Normal,Not a Pedestrian,No distancing,Slight Injury
09:00:00,Wednesday,18-30,Male,Junior high school,Employee,2-5yr,Lorry (41 - 100 Quintal),Owner,Unknown,Office areas,Undivided Two way,Tangent road with flat terrain,Crossing,Asphalt roads,Dry,Daylight,Normal,Stationary Object Collision,2,1,Moving forward,na,na,na,,,Not a Pedestrian,Other,Slight Injury
09:00:00,Wednesday,31-50,Male,High school,Employee,Above 10yr,Lorry (41 - 100 Quintal),Governmental,5-10yrs, Church areas,Two-way (divided with broken lines road marking),Tangent road with flat terrain,Crossing,Asphalt roads,Dry,Daylight,Normal,Vehicle Collision,2,1,Moving forward,Male,31-50,3,Driver,Normal,Unknown or other,Changing lane to the right,Slight Injury
17:00:00,Wednesday,Unknown,Male,Junior high school,Employee,Above 10yr,Automobile,Owner,2-5yrs,Residential areas,Undivided Two way,Tangent road with flat terrain,No junction,Asphalt roads,Dry,Darkness - lights lit,Normal,Vehicle Collision,1,1,Moving forward,Male,31-50,3,Self-employed,Normal,"In carriageway, statioNot a Pedestrianry - not crossing  (standing or playing)",Changing lane to the right,Serious Injury
14:00:00,Friday,31-50,Male,High school,Employee,5-10yr,Lorry (41 - 100 Quintal),Owner,Unknown,Office areas,other,Tangent road with flat terrain,No junction,Asphalt roads,Dry,Daylight,Normal,Vehicle Collision,2,1,Moving backward,Male,18-30,3,Self-employed,Normal,Not a Pedestrian,No distancing,Slight Injury
14:00:00,Friday,Unknown,Male,Junior high school,Employee,Above 10yr,Lorry (41 - 100 Quintal),Owner,2-5yrs,Residential areas,One way,Tangent road with flat terrain,No junction,Asphalt roads,Dry,Daylight,Normal,Vehicle Collision,2,1,Other,na,na,na,Employee,Normal,Not a Pedestrian,No distancing,Slight Injury
08:00:00,Thursday,31-50,Male,Junior high school,Employee,1-2yr,Lorry (41 - 100 Quintal),Owner,2-5yrs,Other,Two-way (divided with broken lines road marking),Tangent road with flat terrain,Y Shape,Asphalt roads,Dry,Daylight,Normal,Vehicle Collision,2,1,Moving forward,Female,Over 51,3,Driver,Normal,Not a Pedestrian,Overturning,Serious Injury
08:00:00,Thursday,31-50,Male,Junior high school,Employee,2-5yr,Lorry (41 - 100 Quintal),Governmental,2-5yrs,Other,Two-way (divided with broken lines road marking),Tangent road with flat terrain,Y Shape,Asphalt roads,Dry,Daylight,Normal,Self-accident,2,1,Moving forward,na,na,na,Driver,Normal,Not a Pedestrian,Driving at high speed,Serious Injury
12:00:00,Thursday,31-50,Male,Elementary school,Employee,2-5yr,Automobile,Owner,Unknown,Residential areas,Two-way (divided with broken lines road marking),Tangent road with flat terrain,Other,Asphalt roads,Wet or damp,Daylight,Normal,Stationary Object Collision,1,2,Moving forward,na,na,na,Employee,Normal,Not a Pedestrian,No priority to vehicle,Slight Injury
12:00:00,Thursday,31-50,Male,Elementary school,Other,5-10yr,Automobile,Owner,5-10yrs, Industrial areas,Undivided Two way,Tangent road with flat terrain,Other,Asphalt roads,Wet or damp,Daylight,Normal,Vehicle Collision,1,2,Moving forward,Male,31-50,3,Self-employed,Normal,Not a Pedestrian,No priority to pedestrian,Slight Injury
20:00:00,Thursday,18-30,Male,Junior high school,Employee,5-10yr,Automobile,Owner,2-5yrs,Other,Undivided Two way,Steep grade downward with mountainous terrain,No junction,Asphalt roads,Dry,Darkness - lights lit,Normal,Stationary Object Collision,1,1,Moving forward,na,na,na,Driver,Normal,Not a Pedestrian,No priority to vehicle,Slight Injury
02:00:00,Friday,31-50,Male,High school,Owner,5-10yr,Public (13 - 45 seats),Owner,1-2yr,Office areas,Undivided Two way,Tangent road with flat terrain,No junction,Asphalt roads,Wet or damp,Darkness - lights lit,Raining,Vehicle Collision,1,1,Moving forward,Male,Under 18,3,Driver,Normal,Not a Pedestrian,Other,Slight Injury
13:00:00,Saturday,31-50,Male,Junior high school,Employee,Above 10yr,Automobile,Organization,2-5yrs,Other,Two-way (divided with broken lines road marking),Tangent road with mountainous terrain and,No junction,Asphalt roads,Dry,Daylight,Normal,Vehicle Collision,1,1,Moving forward,na,na,na,Self-employed,Normal,Not a Pedestrian,Other,Serious Injury
00:00:00,Sunday,31-50,Male,Junior high school,Employee,Below 1yr,Public (13 - 45 seats),Governmental,1-2yr,Other,Undivided Two way,Tangent road with flat terrain,Crossing,Asphalt roads,Dry,Darkness - lights lit,Normal,Vehicle Collision,2,2,Moving forward,Male,18-30,3,Driver,Normal,Not a Pedestrian,Moving Backward,Slight Injury
00:00:00,Sunday,18-30,Male,Junior high school,Other,Below 1yr,Public (13 - 45 seats),Owner,Unknown,Other,Two-way (divided with broken lines road marking),Tangent road with flat terrain,Crossing,Asphalt roads,Dry,Darkness - lights lit,Normal,Vehicle Collision,2,2,Moving forward,na,na,na,Driver,Normal,Not a Pedestrian,No distancing,Slight Injury
00:00:00,Sunday,18-30,Male,Junior high school,Employee,Above 10yr,Automobile,Owner,2-5yrs,Other,Double carriageway (median),Tangent road with flat terrain,Crossing,Asphalt roads,Dry,Darkness - lights lit,Normal,Vehicle Collision,2,2,Moving backward,Male,18-30,3,Driver,Normal,Not a Pedestrian,Moving Backward,Slight Injury
13:00:00,Sunday,18-30,Male,High school,Owner,5-10yr,Lorry (11 - 40 Quintal),Owner,Unknown,Office areas,Undivided Two way,Tangent road with flat terrain,No junction,Asphalt roads,Wet or damp,Daylight,Normal,Stationary Object Collision,2,3,Moving backward,Male,31-50,3,Self-employed,Normal,Not a Pedestrian,No priority to vehicle,Slight Injury
13:00:00,Sunday,18-30,Male,Elementary school,Owner,5-10yr,Automobile,Governmental,1-2yr,Other,Two-way (divided with broken lines road marking),Tangent road with flat terrain,No junction,Asphalt roads,Wet or damp,Daylight,Normal,Vehicle Collision,2,3,Turning,na,na,na,Employee,Normal,Not a Pedestrian,Driving carelessly,Slight Injury
13:00:00,Sunday,Over 51,Male,Junior high school,Employee,2-5yr,Lorry (41 - 100 Quintal),Owner,Unknown,Other,other,Tangent road with flat terrain,No junction,Asphalt roads,Wet or damp,Daylight,Normal,Stationary Object Collision,2,3,Other,Male,18-30,3,,,Not a Pedestrian,No distancing,Slight Injury
14:00:00,Sunday,31-50,Male,Junior high school,Employee,2-5yr,Other,Organization,Unknown,Other,Two-way (divided with broken lines road marking),Tangent road with flat terrain,Crossing,Asphalt roads,Wet or damp,Daylight,Raining,Vehicle Collision,2,1,Other,Male,18-30,3,Self-employed,Normal,Not a Pedestrian,Other,Slight Injury
14:00:00,Sunday,18-30,Male,Above high school,Employee,5-10yr,Pick up upto 10 Quintal,Owner,Above 10yr,Other,other,Steep grade downward with mountainous terrain,Crossing,Asphalt roads,Wet or damp,Daylight,Raining,Vehicle Collision,2,1,Moving forward,Male,31-50,3,Driver,Normal,Unknown or other,Changing lane to the right,Slight Injury
12:00:00,Thursday,18-30,Male,Junior high school,Owner,2-5yr,Lorry (11 - 40 Quintal),Owner,Unknown,Office areas,Undivided Two way,Tangent road with flat terrain,No junction,Asphalt roads,Dry,Daylight,Normal,Vehicle Collision,2,2,Moving forward,na,na,na,Driver,Normal,Not a Pedestrian,No distancing,Slight Injury
12:00:00,Thursday,18-30,Male,Junior high school,Employee,5-10yr,Motorcycle,Owner,Unknown,Office areas,One way,Tangent road with flat terrain,No junction,Asphalt roads,Dry,Daylight,Normal,Vehicle Collision,2,2,Other,Male,18-30,3,Driver,Normal,Not a Pedestrian,Driving carelessly,Slight Injury
12:00:00,Thursday,Unknown,Male,Junior high school,Employee,2-5yr,Pick up upto 10 Quintal,Owner,Above 10yr, Church areas,other,Tangent road with flat terrain,No junction,Asphalt roads,Dry,Daylight,Normal,Vehicle Collision,2,2,Other,Male,31-50,3,Driver,Normal,Not a Pedestrian,No distancing,Slight Injury
18:00:00,Tuesday,18-30,Male,Junior high school,Employee,5-10yr,Lorry (11 - 40 Quintal),Owner,Unknown,Office areas,Double carriageway (median),Tangent road with flat terrain,No junction,Asphalt roads,Dry,Darkness - lights lit,Normal,Vehicle Collision,1,1,Moving forward,Male,18-30,3,Self-employed,Normal,Crossing from nearside - masked by parked or statioNot a Pedestrianry vehicle,No priority to vehicle,Slight Injury
06:00:00,Wednesday,Unknown,Male,Junior high school,Employee,2-5yr,Lorry (11 - 40 Quintal),Owner,Above 10yr,Office areas,other,Tangent road with flat terrain,No junction,Asphalt roads,Wet or damp,Darkness - lights lit,Raining,Vehicle Collision,2,1,Moving backward,Female,Under 18,3,Driver,Normal,Crossing from driver's nearside,Changing lane to the right,Slight Injury
06:00:00,Wednesday,18-30,Male,Elementary school,Employee,1-2yr,Automobile,Owner,Unknown,Office areas,Two-way (divided with broken lines road marking),Tangent road with flat terrain,No junction,Asphalt roads,Wet or damp,Darkness - lights lit,Raining,Vehicle Collision,2,1,Other,Male,18-30,3,Driver,Normal,Not a Pedestrian,No priority to pedestrian,Slight Injury
19:00:00,Saturday,Unknown,Male,High school,Employee,5-10yr,Automobile,Owner,Unknown,Office areas,One way,Tangent road with flat terrain,Crossing,Asphalt roads,Dry,Darkness - lights lit,Normal,Vehicle Collision,1,1,Turning,Female,Over 51,3,,,Not a Pedestrian,No priority to vehicle,Serious Injury
12:00:00,Wednesday,Over 51,Male,Junior high school,Owner,1-2yr,Other,Owner,2-5yrs,Residential areas,Undivided Two way,Tangent road with flat terrain,Other,Asphalt roads,Dry,Daylight,Normal,Vehicle Collision,2,1,Moving forward,na,na,na,Self-employed,Normal,Not a Pedestrian,Changing lane to the left,Slight Injury
12:00:00,Wednesday,31-50,Male,Junior high school,Employee,2-5yr,Other,Owner,Above 10yr,Residential areas,other,Tangent road with flat terrain,Other,Asphalt roads,Dry,Daylight,Normal,Vehicle Collision,2,1,Moving forward,Female,Over 51,3,Driver,Normal,Not a Pedestrian,Turnover,Slight Injury
12:00:00,Wednesday,18-30,Male,Junior high school,Employee,1-2yr,Automobile,Owner,5-10yrs,Residential areas,Undivided Two way,Tangent road with flat terrain,Other,Asphalt roads,Dry,Daylight,Normal,Self-accident,2,1,Moving forward,Male,31-50,3,Driver,Normal,Not a Pedestrian,Driving to the left,Slight Injury
12:00:00,Wednesday,18-30,Male,Elementary school,Employee,Above 10yr,Taxi,Owner,5-10yrs,Office areas,Double carriageway (median),Tangent road with flat terrain,Other,Asphalt roads,Dry,Daylight,Normal,Stationary Object Collision,2,1,Moving forward,Male,Over 51,3,Driver,Normal,Not a Pedestrian,Driving carelessly,Slight Injury
16:00:00,Friday,31-50,Male,Junior high school,Employee,2-5yr,Other,Owner,Unknown,Residential areas,Two-way (divided with broken lines road marking),Steep grade downward with mountainous terrain,No junction,Asphalt roads,Dry,Daylight,Normal,Vehicle Collision,1,2,Moving forward,Male,18-30,3,Other,Normal,Not a Pedestrian,Driving to the left,Slight Injury
16:00:00,Friday,31-50,Male,Junior high school,Employee,2-5yr,Taxi,Governmental,Unknown,Other,Two-way (divided with broken lines road marking),Tangent road with flat terrain,No junction,Asphalt roads,Dry,Daylight,Normal,Vehicle Collision,1,2,Moving forward,na,na,na,Employee,Normal,Not a Pedestrian,Driving carelessly,Slight Injury
18:00:00,Tuesday,Under 18,Male,Junior high school,Employee,2-5yr,Lorry (11 - 40 Quintal),Governmental,Below 1yr,Other,Two-way (divided with broken lines road marking),Tangent road with flat terrain,No junction,Asphalt roads,Dry,Darkness - lights lit,Normal,Stationary Object Collision,2,1,Moving forward,na,na,na,Driver,Normal,Not a Pedestrian,No priority to pedestrian,Slight Injury
18:00:00,Tuesday,Unknown,Male,Junior high school,Employee,2-5yr,Automobile,Owner,Unknown,Other,Two-way (divided with broken lines road marking),,No junction,Asphalt roads,Dry,Darkness - lights lit,Normal,Vehicle Collision,2,1,Moving forward,Male,18-30,3,Self-employed,Normal,Not a Pedestrian,Driving carelessly,Slight Injury
19:00:00,Saturday,Unknown,Male,Elementary school,Employee,2-5yr,Other,Owner,Unknown,School areas,Double carriageway (median),Tangent road with flat terrain,Other,Asphalt roads,Dry,Darkness - lights lit,Normal,Vehicle Collision,1,1,Moving forward,Male,18-30,3,Driver,Normal,Not a Pedestrian,Changing lane to the right,Slight Injury
05:00:00,Friday,31-50,Male,Junior high school,Employee,2-5yr,Automobile,Owner,Unknown,School areas,Double carriageway (median),Tangent road with flat terrain,No junction,Asphalt roads,Dry,Darkness - lights lit,Normal,Vehicle Collision,1,1,Other,na,na,na,,,Not a Pedestrian,Moving Backward,Slight Injury
21:00:00,Thursday,Unknown,Male,Elementary school,Employee,5-10yr,Automobile,Owner,2-5yrs,School areas,Undivided Two way,Tangent road with flat terrain,Y Shape,Asphalt roads,Dry,Darkness - lights lit,Normal,Self-accident,1,1,Moving forward,Male,31-50,3,Driver,Normal,Not a Pedestrian,Driving carelessly,Slight Injury
08:00:00,Thursday,18-30,Male,Elementary school,Employee,2-5yr,Automobile,Owner,Unknown,Residential areas,One way,Tangent road with flat terrain,No junction,Asphalt roads,Dry,Daylight,Normal,Self-accident,3,1,Moving forward,na,na,na,Driver,Normal,Not a Pedestrian,Changing lane to the right,Slight Injury
08:00:00,Thursday,Unknown,Female,Junior high school,Employee,Above 10yr,Automobile,Owner,Unknown,Other,Undivided Two way,Tangent road with flat terrain,No junction,Asphalt roads,Dry,Daylight,Normal,Pedestrian Collision,3,1,Moving backward,na,na,na,Self-employed,Normal,Not a Pedestrian,Driving carelessly,Slight Injury
08:00:00,Thursday,Unknown,Female,Junior high school,Employee,Above 10yr,Lorry (41 - 100 Quintal),Owner,Unknown,Office areas,Two-way (divided with broken lines road marking),Tangent road with flat terrain,No junction,Asphalt roads,Dry,Daylight,Normal,Vehicle Collision,3,1,Moving forward,na,na,na,Self-employed,Normal,Not a Pedestrian,Driving carelessly,Slight Injury
03:00:00,Wednesday,Unknown,Male,High school,Employee,Above 10yr,Other,Owner,5-10yrs,Other,Two-way (divided with broken lines road marking),Tangent road with flat terrain,No junction,Asphalt roads,Dry,Darkness - lights lit,Normal,Vehicle Collision,1,1,Moving backward,Male,31-50,3,Driver,Normal,Not a Pedestrian,Driving carelessly,Serious Injury
04:00:00,Saturday,31-50,Male,Junior high school,Employee,5-10yr,Pick up upto 10 Quintal,Owner,Above 10yr,School areas,Undivided Two way,Tangent road with flat terrain,No junction,Asphalt roads,Dry,Darkness - lights lit,Normal,Vehicle Collision,2,4,Other,Female,18-30,3,Driver,Normal,Not a Pedestrian,Changing lane to the right,Slight Injury
04:00:00,Saturday,31-50,Male,Junior high school,Owner,2-5yr,Pick up upto 10 Quintal,Owner,5-10yrs,Other,Double carriageway (median),Tangent road with flat terrain,No junction,Asphalt roads,Dry,Darkness - lights lit,Normal,Pedestrian Collision,2,4,Moving forward,na,na,na,Self-employed,Normal,Not a Pedestrian,Changing lane to the right,Slight Injury
04:00:00,Saturday,31-50,Male,Elementary school,Employee,1-2yr,Automobile,Owner,2-5yrs, Industrial areas,Two-way (divided with broken lines road marking),Tangent road with flat terrain,No junction,Asphalt roads,Dry,Darkness - lights lit,Normal,Pedestrian Collision,2,4,Moving backward,na,na,na,Driver,Normal,Not a Pedestrian,Driving carelessly,Slight Injury
04:00:00,Saturday,31-50,Male,Junior high school,Employee,2-5yr,Long lorry,Owner,2-5yrs,Other,Two-way (divided with broken lines road marking),Tangent road with flat terrain,No junction,Asphalt roads,Dry,Darkness - lights lit,Normal,Vehicle Collision,2,4,Moving forward,Male,18-30,3,Self-employed,Normal,Not a Pedestrian,Overtaking,Slight Injury
06:00:00,Saturday,31-50,Male,Junior high school,Employee,5-10yr,Automobile,Owner,Unknown,Office areas,Two-way (divided with broken lines road marking),Tangent road with flat terrain,Y Shape,Asphalt roads,Dry,Daylight,Normal,Vehicle Collision,2,1,Other,Male,18-30,3,Driver,Normal,Not a Pedestrian,Changing lane to the right,Slight Injury
06:00:00,Saturday,31-50,Male,Junior high school,Employee,5-10yr,Public (13 - 45 seats),Owner,Unknown,Other,Two-way (divided with broken lines road marking),Tangent road with flat terrain,Y Shape,Asphalt roads,Dry,Daylight,Normal,Vehicle Collision,2,1,Other,na,na,na,Driver,Normal,Not a Pedestrian,No distancing,Slight Injury