Time,Day,Age_band_of_driver,Sex_of_driver,Educational_level,Vehicle_driver_relation,Driving_experience,Type_of_vehicle,Owner_of_vehicle,Service_year_of_vehicle,Area_accident_occured,Lanes_or_Medians,Road_allignment,Types_of_Junction,Road_surface_type,Road_surface_conditions,Light_conditions,Weather_conditions,Type_of_collision,Number_of_vehicles_involved,Number_of_casualties,Vehicle_movement,Sex_of_casualty,Age_band_of_casualty,Casualty_severity,Work_of_casuality,Fitness_of_casuality,Pedestrian_movement,Cause_of_accident,Accident_severity
07:00:00,Wednesday,Unknown,Male,High school,Owner,5-10yr,Pick up upto 10 Quintal,Owner,Unknown,Residential areas,Two-way (divided with broken lines road marking),Tangent road with flat terrain,Crossing,Asphalt roads,Dry,Daylight,Normal,Stationary Object Collision,2,1,Moving forward,na,na,na,Driver,,Not a Pedestrian,No priority to pedestrian,Slight Injury
07:00:00,Tuesday,18-30,Male,Junior high school,Employee,5-10yr,Automobile,Owner,2-5yrs,Other,Undivided Two way,Tangent road with flat terrain,No junction,Asphalt roads,Wet or damp,Daylight,Raining,Vehicle Collision,1,1,Moving forward,Male,Under 18,3,,,Not a Pedestrian,Getting off the vehicle improperly,Slight Injury
07:00:00,Thursday,18-30,Male,Junior high school,Owner,1-2yr,Lorry (41 - 100 Quintal),Owner,2-5yrs,Residential areas,Undivided Two way,Tangent road with flat terrain,Y Shape,Asphalt roads,Dry,Daylight,Normal,Vehicle Collision,2,1,Turning,Female,Over 51,3,Unemployed,Normal,Not a Pedestrian,No distancing,Slight Injury
07:00:00,Thursday,Unknown,Male,Junior high school,Employee,2-5yr,Automobile,Owner,2-5yrs,Residential areas,Two-way (divided with broken lines road marking),Tangent road with flat terrain,Y Shape,Asphalt roads,Dry,Daylight,Normal,Vehicle Collision,2,1,Moving forward,Female,Over 51,3,Driver,Normal,Not a Pedestrian,Changing lane to the left,Slight Injury
17:00:00,Wednesday,Unknown,Male,Junior high school,Owner,5-10yr,Lorry (41 - 100 Quintal),Owner,5-10yrs,Other,Two-way (divided with broken lines road marking),Tangent road with flat terrain,No junction,Asphalt roads,Dry,Daylight,Normal,Vehicle Collision,1,1,Moving forward,Female,18-30,3,Driver,Normal,Not a Pedestrian,No priority to vehicle,Slight Injury
10:00:00,Saturday,31-50,Male,Junior high school,Owner,Above 10yr,Lorry (41 - 100 Quintal),Owner,Unknown,Other,Two-way (divided with broken lines road marking),Tangent road with flat terrain,No junction,Asphalt roads,Dry,Daylight,Normal,Vehicle Collision,2,1,Moving forward,na,na,na,Driver,Normal,Not a Pedestrian,No distancing,Slight Injury
10:00:00,Saturday,18-30,Male,High school,Employee,5-10yr,Lorry (41 - 100 Quintal),Owner,Unknown,Other,Undivided Two way,Tangent road with flat terrain,No junction,Asphalt roads,Dry,Daylight,Normal,Self-accident,2,1,Moving forward,na,na,na,,,Not a Pedestrian,No priority to pedestrian,Slight Injury
06:00:00,Monday,31-50,Male,High school,Owner,2-5yr,Public (13 - 45 seats),Owner,Unknown,Other,Double carriageway (median),Tangent road with flat terrain,Y Shape,Asphalt roads,Dry,Daylight,Normal,Vehicle Collision,2,1,Moving forward,Female,31-50,3,Driver,Normal,Not a Pedestrian,No priority to pedestrian,Slight Injury
06:00:00,Monday,18-30,Male,Junior high school,Employee,5-10yr,Automobile,Owner,Unknown,Residential areas,Two-way (divided with broken lines road marking),Tangent road with flat terrain,Y Shape,Asphalt roads,Dry,Daylight,Normal,Stationary Object Collision,2,1,Moving backward,na,na,na,Driver,Normal,Not a Pedestrian,No priority to vehicle,Slight Injury
08:00:00,Friday,31-50,Male,Elementary school,Employee,2-5yr,Other,Owner,2-5yrs,  Recreational areas,Undivided Two way,Tangent road with flat terrain,No junction,Asphalt roads,Dry,Daylight,Normal,Pedestrian Collision,1,1,Moving forward,na,na,na,Self-employed,Normal,Not a Pedestrian,Driving carelessly,Serious Injury
12:00:00,Friday,Under 18,Male,Elementary school,Employee,5-10yr,Other,Owner,Unknown,Other,other,Tangent road with flat terrain,Unknown,Asphalt roads,Dry,Daylight,Other,Vehicle Collision,1,1,Moving forward,Female,5,3,Driver,Normal,Not a Pedestrian,Changing lane to the right,Serious Injury
13:00:00,Friday,18-30,Male,Junior high school,Employee,1-2yr,Other,Owner,Unknown,Office areas,Undivided Two way,Tangent road with flat terrain,No junction,Asphalt roads,Dry,Daylight,Normal,Vehicle Collision,2,1,Turning,Male,18-30,3,,,Not a Pedestrian,Changing lane to the left,Slight Injury
13:00:00,Friday,31-50,Male,Junior high school,Employee,5-10yr,Automobile,Owner,Unknown,Other,Undivided Two way,Tangent road with flat terrain,No junction,Asphalt roads,Dry,Daylight,Normal,Vehicle Collision,2,1,Moving forward,na,na,na,Unknown,Normal,Not a Pedestrian,Moving Backward,Slight Injury
19:00:00,Friday,31-50,Male,Junior high school,Employee,5-10yr,Other,Owner,Unknown,Office areas,Undivided Two way,Tangent road with flat terrain,Crossing,Asphalt roads,Dry,Darkness - lights lit,Normal,Vehicle Collision,2,1,Moving forward,Female,Over 51,3,Driver,Normal,Not a Pedestrian,Driving carelessly,Slight Injury
19:00:00,Friday,31-50,Male,Elementary school,Employee,Above 10yr,Lorry (41 - 100 Quintal),Owner,Unknown,Office areas,One way,Tangent road with flat terrain,Crossing,Asphalt roads,Dry,Darkness - lights lit,Normal,Vehicle Collision,2,1,Moving forward,na,na,na,,,Not a Pedestrian,Driving to the left,Slight Injury
08:00:00,Saturday,Unknown,Male,Elementary school,Employee,Below 1yr,Public (12 seats),Owner,Unknown,Office areas,Undivided Two way,Tangent road with flat terrain,No junction,Asphalt roads,Dry,Daylight,Normal,Vehicle Collision,2,1,Moving forward,Female,18-30,3,Driver,Normal,Not a Pedestrian,Driving to the left,Slight Injury
08:00:00,Saturday,31-50,Male,Junior high school,Employee,2-5yr,Lorry (41 - 100 Quintal),Owner,Unknown,Other,Undivided Two way,Tangent road with flat terrain,No junction,Asphalt roads,Dry,Daylight,Normal,Vehicle Collision,2,1,Moving forward,na,na,na,Other,Normal,Not a Pedestrian,No priority to pedestrian,Slight Injury
12:00:00,Saturday,31-50,Male,Elementary school,Owner,1-2yr,Public (12 seats),Governmental,Unknown,Other,Double carriageway (median),Tangent road with flat terrain,Crossing,Asphalt roads,Dry,Daylight,Normal,Stationary Object Collision,1,1,Moving forward,Female,31-50,3,Other,Normal,Not a Pedestrian,Changing lane to the left,Slight Injury
19:00:00,Saturday,Over 51,Male,Junior high school,Owner,5-10yr,Lorry (41 - 100 Quintal),Owner,Unknown,Office areas,Two-way (divided with solid lines road marking),Tangent road with flat terrain,No junction,Asphalt roads,Dry,Darkness - lights lit,Normal,Self-accident,3,1,Moving backward,Male,18-30,3,Self-employed,Normal,Not a Pedestrian,Changing lane to the right,Slight Injury
19:00:00,Saturday,Unknown,Male,Junior high school,Employee,2-5yr,Other,Owner,Unknown,Residential areas,other,Tangent road with flat terrain,No junction,Asphalt roads,Dry,Darkness - lights lit,Normal,Vehicle Collision,3,1,Moving forward,na,na,na,Driver,Normal,Not a Pedestrian,Driving carelessly,Slight Injury
19:00:00,Saturday,31-50,Male,Junior high school,Employee,2-5yr,Lorry (41 - 100 Quintal),Governmental,2-5yrs,  Recreational areas,Undivided Two way,Tangent road with flat terrain,No junction,Asphalt roads,Dry,Darkness - lights lit,Normal,Pedestrian Collision,3,1,Moving forward,na,na,na,Driver,Normal,Not a Pedestrian,No distancing,Slight Injury
03:00:00,Sunday,18-30,Male,High school,Employee,2-5yr,Automobile,Owner,1-2yr,Other,other,Tangent road with flat terrain,Crossing,Asphalt roads,Dry,Darkness - lights lit,Normal,Vehicle Collision,2,1,Moving forward,Male,18-30,3,Driver,Normal,Not a Pedestrian,Getting off the vehicle improperly,Slight Injury
03:00:00,Sunday,Unknown,Male,Junior high school,Employee,Above 10yr,Public (> 45 seats),Owner,Above 10yr,Residential areas,other,Tangent road with flat terrain,Crossing,Asphalt roads,Dry,Darkness - lights lit,Normal,Vehicle Collision,2,1,Moving forward,Male,31-50,3,,,Not a Pedestrian,Driving under the influence of drugs,Slight Injury
01:00:00,Sunday,18-30,Male,Junior high school,Employee,2-5yr,Lorry (41 - 100 Quintal),Owner,Unknown,Other,other,Tangent road with flat terrain,Crossing,Asphalt roads,Dry,Darkness - lights lit,Normal,Pedestrian Collision,2,2,Moving backward,Male,Over 51,3,,,Not a Pedestrian,Changing lane to the right,Slight Injury
01:00:00,Sunday,18-30,Male,Junior high school,Employee,1-2yr,Other,Owner,Unknown,Other,other,Tangent road with flat terrain,Crossing,Asphalt roads,Dry,Darkness - lights lit,Normal,Pedestrian Collision,2,2,Moving forward,Female,18-30,3,Driver,Normal,Not a Pedestrian,Driving carelessly,Slight Injury
01:00:00,Sunday,31-50,Male,Junior high school,Employee,2-5yr,Other,Owner,5-10yrs,Other,One way,Tangent road with flat terrain,Crossing,Asphalt roads,Dry,Darkness - lights lit,Normal,Vehicle Collision,2,2,Other,Male,Under 18,3,Other,Normal,Not a Pedestrian,Moving Backward,Slight Injury
17:00:00,Monday,31-50,Male,Junior high school,Employee,5-10yr,Automobile,Owner,Unknown,Other,Two-way (divided with broken lines road marking),Tangent road with flat terrain,Y Shape,Asphalt roads,Dry,Daylight,Normal,Vehicle Collision,1,1,Other,na,na,na,Driver,Normal,Not a Pedestrian,Turnover,Slight Injury
12:00:00,Thursday,18-30,Male,Junior high school,Employee,1-2yr,Lorry (41 - 100 Quintal),Owner,2-5yrs,Other,other,Tangent road with flat terrain,Y Shape,Asphalt roads,Dry,Daylight,Normal,Vehicle Collision,2,1,Moving forward,Male,18-30,3,,,Not a Pedestrian,Changing lane to the right,Slight Injury
12:00:00,Thursday,Unknown,Male,Elementary school,Employee,1-2yr,Pick up upto 10 Quintal,Owner,Unknown,School areas,Undivided Two way,Tangent road with flat terrain,Y Shape,Asphalt roads,Dry,Daylight,Normal,Vehicle Collision,2,1,Moving forward,Male,31-50,3,Driver,Normal,Not a Pedestrian,Driving carelessly,Slight Injury
14:00:00,Monday,18-30,Male,Junior high school,Employee,2-5yr,Automobile,Owner,Unknown,Office areas,Two-way (divided with broken lines road marking),Tangent road with flat terrain,Crossing,Asphalt roads,Dry,Daylight,Normal,Vehicle Collision,2,1,Moving forward,na,na,na,Driver,Normal,Not a Pedestrian,No priority to vehicle,Slight Injury
14:00:00,Monday,Under 18,Male,Junior high school,Employee,Above 10yr,Automobile,Owner,Unknown,Office areas,Two-way (divided with broken lines road marking),Tangent road with flat terrain,Crossing,Asphalt roads,Dry,Daylight,Normal,Stationary Object Collision,2,1,Moving forward,Male,31-50,3,Employee,Normal,Not a Pedestrian,Moving Backward,Slight Injury
00:00:00,Tuesday,31-50,Male,Junior high school,Employee,Below 1yr,Other,Owner,5-10yrs,Office areas,Two-way (divided with broken lines road marking),Tangent road with flat terrain,Y Shape,Asphalt roads,Dry,Darkness - lights lit,Normal,Vehicle Collision,2,1,Other,na,na,na,,,Not a Pedestrian,Changing lane to the left,Slight Injury
00:00:00,Tuesday,31-50,Male,Junior high school,Employee,Above 10yr,Automobile,Owner,Unknown,School areas,,Tangent road with flat terrain,Y Shape,Asphalt roads with some distress,Dry,Darkness - lights lit,Normal,Vehicle Collision,2,1,Moving forward,Male,18-30,3,Student,Normal,Not a Pedestrian,Overturning,Slight Injury
09:00:00,Monday,31-50,Male,Elementary school,Owner,5-10yr,Stationwagen,Governmental,Unknown,School areas,Undivided Two way,Tangent road with flat terrain,No junction,Asphalt roads,Dry,Daylight,Normal,Vehicle Collision,1,1,Exiting,na,na,na,Driver,Normal,Not a Pedestrian,No distancing,Slight Injury
22:00:00,Tuesday,18-30,Male,Elementary school,Employee,Above 10yr,Other,Owner,Unknown,Office areas,Two-way (divided with broken lines road marking),Tangent road with flat terrain,Y Shape,Asphalt roads,Dry,Darkness - lights lit,Normal,Vehicle Collision,2,1,Moving forward,Male,Under 18,3,Self-employed,Normal,Not a Pedestrian,Driving carelessly,Slight Injury
22:00:00,Tuesday,Unknown,Male,Junior high school,Employee,1-2yr,Automobile,Owner,Unknown,Office areas,Two-way (divided with broken lines road marking),Tangent road with flat terrain,Y Shape,Asphalt roads,Dry,Darkness - lights lit,Normal,Vehicle Collision,2,1,Moving forward,Male,Over 51,2,Self-employed,Normal,Not a Pedestrian,No distancing,Slight Injury
07:00:00,Tuesday,31-50,Male,Junior high school,Employee,5-10yr,Ridden horse,Governmental,Above 10yr,School areas,Two-way (divided with broken lines road marking),Tangent road with flat terrain,Crossing,Asphalt roads,Dry,Daylight,Normal,Vehicle Collision,2,1,Moving forward,Male,18-30,3,Driver,Normal,Not a Pedestrian,Changing lane to the left,Serious Injury
07:00:00,Tuesday,31-50,Unknown,High school,Owner,5-10yr,Automobile,Owner,1-2yr,Other,Two-way (divided with broken lines road marking),Tangent road with flat terrain,Crossing,Gravel roads,Dry,Daylight,Normal,Vehicle Collision,2,1,Moving forward,Male,31-50,2,,,Not a Pedestrian,No priority to pedestrian,Serious Injury
09:00:00,Tuesday,18-30,Male,Elementary school,Employee,2-5yr,Other,Owner,Above 10yr,Other,Two-way (divided with broken lines road marking),Tangent road with flat terrain,Crossing,Asphalt roads,Dry,Daylight,Normal,Vehicle Collision,3,1,Moving forward,na,na,na,Driver,Normal,Not a Pedestrian,No distancing,Slight Injury
09:00:00,Tuesday,Under 18,Male,Junior high school,Employee,5-10yr,Lorry (41 - 100 Quintal),Owner,Below 1yr,Other,Undivided Two way,Tangent road with flat terrain,Crossing,Asphalt roads,Dry,Daylight,Normal,Vehicle Collision,3,1,Moving forward,Female,18-30,3,Driver,Normal,Not a Pedestrian,No distancing,Slight Injury
09:00:00,Tuesday,Unknown,Female,Junior high school,Employee,5-10yr,Lorry (41 - 100 Quintal),Owner,Above 10yr,Other,Two-way (divided with broken lines road marking),Tangent road with flat terrain,Crossing,Asphalt roads,Dry,Daylight,Normal,Vehicle Collision,3,1,Moving backward,Male,5,3,Self-employed,Normal,Crossing from offside - masked by  parked or statioNot a Pedestrianry vehicle,Changing lane to the left,Slight Injury
09:00:00,Wednesday,Over 51,Male,High school,Owner,1-2yr,Lorry (41 - 100 Quintal),Owner,Unknown,Residential areas,Undivided Two way,Tangent road with flat terrain,Crossing,Asphalt roads,Dry,Daylight,Normal,Vehicle Collision,1,1,Moving forward,na,na,na,Driver,Normal,Not a Pedestrian,No distancing,Slight Injury
15:00:00,Wednesday,31-50,Male,Junior high school,Employee,1-2yr,Stationwagen,Governmental,1-2yr,Other,Undivided Two way,Tangent road with flat terrain,No junction,Asphalt roads,Dry,Daylight,Normal,Vehicle Collision,1,1,Other,Male,31-50,3,,Normal,Not a Pedestrian,Changing lane to the left,Slight Injury
17:00:00,Wednesday,Over 51,Male,Junior high school,Employee,1-2yr,Lorry (41 - 100 Quintal),Owner,1-2yr,Other,Undivided Two way,Tangent road with flat terrain,Y Shape,Asphalt roads,Dry,Daylight,Normal,Vehicle Collision,1,1,Moving forward,na,na,na,Driver,Normal,Not a Pedestrian,No distancing,Slight Injury
18:00:00,Wednesday,18-30,Male,Junior high school,Employee,Above 10yr,Automobile,Owner,Unknown, Industrial areas,Undivided Two way,Tangent road with flat terrain,Y Shape,Asphalt roads,Dry,Darkness - lights lit,Normal,Vehicle Collision,2,1,Moving forward,Male,Under 18,3,,,Not a Pedestrian,No distancing,Slight Injury
18:00:00,Wednesday,18-30,Male,Junior high school,Employee,1-2yr,Automobile,Owner,Unknown,  Recreational areas,Undivided Two way,Tangent road with flat terrain,Y Shape,Asphalt roads,Dry,Darkness - lights lit,Normal,Vehicle Collision,2,1,Moving forward,na,na,na,Driver,Normal,Not a Pedestrian,No distancing,Slight Injury
18:00:00,Wednesday,18-30,Male,High school,Owner,Above 10yr,Pick up upto 10 Quintal,Owner,Above 10yr, Church areas,Two-way (divided with broken lines road marking),Tangent road with flat terrain,Crossing,Asphalt roads,Dry,Darkness - lights lit,Normal,Stationary Object Collision,2,1,Moving forward,Male,Under 18,3,,,Not a Pedestrian,Changing lane to the left,Slight Injury
18:00:00,Wednesday,18-30,Male,Junior high school,Employee,Above 10yr,Taxi,Owner,Unknown,Office areas,Two-way (divided with broken lines road marking),Tangent road with flat terrain,Crossing,Asphalt roads,Dry,Darkness - lights lit,Normal,Vehicle Collision,2,1,Moving forward,na,na,na,Self-employed,NormalNormal,Not a Pedestrian,Changing lane to the right,Slight Injury
12:00:00,Friday,31-50,Male,Junior high school,Employee,1-2yr,Automobile,Owner,Unknown,Other,Two-way (divided with broken lines road marking),Tangent road with flat terrain,No junction,Asphalt roads,Dry,Daylight,Normal,Vehicle Collision,1,1,Moving backward,Female,18-30,3,Driver,Normal,Not a Pedestrian,Moving Backward,Slight Injury
08:00:00,Friday,Over 51,Male,Junior high school,Employee,1-2yr,Automobile,Owner,Unknown,Office areas,Undivided Two way,Tangent road with flat terrain,No junction,Asphalt roads,Dry,Daylight,Normal,Vehicle Collision,2,1,Moving forward,Female,18-30,2,Driver,Normal,Unknown or other,Changing lane to the right,Slight Injury
08:00:00,Friday,18-30,Male,High school,Employee,2-5yr,Automobile,Owner,Unknown,Office areas,Two-way (divided with broken lines road marking),Tangent road with flat terrain,No junction,Asphalt roads,Dry,Daylight,Normal,Vehicle Collision,2,1,Moving forward,Male,18-30,3,Other,Normal,Not a Pedestrian,No distancing,Slight Injury
13:00:00,Thursday,31-50,Male,Junior high school,Employee,2-5yr,Long lorry,Owner,Unknown,Other,Two-way (divided with broken lines road marking),Tangent road with flat terrain,No junction,Earth roads,Dry,Daylight,Normal,Pedestrian Collision,1,1,Moving forward,na,na,na,,,Not a Pedestrian,Overtaking,Slight Injury
15:00:00,Thursday,18-30,Male,Junior high school,Employee,1-2yr,Public (12 seats),Owner,Above 10yr,Residential areas,Undivided Two way,Tangent road with flat terrain,No junction,Asphalt roads,Dry,Daylight,Normal,Vehicle Collision,2,2,Moving forward,na,na,na,,,Not a Pedestrian,Other,Slight Injury
15:00:00,Thursday,31-50,Male,Elementary school,Employee,5-10yr,Pick up upto 10 Quintal,Owner,Above 10yr,Office areas,other,Tangent road with mountainous terrain and,No junction,Asphalt roads,Dry,Daylight,Normal,Vehicle Collision,2,2,Moving forward,Female,18-30,3,Other,Normal,Not a Pedestrian,Other,Slight Injury
10:00:00,Thursday,31-50,Male,Junior high school,Employee,5-10yr,Automobile,Owner,Above 10yr,Residential areas,other,Tangent road with flat terrain,Y Shape,Asphalt roads,Dry,Daylight,Normal,Vehicle Collision,1,1,Moving forward,Female,31-50,3,Driver,Normal,Unknown or other,Changing lane to the right,Slight Injury
10:00:00,Friday,31-50,Male,Junior high school,Employee,1-2yr,Other,Owner,Unknown,School areas,Two-way (divided with broken lines road marking),Tangent road with flat terrain,Y Shape,Asphalt roads,Dry,Daylight,Normal,Vehicle Collision,2,1,Moving forward,na,na,na,Driver,Normal,Not a Pedestrian,No priority to pedestrian,Slight Injury
10:00:00,Friday,31-50,Male,Elementary school,Other,5-10yr,Lorry (41 - 100 Quintal),Owner,Above 10yr,Office areas,Two-way (divided with broken lines road marking),Sharp reverse curve,Y Shape,Earth roads,Dry,Daylight,Normal,Vehicle Collision,2,1,Moving forward,Female,18-30,3,,,Not a Pedestrian,No priority to vehicle,Slight Injury
10:00:00,Friday,18-30,Male,Junior high school,Employee,2-5yr,Automobile,Owner,5-10yrs,Other,other,Tangent road with flat terrain,Y Shape,Asphalt roads,Dry,Daylight,Normal,Vehicle Collision,1,1,Moving forward,Male,Over 51,3,Driver,Normal,Not a Pedestrian,Changing lane to the left,Slight Injury
11:00:00,Friday,31-50,Male,Elementary school,Employee,5-10yr,Pick up upto 10 Quintal,Owner,Above 10yr,Other,Undivided Two way,Tangent road with flat terrain,No junction,Asphalt roads,Dry,Daylight,Normal,Vehicle Collision,3,1,Moving forward,na,na,na,,,Not a Pedestrian,Changing lane to the left,Slight Injury
11:00:00,Friday,31-50,Male,Junior high school,Employee,Above 10yr,Lorry (41 - 100 Quintal),Owner,Above 10yr, Church areas,other,Tangent road with flat terrain,No junction,Earth roads,Dry,Daylight,Normal,Vehicle Collision,3,1,Moving forward,Female,Over 51,3,Driver,Normal,Not a Pedestrian,Overtaking,Slight Injury
11:00:00,Friday,Unknown,Female,Junior high school,Employee,Above 10yr,Lorry (41 - 100 Quintal),Owner,Unknown,Office areas,Two-way (divided with broken lines road marking),Tangent road with flat terrain,No junction,Asphalt roads,Dry,Daylight,Normal,Pedestrian Collision,3,1,Other,Male,18-30,3,Driver,Normal,Not a Pedestrian,No distancing,Slight Injury
15:00:00,Friday,18-30,Male,Elementary school,Owner,2-5yr,Long lorry,Owner,Unknown,Other,Two-way (divided with broken lines road marking),Tangent road with flat terrain,No junction,Asphalt roads,Dry,Daylight,Normal,Vehicle Collision,1,1,Moving forward,Male,18-30,3,,,Not a Pedestrian,No priority to vehicle,Slight Injury
14:00:00,Friday,Unknown,Male,Elementary school,Employee,5-10yr,Public (> 45 seats),Owner,Unknown,Office areas,Two-way (divided with broken lines road marking),Tangent road with mild grade and flat terrain,Other,Asphalt roads,Dry,Daylight,Normal,Vehicle Collision,1,1,Moving forward,Male,31-50,2,,,Not a Pedestrian,Changing lane to the right,Slight Injury
17:00:00,Friday,Unknown,Male,Junior high school,Owner,1-2yr,Public (> 45 seats),Owner,Unknown,Office areas,Two-way (divided with broken lines road marking),Tangent road with flat terrain,Y Shape,Asphalt roads,Dry,Daylight,Normal,Vehicle Collision,1,1,Moving forward,Female,18-30,3,,,Not a Pedestrian,Changing lane to the left,Slight Injury
06:00:00,Saturday,31-50,Male,Elementary school,Employee,Above 10yr,Automobile,Owner,Above 10yr,Office areas,Two-way (divided with broken lines road marking),Sharp reverse curve,Y Shape,Asphalt roads,Dry,Daylight,Normal,Vehicle Collision,2,1,Moving forward,na,na,na,,,Not a Pedestrian,No distancing,Slight Injury
06:00:00,Saturday,31-50,Male,Junior high school,Employee,5-10yr,Automobile,Owner,Above 10yr, Church areas,Undivided Two way,Sharp reverse curve,Y Shape,Asphalt roads,Dry,Daylight,Normal,Stationary Object Collision,2,1,Moving forward,Male,31-50,3,Other,Normal,Crossing from nearside - masked by parked or statioNot a Pedestrianry vehicle,Driving carelessly,Slight Injury
08:00:00,Saturday,Over 51,Male,Junior high school,Employee,2-5yr,Automobile,Owner,Above 10yr,Office areas,Undivided Two way,Gentle horizontal curve,No junction,Asphalt roads,Dry,Daylight,Normal,Vehicle Collision,2,1,Moving forward,na,na,na,Self-employed,Normal,Not a Pedestrian,No priority to pedestrian,Slight Injury
08:00:00,Saturday,31-50,Male,Elementary school,Employee,Above 10yr,Other,Owner,5-10yrs,Other,Double carriageway (median),Gentle horizontal curve,No junction,Asphalt roads,Dry,Daylight,Normal,Vehicle Collision,2,1,Moving backward,Male,5,3,,,Not a Pedestrian,Driving carelessly,Slight Injury
14:00:00,Saturday,Over 51,Male,Junior high school,Employee,2-5yr,Public (12 seats),Owner,Unknown,Other,Two-way (divided with broken lines road marking),Tangent road with flat terrain,Crossing,Asphalt roads,Dry,Daylight,Normal,Vehicle Collision,2,1,Moving forward,Male,18-30,2,Student,Normal,Not a Pedestrian,Moving Backward,Slight Injury
14:00:00,Saturday,18-30,Male,Elementary school,Employee,Above 10yr,Automobile,Owner,5-10yrs, Church areas,Unknown,Tangent road with mountainous terrain and,Crossing,Asphalt roads,Dry,Daylight,Normal,Vehicle Collision,2,1,Moving forward,Male,5,3,Other,Normal,Not a Pedestrian,No distancing,Slight Injury
01:00:00,Sunday,18-30,Male,Junior high school,Employee,Above 10yr,Stationwagen,Owner,1-2yr,School areas,Undivided Two way,Tangent road with flat terrain,Y Shape,Asphalt roads,Dry,Darkness - lights lit,Normal,Vehicle Collision,2,1,Moving forward,Male,Over 51,3,Driver,Normal,Not a Pedestrian,No distancing,Slight Injury
01:00:00,Sunday,Unknown,Male,Junior high school,Employee,2-5yr,Automobile,Owner,Unknown, Church areas,Two-way (divided with broken lines road marking),Tangent road with flat terrain,Y Shape,Asphalt roads,Dry,Darkness - lights lit,Normal,Vehicle Collision,2,1,Moving forward,na,na,na,Other,Normal,Not a Pedestrian,No distancing,Slight Injury
23:00:00,Saturday,18-30,Male,Junior high school,Employee,Above 10yr,Automobile,Owner,Above 10yr,Office areas,Undivided Two way,Tangent road with flat terrain,No junction,Asphalt roads with some distress,Dry,Darkness - lights lit,Normal,Vehicle Collision,2,1,Moving forward,Male,5,3,Driver,Normal,Not a Pedestrian,Changing lane to the left,Slight Injury
23:00:00,Saturday,18-30,Male,Junior high school,Employee,Above 10yr,Automobile,Owner,2-5yrs,Other,other,Tangent road with flat terrain,No junction,Asphalt roads,Dry,Darkness - lights lit,Normal,Stationary Object Collision,2,1,Moving forward,na,na,na,Other,Normal,Not a Pedestrian,Changing lane to the left,Slight Injury
12:00:00,Sunday,Over 51,Male,Junior high school,Employee,Below 1yr,Automobile,Owner,Above 10yr, Church areas,Two-way (divided with broken lines road marking),Steep grade upward with mountainous terrain,Y Shape,Asphalt roads,Dry,Daylight,Normal,Vehicle Collision,2,2,Moving forward,Male,18-30,3,,Normal,Not a Pedestrian,Moving Backward,Slight Injury
12:00:00,Sunday,Unknown,Male,Junior high school,Owner,Above 10yr,Automobile,Governmental,1-2yr,Other,Double carriageway (median),Tangent road with flat terrain,Y Shape,Asphalt roads,Dry,Daylight,Normal,Vehicle Collision,2,2,Moving forward,Female,31-50,2,Driver,Normal,Not a Pedestrian,Changing lane to the right,Slight Injury
19:00:00,Sunday,Unknown,Male,High school,Other,Above 10yr,Pick up upto 10 Quintal,Governmental,Above 10yr,Other,Double carriageway (median),Tangent road with flat terrain,Crossing,Asphalt roads,Dry,Darkness - lights lit,Normal,Vehicle Collision,1,1,Moving forward,na,na,na,Driver,Normal,Not a Pedestrian,No priority to vehicle,Slight Injury
21:00:00,Friday,Unknown,Female,Junior high school,Employee,5-10yr,Turbo,Organization,5-10yrs,Office areas,Two-way (divided with broken lines road marking),Gentle horizontal curve,Crossing,Asphalt roads,Dry,Darkness - lights lit,Normal,Vehicle Collision,2,1,Moving forward,Male,5,3,Self-employed,Normal,Not a Pedestrian,Moving Backward,Slight Injury
21:00:00,Friday,18-30,Male,Elementary school,Employee,5-10yr,Pick up upto 10 Quintal,Organization,Above 10yr,Other,Two-way (divided with broken lines road marking),Tangent road with flat terrain,Crossing,Asphalt roads,Dry,Darkness - lights lit,Normal,Self-accident,2,1,Moving forward,na,na,na,,,Not a Pedestrian,Driving carelessly,Slight Injury
17:00:00,Monday,31-50,Male,Junior high school,Employee,5-10yr,Other,Owner,2-5yrs,Other,Two-way (divided with broken lines road marking),Tangent road with flat terrain,Crossing,Asphalt roads,Dry,Daylight,Normal,Vehicle Collision,1,1,Moving forward,Male,31-50,3,,,Not a Pedestrian,Driving carelessly,Slight Injury
22:00:00,Monday,31-50,Male,Junior high school,Employee,5-10yr,Stationwagen,Governmental,Unknown,Residential areas,Two-way (divided with broken lines road marking),Tangent road with flat terrain,No junction,Asphalt roads,Wet or damp,Darkness - lights lit,Other,Vehicle Collision,1,1,Other,na,na,na,Employee,Normal,Not a Pedestrian,Driving under the influence of drugs,Slight Injury
17:00:00,Saturday,18-30,Male,Junior high school,Owner,Below 1yr,Pick up upto 10 Quintal,Owner,2-5yrs,Office areas,Two-way (divided with broken lines road marking),Tangent road with flat terrain,Crossing,Asphalt roads,Dry,Daylight,Normal,Stationary Object Collision,2,1,Moving forward,Male,Under 18,3,Driver,Normal,Not a Pedestrian,No priority to pedestrian,Slight Injury
17:00:00,Saturday,Unknown,Male,Junior high school,Employee,5-10yr,Lorry (41 - 100 Quintal),Owner,2-5yrs, Church areas,One way,Tangent road with flat terrain,Crossing,Asphalt roads,Dry,Daylight,Normal,Vehicle Collision,2,1,Moving forward,na,na,na,Other,Normal,Not a Pedestrian,No priority to vehicle,Slight Injury