Time,Day,Age_band_of_driver,Sex_of_driver,Educational_level,Vehicle_driver_relation,Driving_experience,Type_of_vehicle,Owner_of_vehicle,Service_year_of_vehicle,Area_accident_occured,Lanes_or_Medians,Road_allignment,Types_of_Junction,Road_surface_type,Road_surface_conditions,Light_conditions,Weather_conditions,Type_of_collision,Number_of_vehicles_involved,Number_of_casualties,Vehicle_movement,Sex_of_casualty,Age_band_of_casualty,Casualty_severity,Work_of_casuality,Fitness_of_casuality,Pedestrian_movement,Cause_of_accident,Accident_severity
22:00:00,Tuesday,31-50,Male,Junior high school,Employee,2-5yr,Lorry (41 - 100 Quintal),Owner,Unknown,Office areas,Two-way (divided with broken lines road marking),Tangent road with flat terrain,T Shape,Asphalt roads,Dry,Darkness - lights lit,Normal,Vehicle Collision,2,1,Moving forward,Female,18-30,2,Other,Normal,Not a Pedestrian,No distancing,Slight Injury
17:00:00,Saturday,18-30,Male,Junior high school,Employee,Below 1yr,Automobile,Owner,Unknown,Other,Two-way (divided with broken lines road marking),Tangent road with flat terrain,Y Shape,Asphalt roads,Dry,Darkness - lights lit,Normal,Pedestrian Collision,2,1,Moving forward,na,na,na,Driver,Normal,Not a Pedestrian,Changing lane to the left,Serious Injury
17:00:00,Saturday,31-50,Male,Junior high school,Employee,Below 1yr,Automobile,Owner,Unknown,Other,Two-way (divided with broken lines road marking),Tangent road with flat terrain,Y Shape,Asphalt roads,Dry,Darkness - lights lit,Normal,Vehicle Collision,2,1,Moving forward,na,na,na,,,Not a Pedestrian,No priority to vehicle,Serious Injury
14:00:00,Wednesday,Unknown,Female,Junior high school,Employee,2-5yr,Public (13 - 45 seats),Organization,Above 10yr, Outside rural areas,Undivided Two way,Tangent road with flat terrain,Y Shape,Asphalt roads,Dry,Daylight,Normal,Vehicle Collision,1,1,Moving forward,Male,18-30,3,Driver,Normal,"In carriageway, statioNot a Pedestrianry - not crossing  (standing or playing)",Moving Backward,Slight Injury
12:00:00,Monday,31-50,Male,Elementary school,Employee,Below 1yr,Public (13 - 45 seats),Owner,Unknown,Other,other,Tangent road with flat terrain,Y Shape,Asphalt roads,Dry,Daylight,Cloudy,Vehicle Collision,2,1,Moving forward,Male,31-50,3,Driver,Normal,Crossing from nearside - masked by parked or statioNot a Pedestrianry vehicle,Moving Backward,Serious Injury
12:00:00,Monday,18-30,Male,Junior high school,Employee,Below 1yr,Lorry (41 - 100 Quintal),Owner,Above 10yr,Residential areas,Two-way (divided with broken lines road marking),Tangent road with flat terrain,Y Shape,Asphalt roads,Dry,Daylight,Cloudy,Vehicle Collision,2,1,Moving forward,na,na,na,Unemployed,Normal,Not a Pedestrian,No distancing,Serious Injury
18:00:00,Friday,Unknown,Male,Junior high school,Employee,5-10yr,Lorry (41 - 100 Quintal),Owner,Above 10yr,Office areas,Two-way (divided with broken lines road marking),Tangent road with flat terrain,Y Shape,Asphalt roads,Dry,Darkness - lights unlit,Normal,Vehicle Collision,2,1,Other,Male,31-50,3,Driver,Normal,Not a Pedestrian,Changing lane to the right,Slight Injury
18:00:00,Friday,31-50,Male,Junior high school,Employee,5-10yr,Public (12 seats),Owner,Unknown,Office areas,Double carriageway (median),Tangent road with flat terrain,Y Shape,Asphalt roads,Dry,Darkness - lights unlit,Normal,Vehicle Collision,2,1,Moving forward,Male,18-30,3,Driver,Normal,Unknown or other,Changing lane to the right,Slight Injury
22:00:00,Sunday,Unknown,Male,Writing & reading,Employee,Below 1yr,Other,Owner,2-5yrs, Hospital areas,One way,,No junction,Asphalt roads,Dry,Darkness - lights lit,Normal,Vehicle Collision,1,1,Moving forward,na,na,na,Driver,Normal,Not a Pedestrian,Moving Backward,Slight Injury
08:00:00,Wednesday,31-50,Male,Junior high school,Employee,Below 1yr,Lorry (41 - 100 Quintal),Owner,Unknown, Industrial areas,Two-way (divided with broken lines road marking),Tangent road with flat terrain,Y Shape,Asphalt roads,Dry,Daylight,Unknown,Vehicle Collision,2,1,Moving backward,Female,31-50,3,Driver,Normal,Not a Pedestrian,Driving carelessly,Slight Injury
08:00:00,Wednesday,18-30,Male,Junior high school,Employee,1-2yr,Automobile,Owner,2-5yrs,Other,Undivided Two way,Tangent road with flat terrain,Y Shape,Asphalt roads,Dry,Daylight,Unknown,Pedestrian Collision,2,1,Moving forward,Female,31-50,3,Employee,Normal,Unknown or other,Driving under the influence of drugs,Slight Injury
17:00:00,Tuesday,Unknown,Male,Elementary school,Employee,Above 10yr,Other,Owner,Unknown,Office areas,Undivided Two way,Tangent road with flat terrain,No junction,Asphalt roads,Dry,Daylight,Other,Vehicle Collision,1,1,Moving backward,Male,18-30,3,Driver,Normal,Unknown or other,No distancing,Serious Injury
19:00:00,Sunday,31-50,Male,Elementary school,Employee,Above 10yr,Motorcycle,Owner,Unknown,Office areas,other,Tangent road with flat terrain,No junction,Asphalt roads,Wet or damp,Darkness - lights lit,Normal,Vehicle Collision,2,2,Other,Male,31-50,3,Self-employed,Normal,Not a Pedestrian,No distancing,Slight Injury
19:00:00,Sunday,18-30,Male,Elementary school,Employee,Below 1yr,Automobile,Owner,Unknown,Residential areas,Two-way (divided with broken lines road marking),Tangent road with flat terrain,No junction,Other,Wet or damp,Darkness - lights lit,Normal,Vehicle Collision,2,2,Moving forward,na,na,na,Driver,Normal,Not a Pedestrian,No priority to vehicle,Slight Injury
20:00:00,Friday,Unknown,Female,High school,Employee,2-5yr,Automobile,Owner,Unknown,Residential areas,,Tangent road with flat terrain,Crossing,Asphalt roads,Dry,Darkness - lights lit,Normal,Vehicle Collision,4,1,Moving backward,Male,18-30,3,Driver,Normal,Not a Pedestrian,Driving to the left,Slight Injury
20:00:00,Friday,18-30,Male,Junior high school,Employee,2-5yr,Lorry (41 - 100 Quintal),Owner,Unknown,School areas,Two-way (divided with broken lines road marking),Tangent road with flat terrain,Crossing,Asphalt roads,Dry,Darkness - lights lit,Normal,Stationary Object Collision,4,1,Moving forward,na,na,na,,,Not a Pedestrian,No priority to vehicle,Slight Injury
20:00:00,Friday,31-50,Male,Above high school,Employee,Above 10yr,Automobile,Governmental,Unknown,Other,Two-way (divided with broken lines road marking),Tangent road with flat terrain,Crossing,Asphalt roads,Dry,Darkness - lights lit,Normal,Vehicle Collision,4,1,Other,Male,31-50,3,Driver,Normal,Not a Pedestrian,No priority to vehicle,Slight Injury
20:00:00,Friday,18-30,Male,Junior high school,Employee,2-5yr,Public (> 45 seats),Governmental,Unknown,  Market areas,Undivided Two way,Tangent road with flat terrain,Crossing,Asphalt roads,Dry,Darkness - lights lit,Normal,Vehicle Collision,4,1,Other,na,na,na,,,Not a Pedestrian,No priority to vehicle,Slight Injury
15:00:00,Saturday,Unknown,Male,Junior high school,Employee,2-5yr,Lorry (41 - 100 Quintal),Owner,Unknown,Office areas,other,Tangent road with flat terrain,No junction,Asphalt roads,Dry,Daylight,Normal,Vehicle Collision,1,1,Other,Male,31-50,3,,,Not a Pedestrian,No distancing,Slight Injury
12:00:00,Monday,Over 51,Male,High school,Employee,1-2yr,Public (> 45 seats),Owner,Unknown, Church areas,Two-way (divided with broken lines road marking),Tangent road with flat terrain,Y Shape,Asphalt roads,Wet or damp,Daylight,Normal,Vehicle Collision,1,1,Stopping,na,na,na,,Normal,Not a Pedestrian,Moving Backward,Slight Injury
10:00:00,Wednesday,Over 51,Male,Junior high school,Employee,5-10yr,Lorry (41 - 100 Quintal),Governmental,Unknown, Church areas,Two-way (divided with broken lines road marking),Tangent road with flat terrain,Crossing,Asphalt roads,Dry,Daylight,Normal,Vehicle Collision,3,1,Other,Male,Over 51,2,Driver,Normal,Not a Pedestrian,Changing lane to the right,Slight Injury
10:00:00,Wednesday,18-30,Male,Junior high school,Employee,Below 1yr,Lorry (41 - 100 Quintal),Owner,Unknown,Residential areas,Double carriageway (median),Tangent road with flat terrain,Crossing,Other,Dry,Daylight,Normal,Vehicle Collision,3,1,Other,Male,5,3,Driver,Normal,Not a Pedestrian,Driving carelessly,Slight Injury
10:00:00,Wednesday,Unknown,Male,Junior high school,Employee,Below 1yr,Lorry (41 - 100 Quintal),Owner,Above 10yr,Residential areas,Two-way (divided with broken lines road marking),Tangent road with flat terrain,Crossing,Asphalt roads,Dry,Daylight,Normal,Vehicle Collision,3,1,Other,Male,31-50,3,Driver,Normal,Not a Pedestrian,Changing lane to the left,Slight Injury
18:00:00,Saturday,Unknown,Female,Elementary school,Employee,5-10yr,Public (12 seats),Owner,Unknown,Residential areas,Double carriageway (median),Tangent road with flat terrain,No junction,Asphalt roads,Dry,Darkness - lights lit,Normal,Stationary Object Collision,1,1,Moving forward,Male,18-30,3,Driver,Normal,Crossing from driver's nearside,No distancing,Serious Injury
16:00:00,Thursday,Unknown,Male,Junior high school,Employee,Below 1yr,Public (12 seats),Owner,Above 10yr,Residential areas,Two-way (divided with broken lines road marking),Tangent road with flat terrain,No junction,Asphalt roads,Dry,Daylight,Normal,Vehicle Collision,2,1,Moving forward,Male,18-30,3,Driver,Normal,Crossing from nearside - masked by parked or statioNot a Pedestrianry vehicle,Changing lane to the right,Slight Injury
16:00:00,Thursday,31-50,Male,Junior high school,Employee,1-2yr,Stationwagen,Owner,1-2yr,Other,Double carriageway (median),Tangent road with flat terrain,No junction,Asphalt roads,Dry,Daylight,Normal,Vehicle Collision,2,1,Moving forward,na,na,na,Driver,Normal,Not a Pedestrian,Driving under the influence of drugs,Slight Injury
13:00:00,Tuesday,18-30,Male,Elementary school,Employee,2-5yr,Lorry (41 - 100 Quintal),Owner,Unknown,Other,Two-way (divided with broken lines road marking),Tangent road with flat terrain,Y Shape,Asphalt roads,Dry,Daylight,Normal,Vehicle Collision,2,1,Moving forward,Male,31-50,3,Employee,Normal,Not a Pedestrian,No distancing,Slight Injury
13:00:00,Tuesday,31-50,Male,High school,Employee,1-2yr,Automobile,Owner,2-5yrs,Residential areas,Two-way (divided with broken lines road marking),Tangent road with flat terrain,Y Shape,Asphalt roads,Dry,Daylight,Normal,Vehicle Collision,2,1,Moving forward,Male,31-50,3,,Normal,Not a Pedestrian,Overturning,Slight Injury
03:00:00,Friday,Under 18,Male,Junior high school,Employee,5-10yr,Pick up upto 10 Quintal,Owner,Unknown,Other,other,Tangent road with flat terrain,No junction,Asphalt roads,Dry,Darkness - lights lit,Normal,Self-accident,4,1,Moving forward,Male,5,3,Driver,Normal,Not a Pedestrian,No distancing,Serious Injury
03:00:00,Friday,Unknown,Female,Junior high school,Employee,Below 1yr,Automobile,Owner,Unknown, Church areas,Undivided Two way,Tangent road with flat terrain,No junction,Asphalt roads,Dry,Darkness - lights lit,Normal,Vehicle Collision,4,1,Moving forward,na,na,na,,,Not a Pedestrian,Changing lane to the right,Serious Injury
03:00:00,Friday,Unknown,Female,High school,Employee,Above 10yr,Public (13 - 45 seats),Owner,Unknown,Other,Undivided Two way,Tangent road with flat terrain,No junction,Asphalt roads,Dry,Darkness - lights lit,Normal,Vehicle Collision,4,1,Moving forward,Female,Over 51,3,Self-employed,Normal,Not a Pedestrian,No priority to vehicle,Serious Injury
03:00:00,Friday,Unknown,Female,Elementary school,Owner,5-10yr,Public (> 45 seats),Owner,Unknown,Office areas,Undivided Two way,Tangent road with flat terrain,No junction,Other,Dry,Darkness - lights lit,Normal,Stationary Object Collision,4,1,Moving forward,Male,31-50,3,,,Unknown or other,Changing lane to the right,Serious Injury
14:00:00,Monday,18-30,Male,Elementary school,Employee,Below 1yr,Stationwagen,Owner,2-5yrs,Office areas,Two-way (divided with broken lines road marking),Tangent road with flat terrain,Y Shape,Asphalt roads,Wet or damp,Daylight,Raining,Vehicle Collision,3,1,Moving forward,na,na,na,Self-employed,Normal,Not a Pedestrian,Changing lane to the left,Slight Injury
14:00:00,Monday,Over 51,Male,Junior high school,Employee,5-10yr,Automobile,Owner,Unknown,Residential areas,Undivided Two way,Tangent road with flat terrain,Y Shape,Asphalt roads,Wet or damp,Daylight,Raining,Vehicle Collision,3,1,Moving forward,Male,31-50,3,,,Not a Pedestrian,No distancing,Slight Injury
14:00:00,Monday,18-30,Male,Elementary school,Owner,5-10yr,Lorry (41 - 100 Quintal),Owner,Unknown,Other,Two-way (divided with broken lines road marking),Tangent road with flat terrain,Y Shape,Asphalt roads,Wet or damp,Daylight,Raining,Vehicle Collision,3,1,Moving backward,Male,18-30,2,Self-employed,Normal,Not a Pedestrian,No priority to pedestrian,Slight Injury
02:00:00,Tuesday,Unknown,Male,Junior high school,Employee,2-5yr,Stationwagen,Owner,Above 10yr, Industrial areas,Undivided Two way,Tangent road with flat terrain,No junction,Asphalt roads,Dry,Darkness - lights lit,Normal,Stationary Object Collision,1,2,Moving forward,na,na,na,,,Not a Pedestrian,Driving carelessly,Slight Injury
02:00:00,Tuesday,Unknown,Male,Junior high school,Employee,Above 10yr,Lorry (41 - 100 Quintal),Owner,Unknown,Office areas,Two-way (divided with broken lines road marking),Tangent road with flat terrain,No junction,Asphalt roads with some distress,Dry,Darkness - lights lit,Normal,Stationary Object Collision,1,2,Other,Male,31-50,3,,,Not a Pedestrian,No distancing,Slight Injury
12:00:00,Saturday,18-30,Male,Junior high school,Employee,5-10yr,Public (12 seats),Organization,Unknown,  Recreational areas,Two-way (divided with broken lines road marking),Tangent road with flat terrain,Y Shape,Asphalt roads,Dry,Daylight,Normal,Vehicle Collision,2,1,Moving forward,na,na,na,Self-employed,Normal,Not a Pedestrian,Driving carelessly,Slight Injury
12:00:00,Saturday,31-50,Male,High school,Employee,1-2yr,Lorry (41 - 100 Quintal),Owner,1-2yr,Residential areas,Two-way (divided with broken lines road marking),Tangent road with flat terrain,Y Shape,Asphalt roads,Dry,Daylight,Normal,Vehicle Collision,2,1,Exiting,Male,18-30,3,Employee,Normal,Not a Pedestrian,Driving carelessly,Slight Injury
14:00:00,Wednesday,Unknown,Male,Elementary school,Employee,5-10yr,Other,Owner,Above 10yr,Residential areas,Undivided Two way,Tangent road with flat terrain,Y Shape,Asphalt roads,Dry,Daylight,Normal,Stationary Object Collision,1,1,Moving forward,na,na,na,Other,Normal,Not a Pedestrian,Moving Backward,Slight Injury
20:00:00,Friday,Unknown,Female,Elementary school,Employee,2-5yr,Stationwagen,Owner,5-10yrs, Church areas,Undivided Two way,Steep grade downward with mountainous terrain,No junction,Asphalt roads,Dry,Darkness - lights lit,Normal,Stationary Object Collision,2,2,Moving forward,Male,31-50,3,Employee,Normal,Not a Pedestrian,Overtaking,Slight Injury
20:00:00,Friday,18-30,Male,Junior high school,Employee,Below 1yr,Automobile,Owner,5-10yrs,Residential areas,Undivided Two way,Tangent road with flat terrain,No junction,Asphalt roads,Dry,Darkness - lights lit,Normal,Vehicle Collision,2,2,Moving forward,Male,31-50,3,,,Not a Pedestrian,No priority to vehicle,Slight Injury
20:00:00,Friday,18-30,Male,Junior high school,Employee,Below 1yr,Public (> 45 seats),Owner,Unknown,Other,other,Tangent road with flat terrain,No junction,Earth roads,Dry,Darkness - lights lit,Normal,Vehicle Collision,2,2,Moving forward,na,na,na,Employee,Normal,Not a Pedestrian,No priority to vehicle,Slight Injury
16:00:00,Sunday,Unknown,Female,Junior high school,Employee,5-10yr,Other,Owner,5-10yrs,Other,Undivided Two way,Tangent road with flat terrain,No junction,Asphalt roads,Dry,Daylight,Normal,Vehicle Collision,2,1,Turning,Female,18-30,3,,,Not a Pedestrian,Changing lane to the left,Slight Injury
16:00:00,Sunday,31-50,Male,Junior high school,Owner,5-10yr,Lorry (41 - 100 Quintal),Owner,Unknown,Other,Two-way (divided with solid lines road marking),Tangent road with flat terrain,No junction,Asphalt roads,Dry,Daylight,Normal,Stationary Object Collision,2,1,Moving forward,na,na,na,Employee,Normal,Not a Pedestrian,No priority to vehicle,Slight Injury
19:00:00,Wednesday,31-50,Male,Elementary school,Employee,1-2yr,Automobile,Owner,Unknown, Church areas,Two-way (divided with solid lines road marking),Tangent road with flat terrain,Y Shape,Asphalt roads,Dry,Darkness - lights lit,Normal,Vehicle Collision,3,1,Moving forward,na,na,na,Employee,Normal,Not a Pedestrian,No distancing,Slight Injury
19:00:00,Wednesday,Under 18,Male,Junior high school,Employee,5-10yr,Public (> 45 seats),Governmental,Unknown,Other,Two-way (divided with solid lines road marking),Tangent road with flat terrain,Y Shape,Asphalt roads,Dry,Darkness - lights lit,Normal,Vehicle Collision,3,1,Moving forward,Male,31-50,3,Employee,Normal,Not a Pedestrian,Moving Backward,Slight Injury
19:00:00,Wednesday,31-50,Male,Elementary school,Employee,Above 10yr,Automobile,Owner,Unknown, Church areas,Two-way (divided with solid lines road marking),Tangent road with flat terrain,Y Shape,Asphalt roads,Dry,Darkness - lights lit,Normal,Vehicle Collision,3,1,Moving forward,Female,5,3,Driver,Normal,Not a Pedestrian,Changing lane to the right,Slight Injury
18:00:00,Monday,18-30,Male,Junior high school,Owner,1-2yr,Automobile,Owner,Unknown, Church areas,Two-way (divided with broken lines road marking),Tangent road with flat terrain,Y Shape,Asphalt roads,Wet or damp,Darkness - lights lit,Normal,Self-accident,2,1,Other,Male,18-30,2,Driver,Normal,Not a Pedestrian,No distancing,Slight Injury
18:00:00,Monday,31-50,Male,Junior high school,Employee,5-10yr,Pick up upto 10 Quintal,Owner,Above 10yr,Other,Undivided Two way,Tangent road with flat terrain,Y Shape,Asphalt roads,Wet or damp,Darkness - lights lit,Normal,Vehicle Collision,2,1,Moving forward,na,na,na,Student,Normal,Not a Pedestrian,Overtaking,Slight Injury
18:00:00,Sunday,Unknown,Female,Junior high school,Employee,Above 10yr,Public (12 seats),Governmental,5-10yrs,Other,Undivided Two way,Tangent road with flat terrain,Y Shape,Asphalt roads,Wet or damp,Daylight,Raining,Vehicle Collision,2,1,Turning,Female,Under 18,3,Driver,Normal,Not a Pedestrian,No distancing,Slight Injury
18:00:00,Sunday,Unknown,Female,Elementary school,Owner,2-5yr,Lorry (41 - 100 Quintal),Owner,5-10yrs,School areas,other,Tangent road with flat terrain,Y Shape,Asphalt roads,Wet or damp,Daylight,Raining,Pedestrian Collision,2,1,Moving forward,na,na,na,Self-employed,Normal,Not a Pedestrian,Changing lane to the left,Slight Injury
22:00:00,Monday,Unknown,Female,Junior high school,Employee,5-10yr,Lorry (41 - 100 Quintal),Owner,Above 10yr,Residential areas,Undivided Two way,Tangent road with flat terrain,Y Shape,Asphalt roads,Wet or damp,Darkness - lights lit,Raining,Vehicle Collision,3,1,Moving forward,Male,18-30,3,,,Not a Pedestrian,Driving under the influence of drugs,Slight Injury
22:00:00,Monday,31-50,Male,Junior high school,Employee,Below 1yr,Lorry (41 - 100 Quintal),Owner,1-2yr,Other,Two-way (divided with broken lines road marking),Tangent road with flat terrain,Y Shape,Asphalt roads,Wet or damp,Darkness - lights lit,Raining,Vehicle Collision,3,1,Moving forward,na,na,na,,,Not a Pedestrian,No distancing,Slight Injury
22:00:00,Monday,18-30,Male,Junior high school,Employee,5-10yr,Public (13 - 45 seats),Owner,Above 10yr,Office areas,Undivided Two way,Tangent road with flat terrain,Y Shape,Gravel roads,Wet or damp,Darkness - lights lit,Raining,Vehicle Collision,3,1,Moving forward,Male,31-50,3,Driver,Normal,Crossing from nearside - masked by parked or statioNot a Pedestrianry vehicle,No distancing,Slight Injury
08:00:00,Tuesday,18-30,Male,High school,Employee,Above 10yr,Lorry (41 - 100 Quintal),Owner,Above 10yr,Residential areas,Undivided Two way,Tangent road with flat terrain,Y Shape,Asphalt roads,Dry,Daylight,Normal,Vehicle Collision,1,1,Moving forward,Male,Over 51,3,Driver,Normal,Not a Pedestrian,Changing lane to the right,Slight Injury
22:00:00,Friday,18-30,Male,Junior high school,Employee,5-10yr,Lorry (41 - 100 Quintal),Owner,Above 10yr,Other,One way,Steep grade downward with mountainous terrain,Y Shape,Asphalt roads,Dry,Darkness - lights lit,Normal,Stationary Object Collision,1,1,Other,Male,Over 51,3,Driver,Normal,Not a Pedestrian,Changing lane to the left,Serious Injury
16:00:00,Saturday,18-30,Male,Elementary school,Employee,1-2yr,Motorcycle,Owner,Above 10yr,Residential areas,Two-way (divided with broken lines road marking),Tangent road with flat terrain,No junction,Asphalt roads,Dry,Daylight,Normal,Vehicle Collision,1,1,Moving forward,Female,31-50,3,Driver,Normal,Crossing from nearside - masked by parked or statioNot a Pedestrianry vehicle,Moving Backward,Serious Injury
08:00:00,Friday,Over 51,Male,Junior high school,Employee,5-10yr,Lorry (41 - 100 Quintal),Owner,5-10yrs,Residential areas,Undivided Two way,Tangent road with flat terrain,No junction,Asphalt roads,Dry,Daylight,Normal,Vehicle Collision,1,1,Moving forward,Male,Under 18,3,,,Not a Pedestrian,No distancing,Slight Injury
20:00:00,Friday,18-30,Male,Elementary school,Employee,1-2yr,Ridden horse,Owner,Unknown,Residential areas,Two-way (divided with broken lines road marking),Tangent road with flat terrain,No junction,Asphalt roads,Dry,Darkness - lights lit,Normal,Vehicle Collision,1,1,Other,na,na,na,Driver,Normal,Not a Pedestrian,No distancing,Slight Injury
19:00:00,Thursday,Under 18,Male,Junior high school,Owner,1-2yr,Automobile,Owner,1-2yr,Other,other,Tangent road with flat terrain,Y Shape,Asphalt roads,Wet or damp,Darkness - lights lit,Normal,Vehicle Collision,3,1,Moving forward,Male,18-30,3,Self-employed,Normal,Not a Pedestrian,Driving carelessly,Fatal injury
19:00:00,Thursday,Unknown,Female,Above high school,Owner,1-2yr,Lorry (41 - 100 Quintal),Owner,5-10yrs,Other,Undivided Two way,Tangent road with flat terrain,Y Shape,Asphalt roads,Wet or damp,Darkness - lights lit,Normal,Stationary Object Collision,3,1,Moving forward,Male,5,3,Self-employed,Normal,Not a Pedestrian,Moving Backward,Fatal injury
19:00:00,Thursday,18-30,Male,Junior high school,Owner,5-10yr,Pick up upto 10 Quintal,Owner,5-10yrs,Other,One way,Tangent road with flat terrain,Y Shape,Asphalt roads,Wet or damp,Darkness - lights lit,Normal,Vehicle Collision,3,1,Moving forward,Female,18-30,3,Self-employed,Normal,Not a Pedestrian,No distancing,Fatal injury
13:00:00,Sunday,18-30,Male,Junior high school,Employee,5-10yr,Public (> 45 seats),Owner,1-2yr, Hospital areas,Undivided Two way,Tangent road with flat terrain,Crossing,Asphalt roads,Wet or damp,Daylight,Raining,Stationary Object Collision,2,1,Moving forward,na,na,na,Driver,Normal,Not a Pedestrian,Changing lane to the right,Slight Injury
13:00:00,Sunday,31-50,Male,Elementary school,Employee,5-10yr,Stationwagen,Owner,2-5yrs,Residential areas,Undivided Two way,Tangent road with flat terrain,Crossing,Asphalt roads,Wet or damp,Daylight,Raining,Vehicle Collision,2,1,Moving forward,Female,Under 18,3,Other,Normal,Crossing from nearside - masked by parked or statioNot a Pedestrianry vehicle,Driving carelessly,Slight Injury
19:00:00,Saturday,18-30,Male,High school,Owner,Below 1yr,Automobile,Owner,5-10yrs,Residential areas,One way,Tangent road with flat terrain,No junction,Asphalt roads,Dry,Darkness - lights unlit,Normal,Self-accident,1,1,Moving backward,na,na,na,,,Not a Pedestrian,Driving to the left,Slight Injury
16:00:00,Friday,Unknown,Female,Junior high school,Employee,Above 10yr,Public (12 seats),Owner,5-10yrs,Residential areas,Undivided Two way,Tangent road with flat terrain,Y Shape,Asphalt roads,Dry,Darkness - lights lit,Normal,Vehicle Collision,1,1,Moving backward,Female,5,3,Self-employed,Normal,Not a Pedestrian,Changing lane to the right,Slight Injury
15:00:00,Monday,18-30,Male,Junior high school,Employee,5-10yr,Automobile,Owner,1-2yr,Other,Two-way (divided with broken lines road marking),Tangent road with flat terrain,Y Shape,Asphalt roads,Dry,Daylight,Unknown,Vehicle Collision,2,1,Moving forward,Male,31-50,3,Other,Normal,Crossing from nearside - masked by parked or statioNot a Pedestrianry vehicle,Driving carelessly,Serious Injury
15:00:00,Monday,31-50,Male,Junior high school,Employee,Below 1yr,Automobile,Owner,1-2yr,Office areas,Two-way (divided with broken lines road marking),Tangent road with flat terrain,Y Shape,Asphalt roads,Dry,Daylight,Unknown,Vehicle Collision,2,1,Moving forward,na,na,na,,,Not a Pedestrian,Changing lane to the right,Serious Injury
03:00:00,Sunday,18-30,Male,Junior high school,Employee,Above 10yr,Automobile,Owner,2-5yrs,Other,other,Tangent road with flat terrain,Y Shape,Asphalt roads,Dry,Darkness - lights lit,Normal,Vehicle Collision,2,1,Moving forward,Male,31-50,3,,,Not a Pedestrian,No priority to vehicle,Serious Injury
03:00:00,Sunday,18-30,Male,Junior high school,Employee,5-10yr,Lorry (41 - 100 Quintal),Owner,Unknown,Office areas,Double carriageway (median),Tangent road with flat terrain,Y Shape,Asphalt roads,Dry,Darkness - lights lit,Normal,Vehicle Collision,2,1,Moving forward,Male,31-50,3,Driver,Normal,"In carriageway, statioNot a Pedestrianry - not crossing  (standing or playing)",Changing lane to the right,Serious Injury
16:00:00,Monday,Unknown,Female,Junior high school,Owner,Above 10yr,Automobile,Owner,Unknown,Residential areas,Two-way (divided with broken lines road marking),Tangent road with flat terrain,Y Shape,Asphalt roads,Dry,Daylight,Unknown,Pedestrian Collision,1,1,Moving forward,Female,Over 51,3,,,Crossing from nearside - masked by parked or statioNot a Pedestrianry vehicle,Turnover,Slight Injury
08:00:00,Friday,Unknown,Male,Junior high school,Employee,5-10yr,Automobile,Owner,Unknown,Office areas,Double carriageway (median),Gentle horizontal curve,No junction,Asphalt roads,Dry,Daylight,Unknown,Self-accident,2,1,Moving forward,Male,18-30,3,Driver,Normal,Not a Pedestrian,No priority to vehicle,Slight Injury
08:00:00,Friday,31-50,Male,Junior high school,Employee,1-2yr,Public (12 seats),Owner,Unknown,Office areas,Double carriageway (median),Tangent road with flat terrain,No junction,Asphalt roads,Dry,Daylight,Unknown,Vehicle Collision,2,1,Moving forward,Male,18-30,2,Driver,Normal,Not a Pedestrian,Driving at high speed,Slight Injury
12:00:00,Wednesday,31-50,Male,Junior high school,Employee,1-2yr,Taxi,Organization,Unknown,Other,Double carriageway (median),Tangent road with flat terrain,No junction,Asphalt roads,Dry,Daylight,Normal,Self-accident,2,1,Moving forward,na,na,na,Driver,Normal,Not a Pedestrian,No distancing,Slight Injury
12:00:00,Wednesday,18-30,Male,Junior high school,Employee,1-2yr,Automobile,Owner,Unknown,Office areas,Two-way (divided with broken lines road marking),Tangent road with flat terrain,No junction,Asphalt roads,Dry,Daylight,Normal,Vehicle Collision,2,1,Moving backward,na,na,na,Driver,Normal,Not a Pedestrian,No distancing,Slight Injury
19:00:00,Friday,Unknown,Male,High school,Employee,2-5yr,Public (12 seats),Owner,Unknown,Office areas,,Tangent road with flat terrain,Crossing,Other,Dry,Darkness - lights lit,Normal,Vehicle Collision,3,2,Moving forward,Male,31-50,3,Self-employed,Normal,Not a Pedestrian,Driving carelessly,Slight Injury
19:00:00,Friday,Under 18,Male,High school,Owner,Above 10yr,Stationwagen,Governmental,Unknown,Office areas,One way,Tangent road with flat terrain,Crossing,Asphalt roads,Dry,Darkness - lights lit,Normal,Vehicle Collision,3,2,Moving forward,Male,18-30,3,Self-employed,Normal,Not a Pedestrian,Driving carelessly,Slight Injury
19:00:00,Friday,Under 18,Male,Elementary school,Employee,2-5yr,Stationwagen,Owner,Unknown,Other,Undivided Two way,Tangent road with flat terrain,Crossing,Asphalt roads,Dry,Darkness - lights lit,Normal,Self-accident,3,2,Other,na,na,na,Driver,Normal,Not a Pedestrian,Moving Backward,Slight Injury