Time,Day,Age_band_of_driver,Sex_of_driver,Educational_level,Vehicle_driver_relation,Driving_experience,Type_of_vehicle,Owner_of_vehicle,Service_year_of_vehicle,Area_accident_occured,Lanes_or_Medians,Road_allignment,Types_of_Junction,Road_surface_type,Road_surface_conditions,Light_conditions,Weather_conditions,Type_of_collision,Number_of_vehicles_involved,Number_of_casualties,Vehicle_movement,Sex_of_casualty,Age_band_of_casualty,Casualty_severity,Work_of_casuality,Fitness_of_casuality,Pedestrian_movement,Cause_of_accident,Accident_severity
16:00:00,Friday,18-30,Male,Junior high school,Other,Below 1yr,Pick up upto 10 Quintal,Owner,Unknown, Church areas,Two-way (divided with broken lines road marking),Tangent road with flat terrain,Crossing,Asphalt roads,Dry,Daylight,Normal,Vehicle Collision,2,3,Moving forward,na,na,na,Driver,Normal,Not a Pedestrian,Moving Backward,Slight Injury
10:00:00,Wednesday,Over 51,Male,Junior high school,Employee,Above 10yr,Lorry (41 - 100 Quintal),Governmental,Unknown, Church areas,Double carriageway (median),Tangent road with flat terrain,Crossing,Asphalt roads,Dry,Daylight,Normal,Vehicle Collision,1,1,Exiting,na,na,na,Driver,Normal,Not a Pedestrian,No priority to vehicle,Slight Injury
21:00:00,Saturday,Over 51,Male,High school,Owner,5-10yr,Public (13 - 45 seats),Owner,2-5yrs,Residential areas,Double carriageway (median),Tangent road with flat terrain,No junction,Asphalt roads,Dry,Darkness - lights lit,Normal,Vehicle Collision,2,4,Moving forward,Male,31-50,3,Driver,Normal,Not a Pedestrian,Driving carelessly,Serious Injury
21:00:00,Saturday,Over 51,Male,Elementary school,Owner,5-10yr,Long lorry,Owner,Unknown,Office areas,Two-way (divided with broken lines road marking),Tangent road with mild grade and flat terrain,No junction,Asphalt roads,Dry,Darkness - lights lit,Normal,Self-accident,2,4,Moving forward,Female,5,3,Driver,Normal,Not a Pedestrian,No distancing,Serious Injury
21:00:00,Saturday,Over 51,Male,Junior high school,Employee,2-5yr,Automobile,Owner,5-10yrs,Office areas,Two-way (divided with broken lines road marking),Tangent road with mild grade and flat terrain,No junction,Asphalt roads,Dry,Darkness - lights lit,Normal,Self-accident,2,4,Moving forward,Female,5,3,Employee,Normal,Not a Pedestrian,Other,Serious Injury
21:00:00,Saturday,Over 51,Male,Junior high school,Employee,2-5yr,Automobile,Owner,2-5yrs,Residential areas,Two-way (divided with broken lines road marking),Tangent road with flat terrain,No junction,Asphalt roads,Dry,Darkness - lights lit,Normal,Pedestrian Collision,2,4,Moving forward,Male,31-50,3,Driver,Normal,Not a Pedestrian,Changing lane to the right,Serious Injury
17:00:00,Friday,31-50,Male,Above high school,Employee,5-10yr,Other,Owner,5-10yrs, Church areas,other,Tangent road with flat terrain,No junction,Asphalt roads,Dry,Daylight,Normal,Vehicle Collision,1,1,Moving forward,Male,18-30,3,Self-employed,Normal,Unknown or other,No distancing,Serious Injury
01:00:00,Saturday,Under 18,Male,Junior high school,Owner,2-5yr,Automobile,Owner,Unknown,Other,Two-way (divided with broken lines road marking),Tangent road with flat terrain,Y Shape,Asphalt roads,Wet or damp,Darkness - lights lit,Raining,Vehicle Collision,3,1,Exiting,Female,31-50,3,Driver,Normal,Not a Pedestrian,Driving carelessly,Slight Injury
01:00:00,Saturday,31-50,Male,Junior high school,Employee,5-10yr,Long lorry,Owner,Unknown,Office areas,Two-way (divided with broken lines road marking),Tangent road with flat terrain,Y Shape,Asphalt roads,Wet or damp,Darkness - lights lit,Raining,Vehicle Collision,3,1,Moving forward,Male,18-30,3,Driver,Normal,Not a Pedestrian,No distancing,Slight Injury
01:00:00,Saturday,Unknown,Male,Junior high school,Employee,2-5yr,Public (12 seats),Owner,Unknown,Other,Two-way (divided with broken lines road marking),Tangent road with flat terrain,Y Shape,Asphalt roads,Wet or damp,Darkness - lights lit,Raining,Pedestrian Collision,3,1,Moving forward,na,na,na,,,Not a Pedestrian,No priority to vehicle,Slight Injury
19:00:00,Friday,Unknown,Male,Junior high school,Employee,5-10yr,Public (12 seats),Owner,Unknown,Other,Two-way (divided with broken lines road marking),Tangent road with flat terrain,Other,Asphalt roads,Dry,Daylight,Normal,Pedestrian Collision,2,2,Other,na,na,na,Driver,Normal,Not a Pedestrian,Changing lane to the right,Slight Injury
19:00:00,Friday,18-30,Male,Junior high school,Employee,2-5yr,Other,Owner,Unknown,Other,,Tangent road with flat terrain,Other,Asphalt roads,Dry,Daylight,Normal,Vehicle Collision,2,2,Moving forward,Male,Over 51,3,,,Not a Pedestrian,No priority to pedestrian,Slight Injury
19:00:00,Friday,18-30,Male,Elementary school,Employee,1-2yr,Other,Governmental,2-5yrs,Residential areas,Two-way (divided with broken lines road marking),,Other,Asphalt roads,Dry,Daylight,Normal,Vehicle Collision,2,2,Moving forward,Female,Over 51,3,,,Not a Pedestrian,No priority to vehicle,Slight Injury
19:00:00,Monday,18-30,Male,High school,Employee,5-10yr,Other,Owner,Below 1yr, Church areas,Undivided Two way,Tangent road with flat terrain,Y Shape,Asphalt roads,Dry,Darkness - lights lit,Other,Vehicle Collision,3,3,Moving forward,Female,18-30,3,,Normal,Not a Pedestrian,Changing lane to the left,Slight Injury
19:00:00,Monday,18-30,Male,Junior high school,Owner,1-2yr,Public (12 seats),Owner,Unknown,Other,Undivided Two way,Tangent road with flat terrain,Y Shape,Asphalt roads,Dry,Darkness - lights lit,Other,Stationary Object Collision,3,3,Moving forward,Female,5,3,Driver,Normal,Not a Pedestrian,Turnover,Slight Injury
19:00:00,Monday,18-30,Male,Junior high school,Employee,2-5yr,Lorry (41 - 100 Quintal),Owner,Unknown,Other,One way,Tangent road with flat terrain,Y Shape,Asphalt roads,Dry,Darkness - lights lit,Other,Vehicle Collision,3,3,Moving forward,Male,18-30,3,Driver,Normal,Crossing from nearside - masked by parked or statioNot a Pedestrianry vehicle,Driving to the left,Slight Injury
19:00:00,Monday,Unknown,Female,Junior high school,Employee,1-2yr,Other,Owner,Unknown,Residential areas,Two-way (divided with broken lines road marking),Tangent road with flat terrain,Y Shape,Asphalt roads,Dry,Darkness - lights lit,Other,Stationary Object Collision,3,3,Moving backward,Male,31-50,2,Driver,Normal,Not a Pedestrian,Driving carelessly,Slight Injury
19:00:00,Monday,Unknown,Female,Elementary school,Employee,Above 10yr,Public (12 seats),Owner,Unknown,Office areas,One way,Tangent road with flat terrain,Y Shape,Asphalt roads,Dry,Darkness - lights lit,Other,Vehicle Collision,3,3,Other,na,na,na,Driver,Normal,Not a Pedestrian,Driving to the left,Slight Injury
19:00:00,Monday,Unknown,Female,Junior high school,Employee,2-5yr,Other,Owner,Unknown, Industrial areas,Two-way (divided with broken lines road marking),Tangent road with flat terrain,Y Shape,Asphalt roads,Dry,Darkness - lights lit,Other,Vehicle Collision,3,3,Moving forward,Female,18-30,3,Driver,Normal,Not a Pedestrian,Driving carelessly,Slight Injury
09:00:00,Monday,Unknown,Male,Junior high school,Employee,2-5yr,Lorry (11 - 40 Quintal),Governmental,Unknown,Residential areas,Double carriageway (median),Tangent road with flat terrain,No junction,Asphalt roads,Dry,Daylight,Unknown,Stationary Object Collision,1,1,Moving forward,na,na,na,Driver,Normal,Not a Pedestrian,No priority to pedestrian,Serious Injury
16:00:00,Saturday,18-30,Male,Junior high school,Employee,2-5yr,Other,Owner,Unknown,Office areas,Unknown,Tangent road with flat terrain,Y Shape,Asphalt roads,Dry,Daylight,Normal,Vehicle Collision,1,1,Moving forward,Male,18-30,3,Employee,Normal,Not a Pedestrian,Driving carelessly,Slight Injury
05:00:00,Sunday,31-50,Male,Junior high school,Employee,2-5yr,Other,Owner,2-5yrs,Other,,Tangent road with flat terrain,T Shape,Asphalt roads,Dry,Darkness - lights lit,Normal,Vehicle Collision,1,1,Moving forward,na,na,na,,Normal,Not a Pedestrian,Changing lane to the right,Serious Injury
13:00:00,Saturday,Under 18,Male,Elementary school,Employee,2-5yr,Other,Owner,Unknown, Church areas,other,Tangent road with flat terrain,Y Shape,Asphalt roads,Dry,Daylight,Normal,Stationary Object Collision,1,1,Moving forward,Male,18-30,3,Driver,Normal,Not a Pedestrian,Moving Backward,Fatal injury
21:00:00,Thursday,18-30,Male,Junior high school,Employee,2-5yr,Pick up upto 10 Quintal,Owner,Above 10yr, Industrial areas,,Tangent road with flat terrain,No junction,Asphalt roads,Dry,Darkness - lights lit,Normal,Stationary Object Collision,3,3,Moving forward,Male,18-30,3,,,Not a Pedestrian,Driving carelessly,Slight Injury
21:00:00,Thursday,18-30,Male,Elementary school,Employee,5-10yr,Automobile,Owner,Unknown,  Recreational areas,One way,Tangent road with flat terrain,No junction,Asphalt roads,Dry,Darkness - lights lit,Normal,Vehicle Collision,3,3,Moving forward,na,na,na,Self-employed,Normal,Not a Pedestrian,Changing lane to the right,Slight Injury
21:00:00,Thursday,18-30,Male,Elementary school,Employee,2-5yr,Other,Owner,Unknown,  Market areas,Undivided Two way,Tangent road with flat terrain,No junction,Asphalt roads,Dry,Darkness - lights lit,Normal,Vehicle Collision,3,3,Moving forward,Male,Under 18,3,,,Not a Pedestrian,Driving carelessly,Slight Injury
21:00:00,Thursday,18-30,Male,Junior high school,Employee,Above 10yr,Lorry (41 - 100 Quintal),Owner,Unknown,Other,Two-way (divided with broken lines road marking),Tangent road with flat terrain,No junction,Asphalt roads,Dry,Darkness - lights lit,Normal,Vehicle Collision,3,3,Moving forward,na,na,na,Self-employed,Normal,Not a Pedestrian,Driving carelessly,Slight Injury
22:00:00,Monday,31-50,Male,Junior high school,Employee,Above 10yr,Public (13 - 45 seats),Owner,Unknown,Other,Two-way (divided with broken lines road marking),Tangent road with flat terrain,Y Shape,Asphalt roads,Wet or damp,Darkness - lights lit,Raining,Vehicle Collision,2,1,Moving backward,Male,18-30,3,,,Not a Pedestrian,Driving carelessly,Fatal injury
22:00:00,Monday,31-50,Unknown,High school,Employee,Above 10yr,Automobile,Owner,Unknown, Industrial areas,Two-way (divided with broken lines road marking),,Y Shape,Asphalt roads,Wet or damp,Darkness - lights lit,Raining,Vehicle Collision,2,1,Moving backward,Male,18-30,3,Self-employed,Normal,Not a Pedestrian,Changing lane to the right,Fatal injury
13:00:00,Thursday,Unknown,Male,Junior high school,Employee,5-10yr,Pick up upto 10 Quintal,Governmental,2-5yrs,Other,Two-way (divided with broken lines road marking),Tangent road with flat terrain,No junction,Asphalt roads,Dry,Daylight,Normal,Vehicle Collision,2,1,Turning,Male,Over 51,3,,,Crossing from nearside - masked by parked or statioNot a Pedestrianry vehicle,Changing lane to the right,Slight Injury
13:00:00,Thursday,18-30,Male,Junior high school,Owner,2-5yr,Lorry (41 - 100 Quintal),Governmental,Unknown,Office areas,other,Tangent road with flat terrain,No junction,Asphalt roads,Dry,Daylight,Normal,Vehicle Collision,2,1,Other,na,na,na,,,Not a Pedestrian,Driving carelessly,Slight Injury
08:00:00,Monday,31-50,Male,Elementary school,Employee,1-2yr,Public (12 seats),Owner,Unknown,Other,other,Tangent road with flat terrain,Other,Asphalt roads,Wet or damp,Daylight,Raining,Vehicle Collision,1,1,Other,Female,31-50,3,Self-employed,Normal,Not a Pedestrian,Overtaking,Slight Injury
08:00:00,Thursday,Unknown,Male,Junior high school,Employee,2-5yr,Other,Owner,Unknown,Office areas,Two-way (divided with broken lines road marking),Tangent road with flat terrain,No junction,Asphalt roads,Dry,Daylight,Normal,Vehicle Collision,2,2,Moving forward,Male,18-30,3,Employee,Normal,Not a Pedestrian,Changing lane to the right,Slight Injury
08:00:00,Thursday,18-30,Male,Junior high school,Employee,5-10yr,Lorry (41 - 100 Quintal),Owner,Unknown,Office areas,Undivided Two way,Tangent road with flat terrain,No junction,Asphalt roads,Dry,Daylight,Normal,Vehicle Collision,2,2,Moving forward,na,na,na,Other,Normal,Not a Pedestrian,No distancing,Slight Injury
08:00:00,Thursday,18-30,Male,Junior high school,Employee,5-10yr,Pick up upto 10 Quintal,Organization,Unknown,Other,other,Tangent road with flat terrain,No junction,Asphalt roads,Dry,Daylight,Normal,Vehicle Collision,2,2,Other,Female,18-30,3,Employee,Normal,Unknown or other,Other,Slight Injury
18:00:00,Thursday,Unknown,Male,Elementary school,Owner,5-10yr,Other,Governmental,2-5yrs,Other,other,Tangent road with flat terrain,No junction,Asphalt roads,Dry,Daylight,Other,Vehicle Collision,2,1,Other,na,na,na,,,Not a Pedestrian,Changing lane to the right,Slight Injury
18:00:00,Thursday,31-50,Male,High school,Other,Above 10yr,Lorry (41 - 100 Quintal),Owner,Unknown,Other,Undivided Two way,Tangent road with flat terrain,No junction,Asphalt roads,Dry,Daylight,Other,Vehicle Collision,2,1,Moving forward,na,na,na,Employee,Normal,Not a Pedestrian,Changing lane to the right,Slight Injury
11:00:00,Wednesday,Unknown,Male,Junior high school,Employee,Above 10yr,Ridden horse,Owner,Above 10yr,Other,other,Tangent road with flat terrain,Y Shape,Asphalt roads,Dry,Daylight,Normal,Vehicle Collision,1,2,Moving backward,Female,18-30,3,,,Not a Pedestrian,Overtaking,Slight Injury
11:00:00,Wednesday,Unknown,Male,Junior high school,Employee,1-2yr,Automobile,Owner,Unknown,Residential areas,Undivided Two way,Tangent road with flat terrain,Y Shape,Asphalt roads,Dry,Daylight,Normal,Vehicle Collision,1,2,Other,na,na,na,Employee,Normal,Not a Pedestrian,Other,Slight Injury
07:00:00,Tuesday,Unknown,Female,High school,Owner,5-10yr,Automobile,Owner,2-5yrs, Church areas,Undivided Two way,Tangent road with flat terrain,No junction,Asphalt roads,Dry,Daylight,Normal,Vehicle Collision,1,1,Turning,Male,18-30,3,Employee,Normal,Not a Pedestrian,Driving to the left,Serious Injury
15:00:00,Wednesday,18-30,Male,Junior high school,Employee,2-5yr,Stationwagen,Owner,2-5yrs,Office areas,Double carriageway (median),Tangent road with flat terrain,Y Shape,Asphalt roads,Dry,Daylight,Normal,Vehicle Collision,2,3,Moving forward,Male,18-30,3,Employee,Normal,Not a Pedestrian,Overtaking,Slight Injury
15:00:00,Wednesday,18-30,Male,Junior high school,Employee,5-10yr,Other,Owner,2-5yrs, Church areas,other,Tangent road with flat terrain,Y Shape,Asphalt roads,Dry,Daylight,Normal,Vehicle Collision,2,3,Moving forward,Female,Over 51,3,Driver,Normal,Not a Pedestrian,No priority to vehicle,Slight Injury
15:00:00,Wednesday,18-30,Male,Junior high school,Employee,2-5yr,Lorry (41 - 100 Quintal),Owner,2-5yrs,Other,Two-way (divided with broken lines road marking),Tangent road with flat terrain,Y Shape,Asphalt roads,Dry,Daylight,Normal,Stationary Object Collision,2,3,Moving forward,Female,18-30,3,Driver,Normal,Not a Pedestrian,Moving Backward,Slight Injury
15:00:00,Wednesday,31-50,Male,Junior high school,Employee,Above 10yr,Lorry (41 - 100 Quintal),Owner,Unknown,Other,other,Tangent road with flat terrain,Y Shape,Asphalt roads,Dry,Daylight,Normal,Vehicle Collision,2,3,Moving forward,na,na,na,Student,Normal,Not a Pedestrian,Other,Slight Injury
21:00:00,Wednesday,18-30,Male,Elementary school,Employee,5-10yr,Long lorry,Owner,1-2yr,School areas,other,Steep grade downward with mountainous terrain,Crossing,Asphalt roads,Dry,Darkness - lights lit,Normal,Pedestrian Collision,2,3,Moving forward,na,na,na,Driver,Normal,Not a Pedestrian,No priority to vehicle,Slight Injury
21:00:00,Wednesday,31-50,Male,Junior high school,Employee,5-10yr,Stationwagen,Owner,5-10yrs,Office areas,Two-way (divided with broken lines road marking),Tangent road with mild grade and flat terrain,Crossing,Asphalt roads,Dry,Darkness - lights lit,Normal,Vehicle Collision,2,3,Moving forward,Male,18-30,2,Self-employed,Normal,Not a Pedestrian,No priority to pedestrian,Slight Injury
21:00:00,Wednesday,31-50,Male,Above high school,Employee,1-2yr,Public (12 seats),Owner,Below 1yr,Other,other,Steep grade downward with mountainous terrain,Crossing,Asphalt roads,Dry,Darkness - lights lit,Normal,Stationary Object Collision,2,3,Moving forward,Female,18-30,3,,,Not a Pedestrian,Changing lane to the right,Slight Injury
23:00:00,Thursday,Unknown,Female,Elementary school,Employee,Above 10yr,Automobile,Owner,Unknown,Office areas,Undivided Two way,Tangent road with flat terrain,Crossing,Asphalt roads,Dry,Darkness - lights lit,Unknown,Vehicle Collision,2,1,Moving forward,na,na,na,,,Not a Pedestrian,Changing lane to the right,Slight Injury
23:00:00,Thursday,18-30,Male,Elementary school,Employee,5-10yr,Public (12 seats),Owner,Unknown,Other,Undivided Two way,Tangent road with flat terrain,Crossing,Asphalt roads,Dry,Darkness - lights lit,Unknown,Vehicle Collision,2,1,Moving forward,Male,Over 51,3,Driver,Normal,Unknown or other,Changing lane to the right,Slight Injury
10:00:00,Monday,18-30,Male,Elementary school,Employee,2-5yr,Lorry (41 - 100 Quintal),Owner,2-5yrs,Other,Two-way (divided with broken lines road marking),Tangent road with flat terrain,Y Shape,Asphalt roads,Dry,Daylight,Normal,Vehicle Collision,1,2,Other,na,na,na,Driver,Normal,Not a Pedestrian,Driving to the left,Serious Injury
10:00:00,Monday,18-30,Male,Elementary school,Employee,2-5yr,Automobile,Owner,Unknown,Office areas,Undivided Two way,Tangent road with flat terrain,Y Shape,Asphalt roads,Dry,Daylight,Normal,Vehicle Collision,1,2,Moving forward,Female,18-30,3,Driver,Normal,Not a Pedestrian,Changing lane to the left,Serious Injury
10:00:00,Tuesday,Over 51,Male,Junior high school,Employee,5-10yr,Lorry (41 - 100 Quintal),Owner,Unknown,Other,Double carriageway (median),Tangent road with flat terrain,No junction,Asphalt roads,Wet or damp,Daylight,Normal,Vehicle Collision,1,1,Moving forward,na,na,na,Driver,Normal,Not a Pedestrian,Moving Backward,Slight Injury
00:00:00,Sunday,Unknown,Female,Junior high school,Employee,1-2yr,Lorry (41 - 100 Quintal),Owner,Unknown, Church areas,other,Tangent road with flat terrain,Y Shape,Asphalt roads,Dry,Darkness - lights lit,Normal,Self-accident,2,3,Moving backward,Male,Under 18,3,,,Not a Pedestrian,Driving at high speed,Slight Injury
00:00:00,Sunday,Over 51,Male,Junior high school,Employee,5-10yr,Pick up upto 10 Quintal,Owner,Unknown,Office areas,Two-way (divided with broken lines road marking),Tangent road with flat terrain,Y Shape,Asphalt roads,Dry,Darkness - lights lit,Normal,Stationary Object Collision,2,3,Moving forward,na,na,na,Driver,Normal,Not a Pedestrian,Moving Backward,Slight Injury
00:00:00,Sunday,Over 51,Male,Junior high school,Employee,5-10yr,Other,Owner,Above 10yr,Office areas,Two-way (divided with broken lines road marking),Tangent road with flat terrain,Y Shape,Asphalt roads,Dry,Darkness - lights lit,Normal,Vehicle Collision,2,3,Moving backward,Female,18-30,3,Self-employed,Normal,Not a Pedestrian,No distancing,Slight Injury
00:00:00,Sunday,Over 51,Male,Above high school,Employee,5-10yr,Automobile,Owner,2-5yrs,Other,Undivided Two way,Tangent road with mountainous terrain and,Y Shape,Asphalt roads,Dry,Darkness - lights lit,Normal,Vehicle Collision,2,3,Other,na,na,na,Self-employed,Normal,Not a Pedestrian,Other,Slight Injury
18:00:00,Saturday,18-30,Male,Junior high school,Employee,Above 10yr,Automobile,Owner,2-5yrs,Residential areas,Undivided Two way,Tangent road with flat terrain,Y Shape,Asphalt roads,Dry,Daylight,Normal,Stationary Object Collision,2,1,Moving forward,Female,18-30,3,Self-employed,Normal,Not a Pedestrian,No priority to vehicle,Slight Injury
18:00:00,Saturday,18-30,Male,Elementary school,Employee,2-5yr,Lorry (11 - 40 Quintal),Owner,Unknown,Residential areas,Undivided Two way,Tangent road with flat terrain,Y Shape,Asphalt roads,Dry,Daylight,Normal,Vehicle Collision,2,1,Moving backward,na,na,na,Driver,Normal,Not a Pedestrian,Changing lane to the right,Slight Injury
17:00:00,Wednesday,Under 18,Male,Junior high school,Employee,5-10yr,Bajaj,Owner,5-10yrs,Other,Two-way (divided with broken lines road marking),Tangent road with flat terrain,Other,Asphalt roads,Dry,Daylight,Normal,Vehicle Collision,2,1,Moving forward,na,na,na,Other,Normal,Not a Pedestrian,Other,Slight Injury
17:00:00,Wednesday,18-30,Male,Junior high school,Employee,5-10yr,Automobile,Owner,Unknown,Other,other,Tangent road with flat terrain,Other,Asphalt roads,Dry,Daylight,Normal,Vehicle Collision,2,1,Other,Male,18-30,3,,,Unknown or other,No distancing,Slight Injury
07:00:00,Wednesday,18-30,Male,Junior high school,Employee,5-10yr,Lorry (41 - 100 Quintal),Owner,Unknown,Office areas,,Steep grade downward with mountainous terrain,Y Shape,Asphalt roads,Dry,Daylight,Normal,Vehicle Collision,2,1,Other,Male,18-30,3,Self-employed,Normal,Not a Pedestrian,Driving carelessly,Slight Injury
07:00:00,Wednesday,Unknown,Male,Junior high school,Employee,5-10yr,Lorry (11 - 40 Quintal),Governmental,Unknown,School areas,Double carriageway (median),Tangent road with flat terrain,Y Shape,Asphalt roads,Dry,Daylight,Normal,Vehicle Collision,2,1,Other,na,na,na,Other,Normal,Not a Pedestrian,No distancing,Slight Injury
15:00:00,Tuesday,Over 51,Male,Junior high school,Employee,5-10yr,Lorry (11 - 40 Quintal),Owner,Unknown,Other,Two-way (divided with broken lines road marking),Steep grade downward with mountainous terrain,Crossing,Asphalt roads,Dry,Daylight,Normal,Vehicle Collision,1,1,Stopping,Male,18-30,3,,,Not a Pedestrian,Moving Backward,Slight Injury
12:00:00,Wednesday,Unknown,Male,Junior high school,Employee,1-2yr,Automobile,Owner,5-10yrs,Other,Two-way (divided with broken lines road marking),Tangent road with rolling terrain,No junction,Asphalt roads,Dry,Daylight,Normal,Pedestrian Collision,2,1,Other,na,na,na,,,Not a Pedestrian,No distancing,Slight Injury
12:00:00,Wednesday,31-50,Male,Above high school,Owner,5-10yr,Automobile,Governmental,Unknown, Church areas,Two-way (divided with broken lines road marking),Tangent road with flat terrain,No junction,Asphalt roads,Dry,Daylight,Normal,Vehicle Collision,2,1,Other,Male,18-30,3,Driver,Normal,Not a Pedestrian,Moving Backward,Slight Injury
09:00:00,Tuesday,Unknown,Male,Junior high school,Employee,2-5yr,Automobile,Owner,Unknown,Office areas,,Tangent road with mild grade and flat terrain,No junction,Asphalt roads,Dry,Daylight,Normal,Stationary Object Collision,1,1,Other,na,na,na,,,Not a Pedestrian,No priority to pedestrian,Slight Injury
08:00:00,Wednesday,18-30,Male,Junior high school,Owner,5-10yr,Public (13 - 45 seats),Owner,Unknown,Other,Two-way (divided with broken lines road marking),Tangent road with mild grade and flat terrain,Y Shape,Asphalt roads,Dry,Daylight,Unknown,Vehicle Collision,2,3,Moving forward,Male,18-30,3,Driver,Normal,Not a Pedestrian,Changing lane to the left,Slight Injury
08:00:00,Wednesday,31-50,Male,High school,Employee,2-5yr,Public (12 seats),Governmental,Unknown,Residential areas,Double carriageway (median),Tangent road with flat terrain,Y Shape,Asphalt roads,Dry,Daylight,Unknown,Vehicle Collision,2,3,Moving forward,Male,18-30,3,Driver,Normal,Not a Pedestrian,No distancing,Slight Injury
08:00:00,Wednesday,31-50,Male,Junior high school,Employee,Above 10yr,Other,Owner,Unknown,Office areas,Two-way (divided with broken lines road marking),Tangent road with flat terrain,Y Shape,Asphalt roads,Dry,Daylight,Unknown,Vehicle Collision,2,3,Moving forward,Male,18-30,3,Driver,Normal,Not a Pedestrian,Other,Slight Injury
08:00:00,Wednesday,31-50,Male,Junior high school,Employee,Below 1yr,Automobile,Owner,Unknown,Office areas,Undivided Two way,Tangent road with flat terrain,Y Shape,Asphalt roads,Dry,Daylight,Unknown,Vehicle Collision,2,3,Moving forward,Female,18-30,3,Driver,Normal,Not a Pedestrian,No distancing,Slight Injury
20:00:00,Sunday,18-30,Male,Junior high school,Employee,Below 1yr,Automobile,Owner,Below 1yr,Office areas,Two-way (divided with broken lines road marking),Tangent road with flat terrain,No junction,Asphalt roads,Dry,Darkness - lights lit,Normal,Vehicle Collision,2,1,Moving forward,na,na,na,Self-employed,Normal,Not a Pedestrian,No priority to pedestrian,Serious Injury
20:00:00,Sunday,18-30,Male,Junior high school,Owner,5-10yr,Public (13 - 45 seats),Organization,1-2yr, Church areas,,Tangent road with flat terrain,No junction,Asphalt roads,Dry,Darkness - lights lit,Normal,Vehicle Collision,2,1,Moving forward,Male,18-30,2,Self-employed,Normal,Not a Pedestrian,Moving Backward,Serious Injury
15:00:00,Tuesday,31-50,Male,Junior high school,Employee,2-5yr,Public (13 - 45 seats),Owner,Unknown,Office areas,Two-way (divided with broken lines road marking),Tangent road with flat terrain,No junction,Asphalt roads,Dry,Daylight,Normal,Vehicle Collision,1,1,Moving forward,na,na,na,Driver,Normal,Not a Pedestrian,No priority to pedestrian,Slight Injury
06:00:00,Thursday,31-50,Male,Junior high school,Employee,5-10yr,Automobile,Owner,1-2yr,Office areas,Two-way (divided with broken lines road marking),Tangent road with mild grade and flat terrain,No junction,Asphalt roads,Wet or damp,Daylight,Normal,Vehicle Collision,2,1,Moving forward,na,na,na,Driver,Normal,Not a Pedestrian,No distancing,Slight Injury
06:00:00,Thursday,Unknown,Male,Elementary school,Employee,No Licence,Other,Owner,Unknown,Office areas,Two-way (divided with broken lines road marking),Tangent road with mild grade and flat terrain,No junction,Asphalt roads,Wet or damp,Daylight,Normal,Vehicle Collision,2,1,Moving forward,na,na,na,,,Not a Pedestrian,No priority to pedestrian,Slight Injury
18:00:00,Monday,Unknown,Female,Junior high school,Employee,Above 10yr,Pick up upto 10 Quintal,Owner,5-10yrs,Office areas,Two-way (divided with broken lines road marking),Tangent road with flat terrain,Other,Asphalt roads,Dry,Daylight,Unknown,Stationary Object Collision,1,1,Moving forward,Male,31-50,3,Driver,Normal,Not a Pedestrian,Driving carelessly,Serious Injury
18:00:00,Thursday,Under 18,Male,Junior high school,Owner,Above 10yr,Lorry (41 - 100 Quintal),Owner,Unknown,Other,Two-way (divided with broken lines road marking),Tangent road with flat terrain,No junction,Asphalt roads,Dry,Daylight,Normal,Vehicle Collision,2,1,Moving forward,Female,31-50,3,Driver,Normal,Not a Pedestrian,Getting off the vehicle improperly,Slight Injury
18:00:00,Thursday,Unknown,Male,Junior high school,Employee,Above 10yr,Automobile,Owner,Unknown,Residential areas,Double carriageway (median),Tangent road with flat terrain,No junction,Asphalt roads,Dry,Daylight,Normal,Stationary Object Collision,2,1,Moving backward,na,na,na,Driver,Normal,Not a Pedestrian,Driving carelessly,Slight Injury
15:00:00,Thursday,Unknown,Female,Junior high school,Employee,Above 10yr,Automobile,Owner,Unknown, Church areas,Undivided Two way,Tangent road with flat terrain,Y Shape,Asphalt roads,Dry,Daylight,Normal,Vehicle Collision,1,1,Moving forward,na,na,na,,Normal,Not a Pedestrian,Changing lane to the left,Slight Injury
13:00:00,Monday,31-50,Male,Junior high school,Owner,5-10yr,Lorry (41 - 100 Quintal),Owner,Unknown,Other,Two-way (divided with broken lines road marking),Tangent road with flat terrain,Y Shape,Asphalt roads,Dry,Daylight,Unknown,Vehicle Collision,2,1,Other,Male,18-30,3,,,Not a Pedestrian,No priority to vehicle,Slight Injury
13:00:00,Monday,Under 18,Male,Junior high school,Employee,Below 1yr,Automobile,Owner,Unknown,  Recreational areas,Two-way (divided with broken lines road marking),Tangent road with flat terrain,Y Shape,Asphalt roads,Dry,Daylight,Unknown,Vehicle Collision,2,1,Moving forward,Female,Over 51,3,Driver,Normal,Not a Pedestrian,Changing lane to the right,Slight Injury
22:00:00,Saturday,Unknown,Female,Junior high school,Employee,2-5yr,Other,Owner,Unknown,Other,,Tangent road with flat terrain,Other,Asphalt roads,Dry,Darkness - lights lit,Normal,Pedestrian Collision,2,2,Exiting,Male,Under 18,3,Driver,Normal,Not a Pedestrian,Changing lane to the right,Slight Injury
22:00:00,Saturday,Over 51,Male,Junior high school,Employee,5-10yr,Automobile,Owner,Unknown, Industrial areas,Undivided Two way,Tangent road with mild grade and flat terrain,Other,Asphalt roads,Dry,Darkness - lights lit,Normal,Vehicle Collision,2,2,Moving forward,na,na,na,Self-employed,Normal,Not a Pedestrian,No distancing,Slight Injury