Time,Day,Age_band_of_driver,Sex_of_driver,Educational_level,Vehicle_driver_relation,Driving_experience,Type_of_vehicle,Owner_of_vehicle,Service_year_of_vehicle,Area_accident_occured,Lanes_or_Medians,Road_allignment,Types_of_Junction,Road_surface_type,Road_surface_conditions,Light_conditions,Weather_conditions,Type_of_collision,Number_of_vehicles_involved,Number_of_casualties,Vehicle_movement,Sex_of_casualty,Age_band_of_casualty,Casualty_severity,Work_of_casuality,Fitness_of_casuality,Pedestrian_movement,Cause_of_accident,Accident_severity
15:00:00,Saturday,18-30,Male,Above high school,Employee,1-2yr,Automobile,Owner,Unknown,Other,Two-way (divided with broken lines road marking),Tangent road with flat terrain,Y Shape,Asphalt roads,Dry,Daylight,Normal,Vehicle Collision,1,1,Moving forward,Male,18-30,3,Driver,Normal,Not a Pedestrian,No distancing,Serious Injury
07:00:00,Friday,Over 51,Male,Junior high school,Employee,1-2yr,Automobile,Owner,Unknown,Other,other,Tangent road with flat terrain,Y Shape,Asphalt roads,Dry,Daylight,Normal,Vehicle Collision,2,1,Moving forward,Male,31-50,3,Driver,Normal,Not a Pedestrian,Changing lane to the left,Slight Injury
07:00:00,Friday,Under 18,Male,Junior high school,Employee,1-2yr,Automobile,Owner,5-10yrs, Church areas,other,Tangent road with flat terrain,Y Shape,Asphalt roads,Dry,Daylight,Normal,Pedestrian Collision,2,1,Moving forward,na,na,na,Driver,Normal,Not a Pedestrian,Changing lane to the right,Slight Injury
22:00:00,Sunday,18-30,Male,Unknown,Employee,5-10yr,Lorry (41 - 100 Quintal),Owner,5-10yrs, Church areas,Undivided Two way,Tangent road with flat terrain,No junction,Asphalt roads,Dry,Darkness - lights lit,Normal,Stationary Object Collision,1,2,Turning,Female,Under 18,3,,,Not a Pedestrian,No priority to vehicle,Slight Injury
22:00:00,Sunday,18-30,Male,Junior high school,Employee,Above 10yr,Other,Owner,Unknown,Other,Two-way (divided with broken lines road marking),Tangent road with flat terrain,No junction,Asphalt roads,Dry,Darkness - lights lit,Normal,Vehicle Collision,1,2,Moving forward,Female,31-50,2,Driver,Normal,Not a Pedestrian,Changing lane to the left,Slight Injury
15:00:00,Saturday,31-50,Male,Junior high school,Employee,Above 10yr,Pick up upto 10 Quintal,Owner,Unknown,Other,One way,Tangent road with flat terrain,No junction,Asphalt roads,Dry,Daylight,Normal,Vehicle Collision,2,1,Moving forward,na,na,na,Driver,Normal,Not a Pedestrian,No priority to vehicle,Slight Injury
15:00:00,Saturday,18-30,Male,Junior high school,Employee,5-10yr,Stationwagen,Governmental,2-5yrs,  Recreational areas,Two-way (divided with broken lines road marking),Tangent road with flat terrain,No junction,Asphalt roads,Dry,Daylight,Normal,Vehicle Collision,2,1,Moving forward,Female,31-50,3,Self-employed,Normal,Not a Pedestrian,Moving Backward,Slight Injury
18:00:00,Wednesday,Unknown,Male,Junior high school,Employee,2-5yr,Other,Owner,2-5yrs,Other,Undivided Two way,Tangent road with flat terrain,Y Shape,Asphalt roads,Dry,Daylight,Normal,Vehicle Collision,2,1,Moving forward,na,na,na,,Normal,Not a Pedestrian,Turnover,Slight Injury
18:00:00,Wednesday,18-30,Male,Junior high school,Employee,Below 1yr,Pick up upto 10 Quintal,Owner,5-10yrs,Office areas,Undivided Two way,Tangent road with flat terrain,Y Shape,Asphalt roads,Dry,Daylight,Normal,Vehicle Collision,2,1,Other,na,na,na,,,Not a Pedestrian,No distancing,Slight Injury
17:00:00,Monday,18-30,Male,Junior high school,Employee,1-2yr,Stationwagen,Owner,5-10yrs, Church areas,Two-way (divided with broken lines road marking),Tangent road with flat terrain,T Shape,Asphalt roads,Dry,Daylight,Normal,Vehicle Collision,2,1,Moving forward,Male,18-30,3,Driver,Normal,Not a Pedestrian,No distancing,Slight Injury
17:00:00,Monday,Unknown,Female,Junior high school,Employee,5-10yr,Lorry (41 - 100 Quintal),Owner,2-5yrs,Office areas,Two-way (divided with broken lines road marking),Tangent road with flat terrain,T Shape,Asphalt roads,Dry,Daylight,Normal,Vehicle Collision,2,1,Turning,Female,31-50,3,Driver,Normal,Not a Pedestrian,No distancing,Slight Injury
15:00:00,Tuesday,31-50,Male,Junior high school,Employee,Below 1yr,Automobile,Owner,Unknown,Office areas,Undivided Two way,Tangent road with mountainous terrain and,No junction,Asphalt roads,Wet or damp,Daylight,Raining,Stationary Object Collision,1,1,Moving forward,na,na,na,Driver,Normal,Not a Pedestrian,Changing lane to the left,Slight Injury
15:00:00,Sunday,18-30,Male,Elementary school,Employee,5-10yr,Automobile,Owner,2-5yrs,Other,Undivided Two way,Tangent road with flat terrain,No junction,Asphalt roads,Dry,Daylight,Normal,Stationary Object Collision,1,1,Moving forward,Female,31-50,2,,,Not a Pedestrian,No priority to vehicle,Slight Injury
08:00:00,Friday,31-50,Male,Junior high school,Employee,2-5yr,Automobile,Governmental,Unknown,Residential areas,Two-way (divided with broken lines road marking),Tangent road with flat terrain,No junction,Asphalt roads,Wet or damp,Daylight,Normal,Vehicle Collision,1,1,Moving forward,Female,31-50,3,Driver,Normal,Not a Pedestrian,Driving at high speed,Slight Injury
10:00:00,Tuesday,31-50,Male,Junior high school,Employee,5-10yr,Automobile,Owner,2-5yrs,Office areas,Two-way (divided with broken lines road marking),Tangent road with mild grade and flat terrain,Y Shape,Asphalt roads,Dry,Daylight,Normal,Vehicle Collision,1,1,Moving forward,na,na,na,Self-employed,Normal,Not a Pedestrian,Overtaking,Slight Injury
14:00:00,Saturday,18-30,Male,Elementary school,Employee,5-10yr,Turbo,Owner,2-5yrs,Residential areas,other,Tangent road with flat terrain,Unknown,Asphalt roads,Dry,Daylight,Normal,Vehicle Collision,4,3,Moving forward,Male,18-30,3,Self-employed,Normal,Not a Pedestrian,Other,Slight Injury
14:00:00,Saturday,18-30,Male,Junior high school,Employee,Above 10yr,Automobile,Owner,Unknown,Residential areas,Two-way (divided with broken lines road marking),Tangent road with flat terrain,Unknown,Gravel roads,Dry,Daylight,Normal,Vehicle Collision,4,3,Other,na,na,na,,,Not a Pedestrian,Changing lane to the left,Slight Injury
14:00:00,Saturday,Over 51,Male,Junior high school,Employee,1-2yr,Stationwagen,Owner,Unknown,Other,Double carriageway (median),Tangent road with flat terrain,Unknown,Asphalt roads,Dry,Daylight,Normal,Vehicle Collision,4,3,Moving forward,Female,18-30,3,,Normal,Not a Pedestrian,No priority to pedestrian,Slight Injury
14:00:00,Saturday,31-50,Male,High school,Employee,Below 1yr,Automobile,Owner,Unknown, Hospital areas,One way,Tangent road with flat terrain,Unknown,Asphalt roads,Dry,Daylight,Normal,Self-accident,4,3,Moving forward,na,na,na,Driver,Normal,Not a Pedestrian,Changing lane to the left,Slight Injury
09:00:00,Saturday,Unknown,Male,Elementary school,Employee,Above 10yr,Automobile,Governmental,Unknown,Other,Undivided Two way,Tangent road with flat terrain,No junction,Asphalt roads,Dry,Darkness - lights lit,Normal,Vehicle Collision,2,1,Other,Male,31-50,3,Driver,Normal,Not a Pedestrian,No distancing,Slight Injury
09:00:00,Saturday,18-30,Male,High school,Owner,1-2yr,Automobile,Owner,Unknown,Other,Undivided Two way,Tangent road with flat terrain,No junction,Asphalt roads,Dry,Darkness - lights lit,Normal,Stationary Object Collision,2,1,Moving forward,na,na,na,,,Not a Pedestrian,Moving Backward,Slight Injury
10:00:00,Saturday,Unknown,Male,Junior high school,Employee,2-5yr,Pick up upto 10 Quintal,Owner,Unknown,  Recreational areas,One way,Tangent road with mild grade and flat terrain,Y Shape,Asphalt roads,Dry,Daylight,Normal,Pedestrian Collision,2,1,Moving forward,na,na,na,Driver,Normal,Not a Pedestrian,Changing lane to the left,Slight Injury
10:00:00,Saturday,18-30,Male,Junior high school,Employee,5-10yr,Lorry (41 - 100 Quintal),Owner,Unknown,Other,Undivided Two way,Tangent road with flat terrain,Y Shape,Asphalt roads,Dry,Daylight,Normal,Vehicle Collision,2,1,Moving forward,Male,Under 18,3,Self-employed,Normal,Not a Pedestrian,Other,Slight Injury
19:00:00,Monday,18-30,Male,High school,Owner,2-5yr,Lorry (41 - 100 Quintal),Owner,Unknown,Other,Undivided Two way,Tangent road with flat terrain,Y Shape,Asphalt roads,Wet or damp,Daylight,Raining,Vehicle Collision,2,1,Moving forward,Male,31-50,3,Self-employed,Normal,Not a Pedestrian,No distancing,Slight Injury
19:00:00,Monday,Unknown,Male,High school,Employee,Above 10yr,Automobile,Owner,Unknown,Other,Undivided Two way,Tangent road with flat terrain,Y Shape,Asphalt roads,Wet or damp,Daylight,Raining,Vehicle Collision,2,1,Moving forward,na,na,na,Self-employed,Normal,Not a Pedestrian,Moving Backward,Slight Injury
13:00:00,Sunday,18-30,Male,Junior high school,Employee,1-2yr,Lorry (41 - 100 Quintal),Owner,Below 1yr,Office areas,Two-way (divided with broken lines road marking),Tangent road with flat terrain,Crossing,Asphalt roads,Dry,Daylight,Normal,Vehicle Collision,2,2,Moving backward,na,na,na,,,Not a Pedestrian,No distancing,Slight Injury
13:00:00,Sunday,18-30,Male,Elementary school,Employee,1-2yr,Lorry (41 - 100 Quintal),Owner,2-5yrs,Other,Two-way (divided with broken lines road marking),Tangent road with mild grade and flat terrain,Crossing,Asphalt roads with some distress,Dry,Daylight,Normal,Vehicle Collision,2,2,Moving backward,Female,31-50,3,Self-employed,Normal,Not a Pedestrian,Changing lane to the left,Slight Injury
19:00:00,Tuesday,31-50,Male,High school,Employee,1-2yr,Lorry (41 - 100 Quintal),Owner,Unknown,Residential areas,Two-way (divided with broken lines road marking),Tangent road with flat terrain,No junction,Asphalt roads,Dry,Daylight,Normal,Vehicle Collision,2,5,Moving forward,Female,5,3,Self-employed,Normal,Not a Pedestrian,Changing lane to the left,Slight Injury
19:00:00,Tuesday,31-50,Male,Above high school,Employee,5-10yr,Lorry (41 - 100 Quintal),Owner,5-10yrs,Other,Undivided Two way,Tangent road with flat terrain,No junction,Asphalt roads,Dry,Daylight,Normal,Vehicle Collision,2,5,Moving forward,Male,31-50,3,Driver,Deaf,Crossing from nearside - masked by parked or statioNot a Pedestrianry vehicle,No priority to pedestrian,Slight Injury
19:00:00,Tuesday,31-50,Male,Junior high school,Employee,5-10yr,Automobile,Owner,Unknown,Other,Undivided Two way,Tangent road with flat terrain,No junction,Asphalt roads,Dry,Daylight,Normal,Stationary Object Collision,2,5,Moving forward,Male,5,3,Driver,Normal,Not a Pedestrian,Changing lane to the left,Slight Injury
19:00:00,Tuesday,31-50,Male,Junior high school,Employee,5-10yr,Automobile,Owner,Unknown, Church areas,Undivided Two way,Tangent road with flat terrain,No junction,Asphalt roads,Dry,Daylight,Normal,Self-accident,2,5,Moving forward,na,na,na,Self-employed,Normal,Not a Pedestrian,Driving carelessly,Slight Injury
19:00:00,Tuesday,31-50,Male,Elementary school,Owner,5-10yr,Automobile,Owner,1-2yr,Office areas,Undivided Two way,Tangent road with flat terrain,No junction,Asphalt roads,Dry,Daylight,Normal,Vehicle Collision,2,5,Moving forward,Male,Under 18,3,Self-employed,Normal,Not a Pedestrian,Driving carelessly,Slight Injury
19:00:00,Tuesday,Unknown,Male,Elementary school,Employee,5-10yr,Public (13 - 45 seats),Owner,Above 10yr,School areas,other,Tangent road with flat terrain,No junction,Asphalt roads,Dry,Daylight,Normal,Pedestrian Collision,2,5,Moving forward,na,na,na,Driver,Normal,Not a Pedestrian,No priority to pedestrian,Slight Injury
21:00:00,Sunday,Unknown,Male,High school,Owner,5-10yr,Automobile,Owner,2-5yrs,Other,Undivided Two way,Tangent road with flat terrain,No junction,Asphalt roads,Wet or damp,Darkness - lights lit,Normal,Vehicle Collision,2,1,Moving forward,Female,31-50,3,Driver,Normal,Not a Pedestrian,Getting off the vehicle improperly,Slight Injury
21:00:00,Sunday,31-50,Male,Junior high school,Employee,5-10yr,Public (13 - 45 seats),Owner,1-2yr,Office areas,Undivided Two way,Tangent road with flat terrain,No junction,Asphalt roads,Wet or damp,Darkness - lights lit,Normal,Vehicle Collision,2,1,Moving forward,Male,18-30,3,,,Unknown or other,No distancing,Slight Injury
21:00:00,Tuesday,18-30,Male,Junior high school,Owner,1-2yr,Public (13 - 45 seats),Owner,1-2yr,Residential areas,other,Steep grade downward with mountainous terrain,No junction,Asphalt roads,Wet or damp,Darkness - lights unlit,Raining,Pedestrian Collision,1,1,Moving forward,Female,31-50,3,Driver,Normal,Not a Pedestrian,Changing lane to the left,Serious Injury
17:00:00,Friday,18-30,Male,Junior high school,Employee,2-5yr,Automobile,Owner,1-2yr, Industrial areas,One way,Tangent road with flat terrain,Y Shape,Asphalt roads,Dry,Daylight,Normal,Pedestrian Collision,2,1,Moving forward,Male,Over 51,3,Driver,Normal,Not a Pedestrian,No priority to vehicle,Slight Injury
17:00:00,Friday,Over 51,Male,Junior high school,Owner,5-10yr,Lorry (11 - 40 Quintal),Owner,2-5yrs,Other,Undivided Two way,Tangent road with flat terrain,Y Shape,Asphalt roads,Dry,Daylight,Normal,Vehicle Collision,2,1,Moving forward,Male,18-30,3,Student,Normal,Not a Pedestrian,No distancing,Slight Injury
06:00:00,Friday,18-30,Male,Junior high school,Owner,Above 10yr,Automobile,Owner,1-2yr,Residential areas,Undivided Two way,Tangent road with flat terrain,Unknown,Asphalt roads,Dry,Daylight,Normal,Vehicle Collision,2,1,Moving forward,Male,18-30,3,Employee,Normal,Not a Pedestrian,No priority to pedestrian,Slight Injury
06:00:00,Friday,18-30,Male,High school,Employee,5-10yr,Lorry (41 - 100 Quintal),Owner,1-2yr,  Recreational areas,Two-way (divided with broken lines road marking),Tangent road with flat terrain,Unknown,Asphalt roads,Dry,Daylight,Normal,Vehicle Collision,2,1,Other,na,na,na,Driver,Normal,Not a Pedestrian,No priority to pedestrian,Slight Injury
15:00:00,Monday,31-50,Male,High school,Owner,2-5yr,Other,Owner,Unknown,Office areas,other,Tangent road with flat terrain,Crossing,Asphalt roads,Dry,Daylight,Normal,Vehicle Collision,1,1,Moving forward,Male,5,3,Other,Normal,Not a Pedestrian,No priority to vehicle,Serious Injury
14:00:00,Saturday,Over 51,Male,Junior high school,Employee,5-10yr,Pick up upto 10 Quintal,Owner,Unknown, Outside rural areas,Two-way (divided with broken lines road marking),Tangent road with flat terrain,Y Shape,Asphalt roads,Dry,Daylight,Normal,Vehicle Collision,2,1,Moving backward,Female,18-30,3,,Normal,Not a Pedestrian,Driving carelessly,Serious Injury
14:00:00,Saturday,Unknown,Male,Elementary school,Employee,2-5yr,Lorry (11 - 40 Quintal),Owner,1-2yr, Outside rural areas,Two-way (divided with broken lines road marking),Tangent road with flat terrain,Y Shape,Asphalt roads,Dry,Daylight,Normal,Stationary Object Collision,2,1,Other,Female,31-50,3,,,Not a Pedestrian,Changing lane to the right,Serious Injury
15:00:00,Sunday,18-30,Male,Elementary school,Employee,5-10yr,Motorcycle,Owner,1-2yr, Outside rural areas,Undivided Two way,Tangent road with flat terrain,Y Shape,Asphalt roads,Dry,Daylight,Normal,Vehicle Collision,2,1,Moving forward,Male,31-50,3,,,Not a Pedestrian,Changing lane to the left,Serious Injury
15:00:00,Sunday,Under 18,Male,Junior high school,Employee,1-2yr,Pick up upto 10 Quintal,Governmental,Below 1yr, Outside rural areas,Undivided Two way,Tangent road with flat terrain,Y Shape,Asphalt roads,Dry,Daylight,Normal,Vehicle Collision,2,1,Moving forward,na,na,na,Employee,,Not a Pedestrian,Moving Backward,Serious Injury
08:00:00,Wednesday,31-50,Male,Junior high school,Employee,5-10yr,Lorry (11 - 40 Quintal),Owner,Unknown, Outside rural areas,other,Steep grade downward with mountainous terrain,Y Shape,Asphalt roads,Dry,Daylight,Normal,Vehicle Collision,2,2,Moving forward,Male,Under 18,3,Driver,,Not a Pedestrian,Driving carelessly,Slight Injury
08:00:00,Wednesday,18-30,Male,Junior high school,Employee,5-10yr,Lorry (11 - 40 Quintal),Owner,Unknown,School areas,other,Steep grade downward with mountainous terrain,Y Shape,Asphalt roads,Dry,Daylight,Normal,Vehicle Collision,2,2,Moving forward,na,na,na,Driver,,Not a Pedestrian,Driving to the left,Slight Injury
08:00:00,Tuesday,Under 18,Male,Elementary school,Employee,Above 10yr,Automobile,Owner,Above 10yr, Outside rural areas,Two-way (divided with broken lines road marking),Tangent road with flat terrain,Y Shape,Asphalt roads,Dry,Daylight,Normal,Vehicle Collision,3,3,Moving forward,Male,31-50,3,Driver,,Not a Pedestrian,Driving to the left,Slight Injury
08:00:00,Tuesday,31-50,Male,Elementary school,Employee,Below 1yr,Automobile,Owner,Unknown, Outside rural areas,Undivided Two way,Tangent road with flat terrain,Y Shape,Asphalt roads,Dry,Daylight,Normal,Vehicle Collision,3,3,Moving forward,na,na,na,Self-employed,Normal,Not a Pedestrian,No priority to pedestrian,Slight Injury
08:00:00,Tuesday,31-50,Male,Junior high school,Employee,2-5yr,Other,Owner,Unknown, Outside rural areas,Two-way (divided with broken lines road marking),Escarpments,Y Shape,Asphalt roads,Dry,Daylight,Normal,Vehicle Collision,3,3,Moving forward,Male,Over 51,3,Driver,Normal,Crossing from nearside - masked by parked or statioNot a Pedestrianry vehicle,Changing lane to the left,Slight Injury
09:00:00,Wednesday,31-50,Male,Elementary school,Owner,1-2yr,Other,Owner,2-5yrs, Outside rural areas,Two-way (divided with broken lines road marking),Tangent road with mountainous terrain and,No junction,Asphalt roads,Wet or damp,Daylight,Raining,Vehicle Collision,2,1,Moving forward,Male,31-50,3,Other,Normal,Not a Pedestrian,Changing lane to the right,Slight Injury
09:00:00,Wednesday,Over 51,Male,Junior high school,Owner,5-10yr,Automobile,Owner,2-5yrs,Office areas,Undivided Two way,Tangent road with mountainous terrain and,No junction,Asphalt roads,Wet or damp,Daylight,Raining,Vehicle Collision,2,1,Moving forward,Male,Over 51,3,,,Not a Pedestrian,Driving carelessly,Slight Injury
08:00:00,Wednesday,18-30,Male,Junior high school,Employee,2-5yr,Taxi,Owner,2-5yrs, Outside rural areas,Undivided Two way,Tangent road with mountainous terrain and,Y Shape,Asphalt roads,Wet or damp,Daylight,Raining,Vehicle Collision,1,1,Other,Female,Over 51,3,Driver,Normal,Not a Pedestrian,No distancing,Slight Injury
06:00:00,Tuesday,18-30,Male,Junior high school,Employee,2-5yr,Other,Owner,Unknown, Outside rural areas,Undivided Two way,Tangent road with mountainous terrain and,Y Shape,Asphalt roads,Dry,Daylight,Normal,Vehicle Collision,2,1,Moving backward,na,na,na,Self-employed,Normal,Not a Pedestrian,Getting off the vehicle improperly,Slight Injury
06:00:00,Tuesday,18-30,Male,High school,Employee,2-5yr,Taxi,Owner,2-5yrs, Outside rural areas,Undivided Two way,Tangent road with flat terrain,Y Shape,Asphalt roads,Dry,Daylight,Normal,Vehicle Collision,2,1,Other,Female,18-30,3,Self-employed,Normal,Not a Pedestrian,Driving under the influence of drugs,Slight Injury
08:00:00,Tuesday,31-50,Male,Junior high school,Employee,Above 10yr,Lorry (11 - 40 Quintal),Owner,Unknown,Office areas,Undivided Two way,Tangent road with flat terrain,Y Shape,Asphalt roads,Dry,Daylight,Normal,Vehicle Collision,2,2,Other,Male,18-30,3,Self-employed,Normal,Not a Pedestrian,Changing lane to the right,Slight Injury
08:00:00,Tuesday,18-30,Male,Junior high school,Employee,2-5yr,Automobile,Owner,Unknown,  Recreational areas,Undivided Two way,Tangent road with flat terrain,Y Shape,Asphalt roads,Dry,Daylight,Normal,Vehicle Collision,2,2,Moving backward,Male,Under 18,3,,Other,Not a Pedestrian,Driving carelessly,Slight Injury
18:00:00,Sunday,18-30,Male,Junior high school,Employee,1-2yr,Other,Owner,Above 10yr,Office areas,Undivided Two way,Tangent road with flat terrain,No junction,Asphalt roads,Dry,Daylight,Normal,Vehicle Collision,2,1,Moving forward,na,na,na,Driver,Blind,Not a Pedestrian,Moving Backward,Slight Injury
18:00:00,Sunday,Unknown,Female,Junior high school,Employee,2-5yr,Automobile,Owner,2-5yrs,Other,Two-way (divided with broken lines road marking),Tangent road with mild grade and flat terrain,No junction,Asphalt roads,Dry,Daylight,Normal,Stationary Object Collision,2,1,Moving forward,Female,31-50,3,Driver,Normal,Not a Pedestrian,Turnover,Slight Injury
16:00:00,Saturday,Under 18,Male,Junior high school,Employee,5-10yr,Automobile,Owner,Above 10yr,Residential areas,Two-way (divided with broken lines road marking),Tangent road with flat terrain,Y Shape,Asphalt roads,Dry,Daylight,Normal,Vehicle Collision,2,1,Moving forward,na,na,na,Self-employed,Normal,Not a Pedestrian,Changing lane to the right,Slight Injury
16:00:00,Saturday,Unknown,Male,Junior high school,Employee,1-2yr,Automobile,Owner,Above 10yr,Residential areas,other,Tangent road with flat terrain,Y Shape,Asphalt roads,Dry,Daylight,Normal,Vehicle Collision,2,1,Moving forward,Male,31-50,3,Driver,Normal,Not a Pedestrian,Driving carelessly,Slight Injury
08:00:00,Wednesday,18-30,Male,Elementary school,Employee,1-2yr,Automobile,Owner,Unknown,Residential areas,Undivided Two way,Tangent road with flat terrain,Y Shape,Asphalt roads,Dry,Daylight,Normal,Vehicle Collision,2,2,Turning,na,na,na,Driver,Normal,Not a Pedestrian,No priority to vehicle,Slight Injury
08:00:00,Wednesday,31-50,Male,Junior high school,Employee,2-5yr,Lorry (41 - 100 Quintal),Owner,Above 10yr,Other,Undivided Two way,Tangent road with flat terrain,Y Shape,Asphalt roads,Dry,Daylight,Normal,Vehicle Collision,2,2,Moving forward,Female,31-50,3,Driver,Normal,Not a Pedestrian,Moving Backward,Slight Injury
14:00:00,Wednesday,Over 51,Male,Junior high school,Employee,Above 10yr,Other,Owner,Unknown,Office areas,Two-way (divided with broken lines road marking),Tangent road with flat terrain,O Shape,Asphalt roads,Wet or damp,Daylight,Raining,Pedestrian Collision,2,2,Moving forward,Male,Under 18,3,Driver,Normal,Not a Pedestrian,Changing lane to the left,Slight Injury
14:00:00,Wednesday,31-50,Male,Junior high school,Employee,Below 1yr,Pick up upto 10 Quintal,Owner,Unknown,Other,Two-way (divided with broken lines road marking),Tangent road with flat terrain,O Shape,Asphalt roads,Wet or damp,Daylight,Raining,Vehicle Collision,2,2,Moving forward,Male,31-50,3,Driver,Normal,Not a Pedestrian,Overturning,Slight Injury
14:00:00,Wednesday,31-50,Male,Junior high school,Employee,Above 10yr,Pick up upto 10 Quintal,Owner,Above 10yr,Other,other,Tangent road with flat terrain,O Shape,Asphalt roads,Wet or damp,Daylight,Raining,Vehicle Collision,2,2,Moving forward,Female,18-30,3,Driver,Normal,Not a Pedestrian,No distancing,Slight Injury
13:00:00,Saturday,18-30,Unknown,Elementary school,Owner,5-10yr,Automobile,Owner,5-10yrs,Office areas,Two-way (divided with broken lines road marking),Tangent road with flat terrain,No junction,Asphalt roads,Dry,Daylight,Normal,Vehicle Collision,2,2,Moving forward,na,na,na,,Normal,Not a Pedestrian,Driving carelessly,Slight Injury
13:00:00,Saturday,18-30,Male,Elementary school,Employee,Above 10yr,Long lorry,Owner,Below 1yr, Church areas,other,Tangent road with flat terrain,No junction,Asphalt roads,Dry,Daylight,Normal,Vehicle Collision,2,2,Moving backward,Male,18-30,3,Employee,Normal,Not a Pedestrian,No distancing,Slight Injury
13:00:00,Saturday,Unknown,Female,Junior high school,Employee,1-2yr,Automobile,Owner,Unknown,Other,Two-way (divided with broken lines road marking),Tangent road with flat terrain,No junction,Asphalt roads,Dry,Daylight,Normal,Vehicle Collision,2,2,Moving forward,Female,31-50,3,,,Not a Pedestrian,Changing lane to the left,Slight Injury
12:00:00,Wednesday,18-30,Male,Junior high school,Employee,5-10yr,Public (13 - 45 seats),Owner,Unknown,Other,One way,Tangent road with flat terrain,No junction,Asphalt roads,Wet or damp,Daylight,Raining,Vehicle Collision,3,4,Moving forward,na,na,na,Driver,Normal,Not a Pedestrian,No priority to pedestrian,Slight Injury
12:00:00,Wednesday,18-30,Male,High school,Owner,5-10yr,Lorry (41 - 100 Quintal),Owner,Unknown,Office areas,Double carriageway (median),Tangent road with flat terrain,No junction,Asphalt roads,Wet or damp,Daylight,Raining,Vehicle Collision,3,4,Turning,na,na,na,Self-employed,Normal,Not a Pedestrian,No distancing,Slight Injury
12:00:00,Wednesday,18-30,Male,Elementary school,Employee,2-5yr,Public (13 - 45 seats),Owner,Unknown,Office areas,One way,Tangent road with mild grade and flat terrain,No junction,Asphalt roads,Wet or damp,Daylight,Raining,Vehicle Collision,3,4,Moving forward,Female,18-30,3,Self-employed,Normal,Not a Pedestrian,No distancing,Slight Injury
12:00:00,Wednesday,18-30,Male,Junior high school,Employee,5-10yr,Other,Owner,Unknown,Office areas,Undivided Two way,Tangent road with flat terrain,No junction,Asphalt roads,Wet or damp,Daylight,Raining,Pedestrian Collision,3,4,Moving forward,na,na,na,,,Not a Pedestrian,Changing lane to the left,Slight Injury
12:00:00,Wednesday,Unknown,Male,Junior high school,Employee,5-10yr,Lorry (41 - 100 Quintal),Owner,Unknown,Office areas,Double carriageway (median),Tangent road with flat terrain,No junction,Asphalt roads,Wet or damp,Daylight,Raining,Vehicle Collision,3,4,Moving forward,Male,18-30,3,Self-employed,Normal,Not a Pedestrian,No distancing,Slight Injury
12:00:00,Wednesday,Unknown,Female,High school,Owner,1-2yr,Lorry (41 - 100 Quintal),Owner,Unknown,Other,Two-way (divided with broken lines road marking),Tangent road with flat terrain,No junction,Asphalt roads,Wet or damp,Daylight,Raining,Vehicle Collision,3,4,Moving forward,Male,18-30,3,,,Not a Pedestrian,Changing lane to the left,Slight Injury
17:00:00,Thursday,Over 51,Male,Junior high school,Employee,1-2yr,Long lorry,Owner,Below 1yr,Office areas,Undivided Two way,Tangent road with flat terrain,No junction,Asphalt roads,Dry,Daylight,Normal,Vehicle Collision,1,4,Moving forward,na,na,na,Self-employed,Normal,Not a Pedestrian,No distancing,Slight Injury
17:00:00,Thursday,Over 51,Male,Junior high school,Employee,1-2yr,Pick up upto 10 Quintal,Owner,Unknown,Other,,Tangent road with flat terrain,No junction,Asphalt roads,Dry,Daylight,Normal,Vehicle Collision,1,4,Moving forward,Male,18-30,3,Driver,Normal,Not a Pedestrian,No distancing,Slight Injury
17:00:00,Thursday,Over 51,Male,Junior high school,Employee,Above 10yr,Pick up upto 10 Quintal,Owner,Unknown,Other,Double carriageway (median),Tangent road with flat terrain,No junction,Asphalt roads,Dry,Daylight,Normal,Stationary Object Collision,1,4,Moving backward,Male,Over 51,3,Self-employed,Normal,Not a Pedestrian,No distancing,Slight Injury
17:00:00,Thursday,Over 51,Male,Junior high school,Employee,1-2yr,Lorry (41 - 100 Quintal),Governmental,Unknown,Other,Two-way (divided with broken lines road marking),Tangent road with flat terrain,No junction,Asphalt roads,Dry,Daylight,Normal,Vehicle Collision,1,4,Moving forward,Female,Over 51,3,Self-employed,Normal,Not a Pedestrian,Changing lane to the left,Slight Injury
13:00:00,Saturday,31-50,Male,High school,Owner,Above 10yr,Lorry (41 - 100 Quintal),Owner,Unknown,Office areas,,Tangent road with flat terrain,Y Shape,Asphalt roads,Dry,Daylight,Normal,Vehicle Collision,3,2,Moving forward,na,na,na,Self-employed,Normal,Not a Pedestrian,Changing lane to the right,Slight Injury
13:00:00,Saturday,18-30,Male,Junior high school,Employee,Above 10yr,Automobile,Owner,Unknown,Office areas,,Tangent road with flat terrain,Y Shape,Asphalt roads,Dry,Daylight,Normal,Vehicle Collision,3,2,Moving forward,na,na,na,Driver,Normal,Not a Pedestrian,Moving Backward,Slight Injury
13:00:00,Saturday,31-50,Male,Junior high school,Employee,1-2yr,Other,Owner,Unknown,Office areas,Two-way (divided with broken lines road marking),Tangent road with flat terrain,Y Shape,Asphalt roads,Dry,Daylight,Normal,Vehicle Collision,3,2,Moving forward,Male,18-30,3,Employee,Normal,Not a Pedestrian,Changing lane to the right,Slight Injury