Time,Day,Age_band_of_driver,Sex_of_driver,Educational_level,Vehicle_driver_relation,Driving_experience,Type_of_vehicle,Owner_of_vehicle,Service_year_of_vehicle,Area_accident_occured,Lanes_or_Medians,Road_allignment,Types_of_Junction,Road_surface_type,Road_surface_conditions,Light_conditions,Weather_conditions,Type_of_collision,Number_of_vehicles_involved,Number_of_casualties,Vehicle_movement,Sex_of_casualty,Age_band_of_casualty,Casualty_severity,Work_of_casuality,Fitness_of_casuality,Pedestrian_movement,Cause_of_accident,Accident_severity
10:00:00,Thursday,18-30,Male,Junior high school,Employee,Above 10yr,Taxi,Owner,2-5yrs, Outside rural areas,Two-way (divided with broken lines road marking),Tangent road with mountainous terrain and,Y Shape,Asphalt roads,Dry,Daylight,Normal,Pedestrian Collision,2,1,Moving backward,na,na,na,Other,Normal,Not a Pedestrian,Turnover,Slight Injury
10:00:00,Thursday,31-50,Male,Elementary school,Owner,5-10yr,Lorry (11 - 40 Quintal),Owner,2-5yrs,Office areas,Undivided Two way,Tangent road with mountainous terrain and,Y Shape,Asphalt roads,Dry,Daylight,Normal,Pedestrian Collision,2,1,Moving backward,Female,31-50,3,,,Not a Pedestrian,Changing lane to the right,Slight Injury
10:00:00,Sunday,18-30,Male,Elementary school,Employee,Above 10yr,Automobile,Owner,2-5yrs, Outside rural areas,Undivided Two way,Tangent road with mountainous terrain and,No junction,Asphalt roads,Dry,Daylight,Normal,Vehicle Collision,1,1,Moving forward,na,na,na,Driver,Normal,Not a Pedestrian,Driving carelessly,Serious Injury
13:00:00,Sunday,Unknown,Male,Junior high school,Employee,1-2yr,Other,Owner,Unknown, Outside rural areas,Undivided Two way,Tangent road with mountainous terrain and,No junction,Asphalt roads,Dry,Daylight,Normal,Vehicle Collision,1,1,Moving forward,Male,18-30,3,Self-employed,Normal,Not a Pedestrian,No priority to vehicle,Slight Injury
15:00:00,Friday,Unknown,Male,Junior high school,Employee,5-10yr,Automobile,Owner,2-5yrs, Outside rural areas,Undivided Two way,Tangent road with flat terrain,No junction,Asphalt roads,Dry,Daylight,Normal,Vehicle Collision,2,1,Moving forward,Female,Over 51,3,Self-employed,Normal,Crossing from nearside - masked by parked or statioNot a Pedestrianry vehicle,Moving Backward,Serious Injury
15:00:00,Friday,Under 18,Male,High school,Owner,5-10yr,Automobile,Owner,Unknown,Office areas,Undivided Two way,Tangent road with flat terrain,No junction,Asphalt roads,Dry,Daylight,Normal,Stationary Object Collision,2,1,Moving forward,na,na,na,Self-employed,Normal,Not a Pedestrian,Changing lane to the left,Serious Injury
15:00:00,Wednesday,Under 18,Male,Elementary school,Employee,2-5yr,Automobile,Owner,Unknown,  Recreational areas,Undivided Two way,Tangent road with flat terrain,Y Shape,Asphalt roads,Wet or damp,Daylight,Raining,Vehicle Collision,1,1,Moving forward,Male,31-50,3,,Other,Not a Pedestrian,Overturning,Serious Injury
15:00:00,Thursday,Unknown,Male,Junior high school,Employee,5-10yr,Automobile,Owner,Above 10yr,Office areas,Undivided Two way,Tangent road with flat terrain,Y Shape,Asphalt roads,Dry,Daylight,Normal,Stationary Object Collision,2,1,Moving forward,na,na,na,Driver,Blind,Not a Pedestrian,No distancing,Serious Injury
15:00:00,Thursday,18-30,Male,Junior high school,Employee,5-10yr,Lorry (41 - 100 Quintal),Owner,2-5yrs,Other,Two-way (divided with broken lines road marking),Tangent road with mild grade and flat terrain,Y Shape,Asphalt roads,Dry,Daylight,Normal,Vehicle Collision,2,1,Moving forward,Male,31-50,3,Driver,Normal,Not a Pedestrian,Driving carelessly,Serious Injury
23:00:00,Sunday,Over 51,Male,High school,Owner,1-2yr,Other,Owner,Above 10yr,Residential areas,Two-way (divided with broken lines road marking),Tangent road with flat terrain,Crossing,Asphalt roads,Dry,Darkness - lights lit,Normal,Vehicle Collision,3,1,Moving forward,Female,Over 51,3,Self-employed,Normal,Unknown or other,No distancing,Slight Injury
23:00:00,Sunday,Over 51,Male,Junior high school,Employee,1-2yr,Pick up upto 10 Quintal,Owner,Above 10yr,Residential areas,other,Tangent road with flat terrain,Crossing,Asphalt roads,Dry,Darkness - lights lit,Normal,Stationary Object Collision,3,1,Moving forward,Male,18-30,3,Driver,Normal,Not a Pedestrian,Changing lane to the left,Slight Injury
23:00:00,Sunday,Unknown,Male,Junior high school,Employee,1-2yr,Pick up upto 10 Quintal,Owner,Unknown,Residential areas,Undivided Two way,Tangent road with flat terrain,Crossing,Asphalt roads,Dry,Darkness - lights lit,Normal,Vehicle Collision,3,1,Moving forward,na,na,na,Driver,Normal,Not a Pedestrian,No priority to pedestrian,Slight Injury
16:00:00,Monday,Unknown,Male,Junior high school,Employee,Above 10yr,Automobile,Owner,Above 10yr,Other,Undivided Two way,Tangent road with flat terrain,Y Shape,Asphalt roads,Wet or damp,Daylight,Raining,Vehicle Collision,2,1,Moving forward,Male,31-50,3,Driver,Normal,Not a Pedestrian,No distancing,Slight Injury
16:00:00,Monday,Under 18,Male,Junior high school,Employee,1-2yr,Long lorry,Owner,Unknown,Office areas,Two-way (divided with broken lines road marking),Tangent road with flat terrain,Y Shape,Asphalt roads,Wet or damp,Daylight,Raining,Stationary Object Collision,2,1,Moving forward,Male,18-30,3,Driver,Normal,Not a Pedestrian,No distancing,Slight Injury
17:00:00,Saturday,31-50,Male,High school,Owner,Above 10yr,Automobile,Owner,Unknown,Other,Two-way (divided with broken lines road marking),Tangent road with flat terrain,Y Shape,Asphalt roads,Dry,Daylight,Normal,Stationary Object Collision,2,1,Other,na,na,na,Driver,Normal,Not a Pedestrian,Changing lane to the left,Slight Injury
17:00:00,Saturday,31-50,Male,Junior high school,Employee,Above 10yr,Public (13 - 45 seats),Owner,Above 10yr,Other,other,Tangent road with flat terrain,Y Shape,Asphalt roads,Dry,Daylight,Normal,Vehicle Collision,2,1,Moving forward,na,na,na,Driver,Normal,Not a Pedestrian,No distancing,Slight Injury
17:00:00,Wednesday,Under 18,Male,Junior high school,Employee,1-2yr,Lorry (41 - 100 Quintal),Owner,5-10yrs,Office areas,Two-way (divided with broken lines road marking),Tangent road with flat terrain,No junction,Asphalt roads,Dry,Daylight,Normal,Vehicle Collision,2,1,Moving backward,Male,31-50,3,,Normal,Not a Pedestrian,Changing lane to the left,Slight Injury
17:00:00,Wednesday,31-50,Male,Junior high school,Employee,1-2yr,Public (13 - 45 seats),Owner,Below 1yr, Church areas,other,Tangent road with flat terrain,No junction,Asphalt roads,Dry,Daylight,Normal,Vehicle Collision,2,1,Other,na,na,na,Employee,Normal,Not a Pedestrian,No distancing,Slight Injury
23:00:00,Friday,18-30,Male,High school,Employee,2-5yr,Other,Owner,Unknown,Other,Two-way (divided with broken lines road marking),Tangent road with flat terrain,Crossing,Asphalt roads,Dry,Darkness - lights lit,Normal,Vehicle Collision,2,3,Moving forward,Male,31-50,3,,,Not a Pedestrian,No distancing,Slight Injury
23:00:00,Friday,18-30,Male,Junior high school,Employee,2-5yr,Lorry (41 - 100 Quintal),Owner,Unknown,Other,One way,Tangent road with flat terrain,Crossing,Asphalt roads,Dry,Darkness - lights lit,Normal,Vehicle Collision,2,3,Moving forward,Male,18-30,2,Driver,Normal,Not a Pedestrian,No distancing,Slight Injury
23:00:00,Friday,18-30,Male,Junior high school,Employee,1-2yr,Lorry (41 - 100 Quintal),Owner,Unknown,Office areas,Double carriageway (median),Tangent road with flat terrain,Crossing,Asphalt roads,Dry,Darkness - lights lit,Normal,Vehicle Collision,2,3,Moving forward,na,na,na,Self-employed,Normal,Not a Pedestrian,Changing lane to the left,Slight Injury
20:00:00,Friday,Unknown,Female,Elementary school,Employee,5-10yr,Long lorry,Owner,Unknown,Office areas,One way,Tangent road with mild grade and flat terrain,Y Shape,Asphalt roads,Dry,Daylight,Normal,Vehicle Collision,2,1,Moving forward,Female,18-30,3,Self-employed,Normal,Not a Pedestrian,Changing lane to the right,Slight Injury
20:00:00,Friday,31-50,Male,Junior high school,Employee,5-10yr,Pick up upto 10 Quintal,Owner,Unknown,Office areas,Undivided Two way,Tangent road with flat terrain,Y Shape,Asphalt roads,Dry,Daylight,Normal,Vehicle Collision,2,1,Moving forward,na,na,na,,,Not a Pedestrian,Moving Backward,Slight Injury
13:00:00,Thursday,31-50,Male,Junior high school,Employee,1-2yr,Pick up upto 10 Quintal,Owner,Unknown,Office areas,Double carriageway (median),Tangent road with flat terrain,No junction,Asphalt roads,Wet or damp,Daylight,Raining,Vehicle Collision,1,1,Moving forward,Female,18-30,3,Self-employed,Normal,Not a Pedestrian,Changing lane to the right,Slight Injury
08:00:00,Wednesday,Unknown,Male,Elementary school,Other,5-10yr,Lorry (41 - 100 Quintal),Owner,Unknown,Other,Two-way (divided with broken lines road marking),Tangent road with flat terrain,T Shape,Asphalt roads,Dry,Daylight,Normal,Vehicle Collision,3,1,Moving forward,na,na,na,,,Not a Pedestrian,No distancing,Slight Injury
08:00:00,Wednesday,31-50,Male,Junior high school,Employee,2-5yr,Lorry (41 - 100 Quintal),Owner,Below 1yr,Office areas,Undivided Two way,Tangent road with flat terrain,T Shape,Asphalt roads,Dry,Daylight,Normal,Vehicle Collision,3,1,Moving forward,Male,31-50,3,Self-employed,Normal,Not a Pedestrian,Overtaking,Slight Injury
08:00:00,Wednesday,Unknown,Male,Elementary school,Employee,5-10yr,Automobile,Owner,Unknown,Other,,Tangent road with flat terrain,T Shape,Asphalt roads,Dry,Daylight,Normal,Vehicle Collision,3,1,Moving forward,Male,Under 18,3,Driver,Normal,Not a Pedestrian,Other,Slight Injury
13:00:00,Friday,Under 18,Male,Junior high school,Employee,Above 10yr,Other,Owner,Unknown,Other,Double carriageway (median),Tangent road with flat terrain,Other,Asphalt roads,Dry,Daylight,Normal,Vehicle Collision,2,1,Other,na,na,na,Self-employed,Normal,Not a Pedestrian,Other,Slight Injury
13:00:00,Friday,18-30,Male,Junior high school,Employee,Above 10yr,Automobile,Governmental,Unknown,Other,Two-way (divided with broken lines road marking),Tangent road with flat terrain,Other,Asphalt roads,Dry,Daylight,Normal,Vehicle Collision,2,1,Moving backward,Male,Under 18,3,Self-employed,Normal,Not a Pedestrian,Changing lane to the right,Slight Injury
15:00:00,Thursday,31-50,Male,Elementary school,Owner,2-5yr,Other,Owner,Unknown,Office areas,,Tangent road with flat terrain,No junction,Asphalt roads,Wet or damp,Daylight,Raining,Vehicle Collision,2,2,Other,na,na,na,Self-employed,Normal,Not a Pedestrian,No priority to pedestrian,Slight Injury
15:00:00,Thursday,31-50,Male,Elementary school,Employee,5-10yr,Automobile,Owner,Unknown,Office areas,,Tangent road with flat terrain,No junction,Asphalt roads,Wet or damp,Daylight,Raining,Vehicle Collision,2,2,Other,Male,Under 18,3,Driver,Normal,Not a Pedestrian,No priority to vehicle,Slight Injury
15:00:00,Thursday,31-50,Male,Junior high school,Owner,1-2yr,Pick up upto 10 Quintal,Owner,Unknown,Office areas,Two-way (divided with broken lines road marking),Tangent road with flat terrain,No junction,Asphalt roads,Wet or damp,Daylight,Raining,Vehicle Collision,2,2,Moving backward,Male,31-50,3,Employee,Normal,Not a Pedestrian,Changing lane to the left,Slight Injury
16:00:00,Thursday,Unknown,Female,Elementary school,Employee,Above 10yr,Automobile,Governmental,Unknown,Office areas,Two-way (divided with broken lines road marking),Tangent road with flat terrain,No junction,Asphalt roads,Dry,Daylight,Unknown,Vehicle Collision,2,1,Moving forward,na,na,na,,Normal,Not a Pedestrian,Changing lane to the left,Slight Injury
16:00:00,Thursday,Unknown,Male,Junior high school,Employee,5-10yr,Public (12 seats),Owner,2-5yrs, Church areas,Undivided Two way,Tangent road with flat terrain,No junction,Asphalt roads,Dry,Daylight,Unknown,Stationary Object Collision,2,1,Moving forward,na,na,na,,,Not a Pedestrian,Overtaking,Slight Injury
15:00:00,Thursday,Over 51,Male,Junior high school,Employee,2-5yr,Automobile,Governmental,Unknown,Office areas,Two-way (divided with broken lines road marking),Tangent road with flat terrain,Y Shape,Asphalt roads,Dry,Daylight,Normal,Vehicle Collision,2,1,Moving forward,Male,18-30,3,,,Not a Pedestrian,No distancing,Slight Injury
15:00:00,Thursday,18-30,Male,Elementary school,Employee,Above 10yr,Other,Governmental,Unknown,Residential areas,Two-way (divided with broken lines road marking),Tangent road with flat terrain,Y Shape,Asphalt roads,Dry,Daylight,Normal,Pedestrian Collision,2,1,Moving forward,Male,Under 18,3,,,Not a Pedestrian,No priority to vehicle,Slight Injury
22:00:00,Saturday,Unknown,Male,Junior high school,Employee,2-5yr,Public (12 seats),Owner,Unknown,School areas,Two-way (divided with broken lines road marking),Tangent road with flat terrain,No junction,Asphalt roads,Wet or damp,Darkness - lights lit,Raining,Vehicle Collision,3,1,Turning,Male,31-50,3,Self-employed,Normal,"In carriageway, statioNot a Pedestrianry - not crossing  (standing or playing)",Changing lane to the right,Slight Injury
22:00:00,Saturday,18-30,Male,Elementary school,Employee,Above 10yr,Stationwagen,Owner,Unknown,Office areas,Undivided Two way,Tangent road with flat terrain,No junction,Asphalt roads,Wet or damp,Darkness - lights lit,Raining,Stationary Object Collision,3,1,Moving forward,Male,18-30,3,Driver,Normal,Not a Pedestrian,Changing lane to the left,Slight Injury
22:00:00,Saturday,Unknown,Male,Junior high school,Employee,Above 10yr,Lorry (41 - 100 Quintal),Owner,5-10yrs,Other,Undivided Two way,Tangent road with flat terrain,No junction,Asphalt roads,Wet or damp,Darkness - lights lit,Raining,Vehicle Collision,3,1,Moving forward,na,na,na,,,Not a Pedestrian,No distancing,Slight Injury
22:00:00,Saturday,Unknown,Male,Junior high school,Employee,2-5yr,Lorry (41 - 100 Quintal),Owner,Unknown,Other,Double carriageway (median),Tangent road with flat terrain,No junction,Asphalt roads,Wet or damp,Darkness - lights lit,Raining,Vehicle Collision,3,1,Moving forward,na,na,na,,,Not a Pedestrian,Driving carelessly,Slight Injury
22:00:00,Saturday,Unknown,Male,Junior high school,Employee,Above 10yr,Lorry (41 - 100 Quintal),Governmental,Unknown,Other,Double carriageway (median),Tangent road with flat terrain,No junction,Asphalt roads,Wet or damp,Darkness - lights lit,Raining,Vehicle Collision,3,1,Moving forward,Male,18-30,3,Driver,Normal,Not a Pedestrian,No priority to pedestrian,Slight Injury
21:00:00,Saturday,18-30,Male,Junior high school,Employee,Above 10yr,Automobile,Owner,5-10yrs,Other,Two-way (divided with broken lines road marking),Tangent road with flat terrain,Crossing,Asphalt roads with some distress,Wet or damp,Darkness - lights lit,Raining,Vehicle Collision,2,3,Moving forward,na,na,na,Driver,Normal,Not a Pedestrian,Driving carelessly,Slight Injury
21:00:00,Saturday,31-50,Male,Junior high school,Employee,Below 1yr,Lorry (41 - 100 Quintal),Owner,Unknown,Office areas,Double carriageway (median),Tangent road with mild grade and flat terrain,Crossing,Asphalt roads,Wet or damp,Darkness - lights lit,Raining,Vehicle Collision,2,3,Moving backward,Male,18-30,3,Self-employed,Normal,Not a Pedestrian,Moving Backward,Slight Injury
21:00:00,Saturday,31-50,Male,Junior high school,Owner,Above 10yr,Automobile,Owner,Unknown,Office areas,Two-way (divided with broken lines road marking),Tangent road with flat terrain,Crossing,Asphalt roads,Wet or damp,Darkness - lights lit,Raining,Self-accident,2,3,Moving forward,na,na,na,Driver,Normal,Not a Pedestrian,No distancing,Slight Injury
12:00:00,Friday,31-50,Male,High school,Other,Above 10yr,Public (12 seats),Owner,Unknown,Office areas,,Tangent road with mild grade and flat terrain,No junction,Asphalt roads,Dry,Daylight,Normal,Stationary Object Collision,2,1,Moving forward,Male,18-30,3,Driver,Normal,Not a Pedestrian,No distancing,Slight Injury
12:00:00,Friday,31-50,Male,Junior high school,Employee,5-10yr,Automobile,Owner,Unknown,Office areas,,Tangent road with mild grade and flat terrain,No junction,Asphalt roads,Dry,Daylight,Normal,Vehicle Collision,2,1,Turning,Male,18-30,2,Self-employed,Normal,Not a Pedestrian,No distancing,Slight Injury
14:00:00,Monday,Over 51,Male,Elementary school,Employee,5-10yr,Stationwagen,Owner,Unknown,Office areas,One way,Tangent road with flat terrain,Y Shape,Gravel roads,Wet or damp,Daylight,Raining,Vehicle Collision,2,1,Moving forward,Female,Over 51,3,Self-employed,Normal,Not a Pedestrian,Changing lane to the left,Slight Injury
14:00:00,Monday,31-50,Male,Junior high school,Employee,5-10yr,Automobile,Owner,Unknown,Office areas,Two-way (divided with broken lines road marking),Tangent road with flat terrain,Y Shape,Asphalt roads,Wet or damp,Daylight,Raining,Stationary Object Collision,2,1,Moving forward,Male,31-50,3,Driver,Normal,Not a Pedestrian,Changing lane to the left,Slight Injury
17:00:00,Sunday,Unknown,Male,Junior high school,Employee,5-10yr,Lorry (41 - 100 Quintal),Owner,Unknown,Office areas,,Tangent road with flat terrain,No junction,Asphalt roads,Wet or damp,Daylight,Normal,Vehicle Collision,2,2,Moving forward,na,na,na,Self-employed,Normal,Not a Pedestrian,Moving Backward,Slight Injury
17:00:00,Sunday,Under 18,Male,Junior high school,Owner,Below 1yr,Other,Owner,5-10yrs,Other,Undivided Two way,Tangent road with flat terrain,No junction,Asphalt roads,Wet or damp,Daylight,Normal,Vehicle Collision,2,2,Moving forward,Male,31-50,3,,,Not a Pedestrian,Changing lane to the right,Slight Injury
17:00:00,Sunday,Under 18,Male,Junior high school,Employee,5-10yr,Pick up upto 10 Quintal,Owner,Unknown,Other,Two-way (divided with broken lines road marking),Tangent road with flat terrain,No junction,Asphalt roads,Wet or damp,Daylight,Normal,Vehicle Collision,2,2,Moving forward,na,na,na,,,Not a Pedestrian,No priority to vehicle,Slight Injury
12:00:00,Wednesday,Unknown,Male,Elementary school,Employee,2-5yr,Automobile,Owner,2-5yrs,Residential areas,Two-way (divided with broken lines road marking),Tangent road with flat terrain,Y Shape,Asphalt roads,Dry,Daylight,Normal,Vehicle Collision,2,1,Moving forward,na,na,na,,,Not a Pedestrian,Moving Backward,Slight Injury
12:00:00,Wednesday,31-50,Male,Junior high school,Owner,2-5yr,Lorry (41 - 100 Quintal),Owner,Unknown,Other,Two-way (divided with broken lines road marking),Tangent road with flat terrain,Y Shape,Asphalt roads,Dry,Daylight,Normal,Vehicle Collision,2,1,Moving backward,Male,Under 18,3,Self-employed,Normal,Not a Pedestrian,Driving carelessly,Slight Injury
07:00:00,Friday,18-30,Male,Elementary school,Employee,2-5yr,Automobile,Owner,5-10yrs,Other,Two-way (divided with broken lines road marking),Tangent road with flat terrain,No junction,Asphalt roads,Dry,Daylight,Normal,Vehicle Collision,2,1,Moving forward,Female,Over 51,3,Driver,Normal,Unknown or other,Driving carelessly,Slight Injury
07:00:00,Friday,31-50,Male,Junior high school,Owner,2-5yr,Public (13 - 45 seats),Governmental,Unknown,Other,Two-way (divided with broken lines road marking),Tangent road with flat terrain,No junction,Asphalt roads,Dry,Daylight,Normal,Pedestrian Collision,2,1,Moving forward,Female,31-50,3,Employee,Normal,Not a Pedestrian,Driving under the influence of drugs,Slight Injury
08:00:00,Tuesday,Over 51,Male,Junior high school,Employee,Above 10yr,Automobile,Owner,5-10yrs,Other,Undivided Two way,Tangent road with flat terrain,Other,Asphalt roads,Dry,Daylight,Normal,Vehicle Collision,2,1,Moving forward,na,na,na,Driver,Normal,Not a Pedestrian,No priority to pedestrian,Slight Injury
08:00:00,Tuesday,Unknown,Female,Junior high school,Employee,2-5yr,Lorry (41 - 100 Quintal),Owner,Unknown, Industrial areas,Undivided Two way,Tangent road with flat terrain,Other,Earth roads,Dry,Daylight,Normal,Stationary Object Collision,2,1,Moving forward,Female,31-50,3,Driver,Normal,Not a Pedestrian,No priority to vehicle,Slight Injury
08:00:00,Wednesday,18-30,Male,Junior high school,Employee,1-2yr,Public (12 seats),Owner,5-10yrs, Industrial areas,Undivided Two way,Tangent road with flat terrain,Y Shape,Asphalt roads,Dry,Daylight,Normal,Vehicle Collision,1,1,Moving backward,Male,31-50,3,Driver,Normal,Not a Pedestrian,Driving carelessly,Serious Injury
17:00:00,Saturday,31-50,Male,Junior high school,Employee,2-5yr,Motorcycle,Owner,Unknown, Church areas,Double carriageway (median),Tangent road with flat terrain,No junction,Asphalt roads,Dry,Daylight,Normal,Vehicle Collision,1,1,Moving forward,Female,Under 18,3,Driver,Normal,Not a Pedestrian,Moving Backward,Slight Injury
14:00:00,Thursday,31-50,Male,Junior high school,Employee,1-2yr,Public (12 seats),Owner,Unknown,Other,Undivided Two way,Tangent road with flat terrain,No junction,Asphalt roads,Wet or damp,Daylight,Raining,Vehicle Collision,2,1,Other,na,na,na,Driver,Normal,Not a Pedestrian,Driving carelessly,Slight Injury
14:00:00,Thursday,31-50,Male,Junior high school,Employee,5-10yr,Lorry (41 - 100 Quintal),Owner,Above 10yr,Other,Undivided Two way,Tangent road with flat terrain,No junction,Asphalt roads,Wet or damp,Daylight,Raining,Vehicle Collision,2,1,Other,Female,18-30,3,Driver,Normal,Not a Pedestrian,No priority to vehicle,Slight Injury
13:00:00,Saturday,31-50,Male,Junior high school,Employee,5-10yr,Automobile,Owner,Unknown,Office areas,Undivided Two way,Tangent road with flat terrain,No junction,Earth roads,Dry,Daylight,Normal,Vehicle Collision,1,1,Moving forward,na,na,na,Employee,Normal,Not a Pedestrian,Changing lane to the right,Serious Injury
16:00:00,Wednesday,31-50,Male,Elementary school,Owner,2-5yr,Lorry (41 - 100 Quintal),Owner,Unknown,Office areas,Undivided Two way,Tangent road with flat terrain,Other,Asphalt roads,Dry,Daylight,Normal,Vehicle Collision,2,1,Moving forward,na,na,na,Driver,Normal,Not a Pedestrian,Changing lane to the left,Slight Injury
16:00:00,Wednesday,Unknown,Female,Elementary school,Employee,Below 1yr,Stationwagen,Governmental,Below 1yr,Residential areas,Two-way (divided with broken lines road marking),Tangent road with flat terrain,Other,Asphalt roads,Dry,Daylight,Normal,Vehicle Collision,2,1,Moving forward,Male,31-50,3,Employee,Normal,Not a Pedestrian,No priority to vehicle,Slight Injury
09:00:00,Friday,Unknown,Female,Junior high school,Employee,5-10yr,Pick up upto 10 Quintal,Owner,Unknown, Industrial areas,Undivided Two way,Tangent road with flat terrain,Y Shape,Earth roads,Dry,Daylight,Normal,Vehicle Collision,2,1,Moving forward,na,na,na,Self-employed,Normal,Not a Pedestrian,Driving carelessly,Slight Injury
09:00:00,Friday,Over 51,Male,Junior high school,Employee,Above 10yr,Automobile,Owner,Unknown,Office areas,Undivided Two way,Tangent road with flat terrain,Y Shape,Asphalt roads,Dry,Daylight,Normal,Vehicle Collision,2,1,Other,Male,18-30,3,Driver,Normal,Not a Pedestrian,Moving Backward,Slight Injury
19:00:00,Saturday,31-50,Male,High school,Employee,1-2yr,Automobile,Owner,Unknown,Other,Undivided Two way,Tangent road with flat terrain,Crossing,Asphalt roads,Dry,Daylight,Normal,Stationary Object Collision,2,1,Moving forward,na,na,na,Driver,Normal,Not a Pedestrian,No distancing,Slight Injury
19:00:00,Saturday,Over 51,Male,Junior high school,Owner,5-10yr,Automobile,Owner,Unknown,Other,Two-way (divided with broken lines road marking),Tangent road with flat terrain,Crossing,Asphalt roads,Dry,Daylight,Normal,Vehicle Collision,2,1,Exiting,na,na,na,Self-employed,Normal,Not a Pedestrian,Changing lane to the left,Slight Injury
17:00:00,Wednesday,Over 51,Male,Junior high school,Employee,1-2yr,Other,Owner,Unknown,Residential areas,Undivided Two way,Tangent road with flat terrain,No junction,Asphalt roads,Dry,Daylight,Normal,Stationary Object Collision,2,1,Moving forward,na,na,na,Self-employed,Normal,Not a Pedestrian,Changing lane to the left,Slight Injury
17:00:00,Wednesday,Over 51,Male,Junior high school,Employee,Above 10yr,Automobile,Owner,Unknown,Office areas,Two-way (divided with broken lines road marking),Tangent road with flat terrain,No junction,Asphalt roads,Dry,Daylight,Normal,Vehicle Collision,2,1,Moving forward,Female,31-50,3,Driver,Normal,Not a Pedestrian,No distancing,Slight Injury
17:00:00,Wednesday,Unknown,Female,Junior high school,Employee,Below 1yr,Public (13 - 45 seats),Organization,Unknown,Residential areas,other,Tangent road with flat terrain,No junction,Asphalt roads,Dry,Daylight,Normal,Vehicle Collision,2,1,Moving forward,Male,31-50,2,Driver,Normal,Not a Pedestrian,Changing lane to the left,Slight Injury
17:00:00,Wednesday,31-50,Male,Elementary school,Employee,2-5yr,Public (13 - 45 seats),Owner,Unknown,Office areas,Two-way (divided with broken lines road marking),Tangent road with flat terrain,No junction,Asphalt roads,Dry,Daylight,Normal,Vehicle Collision,2,1,Moving forward,na,na,na,Self-employed,Normal,Not a Pedestrian,Driving carelessly,Slight Injury
21:00:00,Saturday,18-30,Male,Junior high school,Employee,5-10yr,Automobile,Owner,Unknown, Church areas,Two-way (divided with broken lines road marking),Tangent road with flat terrain,No junction,Asphalt roads,Dry,Darkness - lights lit,Normal,Pedestrian Collision,3,1,Moving forward,Female,18-30,3,Self-employed,Normal,Not a Pedestrian,Changing lane to the left,Slight Injury
21:00:00,Saturday,Unknown,Female,Elementary school,Employee,5-10yr,Public (12 seats),Organization,5-10yrs,Residential areas,Two-way (divided with broken lines road marking),Tangent road with flat terrain,No junction,Asphalt roads,Dry,Darkness - lights lit,Normal,Vehicle Collision,3,1,Moving forward,na,na,na,Driver,Normal,Not a Pedestrian,No distancing,Slight Injury
21:00:00,Saturday,Unknown,Female,Junior high school,Owner,1-2yr,Public (12 seats),Owner,Above 10yr,School areas,other,Tangent road with flat terrain,No junction,Asphalt roads,Dry,Darkness - lights lit,Normal,Vehicle Collision,3,1,Moving backward,na,na,na,Driver,Normal,Not a Pedestrian,Changing lane to the right,Slight Injury
11:00:00,Saturday,Unknown,Male,Junior high school,Employee,5-10yr,Lorry (41 - 100 Quintal),Owner,5-10yrs, Hospital areas,other,Steep grade downward with mountainous terrain,Y Shape,Asphalt roads,Dry,Daylight,Normal,Vehicle Collision,2,1,Moving forward,Male,18-30,3,Driver,Normal,Not a Pedestrian,No distancing,Slight Injury
11:00:00,Saturday,18-30,Male,Unknown,Other,5-10yr,Automobile,Owner,2-5yrs,Other,Undivided Two way,Tangent road with flat terrain,Y Shape,Asphalt roads,Dry,Daylight,Normal,Pedestrian Collision,2,1,Other,Male,31-50,3,Driver,Normal,Not a Pedestrian,Driving to the left,Slight Injury
10:00:00,Wednesday,Under 18,Male,High school,Employee,2-5yr,Pick up upto 10 Quintal,Owner,Unknown,School areas,Double carriageway (median),Tangent road with flat terrain,Y Shape,Asphalt roads with some distress,Dry,Daylight,Normal,Stationary Object Collision,2,1,Moving forward,na,na,na,,,Not a Pedestrian,No distancing,Slight Injury
10:00:00,Wednesday,31-50,Male,Junior high school,Employee,1-2yr,Pick up upto 10 Quintal,Owner,Above 10yr,Other,other,Tangent road with flat terrain,Y Shape,Asphalt roads,Dry,Daylight,Normal,Vehicle Collision,2,1,Moving forward,na,na,na,,Normal,Not a Pedestrian,Overtaking,Slight Injury
18:00:00,Saturday,Over 51,Male,Junior high school,Employee,5-10yr,Lorry (41 - 100 Quintal),Owner,5-10yrs, Industrial areas,Undivided Two way,Tangent road with flat terrain,Y Shape,Asphalt roads,Dry,Daylight,Normal,Vehicle Collision,2,1,Moving forward,Male,18-30,2,Driver,Normal,"In carriageway, statioNot a Pedestrianry - not crossing  (standing or playing) - masked by parked or statioNot a Pedestrianry vehicle",Driving under the influence of drugs,Slight Injury
18:00:00,Saturday,18-30,Male,Junior high school,Employee,2-5yr,Automobile,Owner,Unknown, Church areas,Two-way (divided with broken lines road marking),Tangent road with flat terrain,Y Shape,Asphalt roads,Dry,Daylight,Normal,Vehicle Collision,2,1,Moving forward,na,na,na,,,Not a Pedestrian,No priority to pedestrian,Slight Injury