Time,Day,Age_band_of_driver,Sex_of_driver,Educational_level,Vehicle_driver_relation,Driving_experience,Type_of_vehicle,Owner_of_vehicle,Service_year_of_vehicle,Area_accident_occured,Lanes_or_Medians,Road_allignment,Types_of_Junction,Road_surface_type,Road_surface_conditions,Light_conditions,Weather_conditions,Type_of_collision,Number_of_vehicles_involved,Number_of_casualties,Vehicle_movement,Sex_of_casualty,Age_band_of_casualty,Casualty_severity,Work_of_casuality,Fitness_of_casuality,Pedestrian_movement,Cause_of_accident,Accident_severity
16:00:00,Sunday,18-30,Male,Junior high school,Employee,1-2yr,Lorry (41 - 100 Quintal),Governmental,2-5yrs,Residential areas,Two-way (divided with broken lines road marking),,Y Shape,Asphalt roads,Dry,Daylight,Normal,Vehicle Collision,2,1,Moving forward,Male,18-30,3,,,Not a Pedestrian,Moving Backward,Slight Injury
16:00:00,Sunday,31-50,Male,Junior high school,Employee,Above 10yr,Automobile,Owner,Below 1yr, Church areas,Undivided Two way,Tangent road with flat terrain,Y Shape,Asphalt roads,Dry,Daylight,Normal,Vehicle Collision,2,1,Moving forward,na,na,na,Driver,Normal,Not a Pedestrian,Driving carelessly,Slight Injury
08:00:00,Friday,Over 51,Male,Junior high school,Employee,1-2yr,Pick up upto 10 Quintal,Owner,Above 10yr,Residential areas,,Tangent road with flat terrain,Crossing,Asphalt roads,Dry,Daylight,Normal,Vehicle Collision,1,1,Moving forward,Male,31-50,3,Driver,Normal,Not a Pedestrian,Driving to the left,Slight Injury
08:00:00,Monday,Over 51,Male,High school,Owner,Above 10yr,Automobile,Owner,5-10yrs,Office areas,Undivided Two way,Tangent road with flat terrain,No junction,Asphalt roads,Wet or damp,Daylight,Normal,Vehicle Collision,2,1,Moving forward,Male,18-30,3,,,Not a Pedestrian,Changing lane to the left,Slight Injury
08:00:00,Monday,18-30,Male,Junior high school,Employee,Above 10yr,Public (13 - 45 seats),Owner,Unknown,  Recreational areas,other,,No junction,Asphalt roads,Wet or damp,Daylight,Normal,Vehicle Collision,2,1,Moving forward,Female,18-30,3,Driver,Normal,Not a Pedestrian,No distancing,Slight Injury
17:00:00,Sunday,Unknown,Female,Junior high school,Employee,1-2yr,Public (> 45 seats),Governmental,Unknown,Office areas,other,Tangent road with mild grade and flat terrain,No junction,Asphalt roads,Dry,Daylight,Normal,Pedestrian Collision,2,3,Moving forward,Male,31-50,3,Driver,Normal,Not a Pedestrian,No distancing,Slight Injury
17:00:00,Sunday,18-30,Male,Junior high school,Employee,1-2yr,Stationwagen,Owner,5-10yrs, Industrial areas,other,Tangent road with flat terrain,No junction,Asphalt roads,Dry,Daylight,Normal,Vehicle Collision,2,3,Moving forward,Male,18-30,3,Self-employed,Normal,Not a Pedestrian,Changing lane to the right,Slight Injury
17:00:00,Sunday,18-30,Male,High school,Employee,2-5yr,Automobile,Owner,Unknown,Other,,,No junction,Asphalt roads,Dry,Daylight,Normal,Stationary Object Collision,2,3,Other,na,na,na,Driver,Normal,Not a Pedestrian,Driving under the influence of drugs,Slight Injury
17:00:00,Friday,31-50,Male,Junior high school,Employee,2-5yr,Lorry (41 - 100 Quintal),Owner,Unknown,Residential areas,Undivided Two way,Tangent road with flat terrain,No junction,Asphalt roads,Dry,Daylight,Normal,Vehicle Collision,1,1,Moving forward,Male,18-30,2,Driver,Normal,Not a Pedestrian,Changing lane to the right,Slight Injury
22:00:00,Thursday,18-30,Male,Junior high school,Employee,1-2yr,Stationwagen,Governmental,Above 10yr,Residential areas,other,Tangent road with flat terrain,No junction,Asphalt roads,Dry,Darkness - lights lit,Normal,Vehicle Collision,1,1,Moving forward,Female,Under 18,3,Driver,Normal,Crossing from offside - masked by  parked or statioNot a Pedestrianry vehicle,Changing lane to the left,Fatal injury
00:00:00,Sunday,Unknown,Male,Elementary school,Employee,5-10yr,Lorry (41 - 100 Quintal),Owner,1-2yr, Industrial areas,other,Tangent road with flat terrain,No junction,Asphalt roads,Dry,Darkness - lights lit,Normal,Vehicle Collision,2,3,Moving forward,Male,Over 51,3,Driver,Normal,Crossing from nearside - masked by parked or statioNot a Pedestrianry vehicle,Moving Backward,Slight Injury
00:00:00,Sunday,Unknown,Male,Junior high school,Employee,5-10yr,Public (12 seats),Owner,2-5yrs,Residential areas,Undivided Two way,Tangent road with flat terrain,No junction,Asphalt roads,Dry,Darkness - lights lit,Normal,Vehicle Collision,2,3,Moving forward,na,na,na,Driver,Normal,Not a Pedestrian,No distancing,Slight Injury
00:00:00,Sunday,31-50,Male,Junior high school,Employee,1-2yr,Lorry (41 - 100 Quintal),Owner,Unknown,Residential areas,other,Tangent road with flat terrain,No junction,Asphalt roads,Dry,Darkness - lights lit,Normal,Vehicle Collision,2,3,Moving forward,Male,Under 18,3,Driver,Normal,Not a Pedestrian,Changing lane to the right,Slight Injury
21:00:00,Tuesday,18-30,Male,Elementary school,Other,5-10yr,Other,Owner,Unknown,Office areas,Undivided Two way,Tangent road with flat terrain,Crossing,Asphalt roads,Dry,Darkness - lights lit,Normal,Vehicle Collision,3,5,Turning,na,na,na,Driver,Normal,Not a Pedestrian,Moving Backward,Slight Injury
21:00:00,Tuesday,31-50,Male,Junior high school,Employee,2-5yr,Stationwagen,Owner,2-5yrs,Office areas,Double carriageway (median),Escarpments,Crossing,Asphalt roads,Dry,Darkness - lights lit,Normal,Vehicle Collision,3,5,Moving forward,Male,18-30,3,,,Not a Pedestrian,No distancing,Slight Injury
21:00:00,Tuesday,31-50,Male,Elementary school,Employee,5-10yr,Automobile,Owner,Above 10yr,Office areas,other,Tangent road with flat terrain,Crossing,Asphalt roads,Dry,Darkness - lights lit,Normal,Vehicle Collision,3,5,Moving forward,na,na,na,Driver,Normal,Not a Pedestrian,Driving to the left,Slight Injury
21:00:00,Tuesday,31-50,Male,Junior high school,Employee,Above 10yr,Public (> 45 seats),Owner,1-2yr,Office areas,Undivided Two way,Escarpments,Crossing,Asphalt roads,Dry,Darkness - lights lit,Normal,Vehicle Collision,3,5,Moving forward,Male,18-30,3,,,Not a Pedestrian,Driving to the left,Slight Injury
21:00:00,Tuesday,31-50,Male,Junior high school,Employee,Above 10yr,Other,Owner,Unknown,Office areas,One way,Tangent road with flat terrain,Crossing,Asphalt roads,Dry,Darkness - lights lit,Normal,Stationary Object Collision,3,5,Moving forward,na,na,na,Driver,Normal,Not a Pedestrian,Moving Backward,Slight Injury
12:00:00,Friday,31-50,Male,Elementary school,Owner,2-5yr,Lorry (41 - 100 Quintal),Owner,Unknown,Office areas,Undivided Two way,Tangent road with flat terrain,Crossing,Asphalt roads,Dry,Daylight,Normal,Vehicle Collision,1,1,Turning,Male,18-30,3,Other,Normal,Not a Pedestrian,Moving Backward,Slight Injury
16:00:00,Wednesday,18-30,Male,Elementary school,Employee,5-10yr,Automobile,Owner,Unknown,Office areas,other,Tangent road with flat terrain,No junction,Asphalt roads,Dry,Daylight,Normal,Stationary Object Collision,2,1,Moving forward,Male,31-50,3,Self-employed,Normal,Not a Pedestrian,Overtaking,Slight Injury
16:00:00,Wednesday,18-30,Male,Junior high school,Owner,1-2yr,Public (> 45 seats),Owner,Above 10yr,Residential areas,other,Tangent road with flat terrain,No junction,Asphalt roads,Dry,Daylight,Normal,Vehicle Collision,2,1,Moving forward,na,na,na,Driver,Normal,Not a Pedestrian,Driving carelessly,Slight Injury
08:00:00,Friday,Over 51,Male,Elementary school,Employee,Above 10yr,Automobile,Owner,5-10yrs,Residential areas,One way,Tangent road with flat terrain,Y Shape,Asphalt roads,Dry,Daylight,Normal,Vehicle Collision,1,1,Moving backward,Male,31-50,3,,,Not a Pedestrian,Changing lane to the left,Slight Injury
02:00:00,Saturday,Unknown,Male,Junior high school,Employee,5-10yr,Automobile,Owner,Unknown,Other,One way,Tangent road with flat terrain,Y Shape,Asphalt roads,Dry,Darkness - lights lit,Normal,Vehicle Collision,2,1,Moving forward,na,na,na,Self-employed,Normal,Not a Pedestrian,Driving under the influence of drugs,Slight Injury
02:00:00,Saturday,18-30,Male,Junior high school,Employee,2-5yr,Pick up upto 10 Quintal,Owner,5-10yrs, Church areas,Undivided Two way,Tangent road with flat terrain,Y Shape,Asphalt roads,Dry,Darkness - lights lit,Normal,Pedestrian Collision,2,1,Moving backward,Female,Under 18,3,,,Crossing from nearside - masked by parked or statioNot a Pedestrianry vehicle,No distancing,Slight Injury
16:00:00,Friday,Over 51,Male,Elementary school,Employee,Above 10yr,Public (12 seats),Owner,Unknown,  Recreational areas,other,Tangent road with flat terrain,Y Shape,Asphalt roads,Dry,Daylight,Normal,Vehicle Collision,2,1,Moving forward,Female,18-30,3,,,"Walking along in carriageway, back to traffic",Moving Backward,Slight Injury
16:00:00,Friday,Over 51,Male,Junior high school,Employee,2-5yr,Lorry (41 - 100 Quintal),Owner,Unknown, Industrial areas,Undivided Two way,Tangent road with flat terrain,Y Shape,Asphalt roads,Dry,Daylight,Normal,Vehicle Collision,2,1,Moving forward,Male,18-30,3,Driver,,Not a Pedestrian,Changing lane to the left,Slight Injury
15:00:00,Monday,31-50,Male,Elementary school,Employee,Above 10yr,Lorry (41 - 100 Quintal),Owner,Unknown,Residential areas,other,,Other,Asphalt roads,Dry,Daylight,Unknown,Vehicle Collision,1,1,Moving forward,na,na,na,,,Not a Pedestrian,Changing lane to the right,Slight Injury
17:00:00,Monday,Unknown,Male,Junior high school,Employee,Above 10yr,Lorry (41 - 100 Quintal),Owner,Above 10yr,Residential areas,other,Tangent road with rolling terrain,Crossing,Asphalt roads,Dry,Daylight,Normal,Pedestrian Collision,3,1,Moving forward,na,na,na,Unemployed,Normal,Not a Pedestrian,No distancing,Slight Injury
17:00:00,Monday,18-30,Male,Junior high school,Employee,2-5yr,Public (13 - 45 seats),Owner,2-5yrs,Office areas,Double carriageway (median),Tangent road with flat terrain,Crossing,Asphalt roads,Dry,Daylight,Normal,Stationary Object Collision,3,1,Turning,Male,5,3,Driver,Normal,Not a Pedestrian,Driving at high speed,Slight Injury
17:00:00,Monday,18-30,Male,Junior high school,Employee,Above 10yr,Lorry (41 - 100 Quintal),Owner,2-5yrs,  Market areas,Undivided Two way,Tangent road with flat terrain,Crossing,Asphalt roads,Dry,Daylight,Normal,Vehicle Collision,3,1,Moving forward,Male,31-50,3,Driver,Normal,Not a Pedestrian,Changing lane to the right,Slight Injury
13:00:00,Saturday,Over 51,Male,Junior high school,Employee,Above 10yr,Lorry (41 - 100 Quintal),Owner,Unknown,Unknown,other,Tangent road with flat terrain,No junction,Asphalt roads,Wet or damp,Daylight,Raining,Vehicle Collision,2,1,Moving forward,Female,18-30,3,Driver,Normal,Crossing from driver's nearside,No priority to vehicle,Slight Injury
13:00:00,Saturday,18-30,Male,Junior high school,Employee,Below 1yr,Motorcycle,Owner,Unknown, Industrial areas,other,Tangent road with flat terrain,No junction,Asphalt roads,Wet or damp,Daylight,Raining,Vehicle Collision,2,1,Moving forward,Female,31-50,3,,,Not a Pedestrian,No distancing,Slight Injury
12:00:00,Monday,31-50,Male,Junior high school,Owner,Above 10yr,Lorry (41 - 100 Quintal),Owner,Unknown,Residential areas,Two-way (divided with solid lines road marking),Tangent road with flat terrain,No junction,Asphalt roads,Dry,Daylight,Normal,Vehicle Collision,1,1,Moving forward,na,na,na,Driver,Normal,Not a Pedestrian,Turnover,Slight Injury
16:00:00,Friday,Over 51,Male,High school,Other,Above 10yr,Ridden horse,Governmental,Below 1yr,Residential areas,Undivided Two way,Tangent road with flat terrain,Y Shape,Asphalt roads,Dry,Daylight,Normal,Vehicle Collision,2,1,Moving forward,na,na,na,Driver,Normal,Not a Pedestrian,No distancing,Serious Injury
16:00:00,Friday,Under 18,Male,Junior high school,Employee,5-10yr,Automobile,Owner,5-10yrs,Other,Undivided Two way,Tangent road with flat terrain,Y Shape,Gravel roads,Dry,Daylight,Normal,Vehicle Collision,2,1,Moving forward,Male,Over 51,2,Self-employed,Normal,Not a Pedestrian,Changing lane to the right,Serious Injury
20:00:00,Tuesday,18-30,Male,Elementary school,Employee,5-10yr,Lorry (41 - 100 Quintal),Governmental,Unknown,Residential areas,other,Tangent road with flat terrain,Y Shape,Asphalt roads,Dry,Daylight,Normal,Vehicle Collision,1,1,Stopping,Male,Under 18,3,Driver,Normal,Crossing from offside - masked by  parked or statioNot a Pedestrianry vehicle,No distancing,Slight Injury
15:00:00,Tuesday,18-30,Male,Junior high school,Employee,5-10yr,Pick up upto 10 Quintal,Owner,1-2yr,Rural village areas,Undivided Two way,Gentle horizontal curve,Y Shape,Asphalt roads,Dry,Daylight,Normal,Stationary Object Collision,3,1,Turning,Male,31-50,3,,,Not a Pedestrian,Changing lane to the left,Slight Injury
15:00:00,Tuesday,Over 51,Male,Junior high school,Employee,5-10yr,Public (> 45 seats),Owner,2-5yrs,Rural village areas,Undivided Two way,Gentle horizontal curve,Y Shape,Asphalt roads,Dry,Daylight,Normal,Stationary Object Collision,3,1,Exiting,na,na,na,Unknown,Normal,Not a Pedestrian,Driving carelessly,Slight Injury
15:00:00,Tuesday,Unknown,Female,Junior high school,Owner,Below 1yr,Stationwagen,Owner,Unknown,Office areas,Double carriageway (median),Tangent road with flat terrain,Y Shape,Asphalt roads,Dry,Daylight,Normal,Vehicle Collision,3,1,Moving backward,Male,18-30,3,Driver,Normal,Not a Pedestrian,Changing lane to the right,Slight Injury
15:00:00,Tuesday,Under 18,Male,Junior high school,Employee,5-10yr,Automobile,Owner,2-5yrs,Residential areas,Undivided Two way,Gentle horizontal curve,No junction,Asphalt roads,Dry,Daylight,Normal,Vehicle Collision,2,1,Moving backward,na,na,na,,,Not a Pedestrian,No priority to vehicle,Serious Injury
15:00:00,Tuesday,Under 18,Male,Elementary school,Employee,2-5yr,Public (12 seats),Owner,Unknown,Residential areas,other,Tangent road with flat terrain,No junction,Asphalt roads,Dry,Daylight,Normal,Vehicle Collision,2,1,Moving forward,Female,18-30,3,Driver,Normal,Crossing from driver's nearside,No distancing,Serious Injury
16:00:00,Monday,18-30,Male,Junior high school,Owner,2-5yr,Automobile,Owner,Unknown, Outside rural areas,other,Tangent road with flat terrain,No junction,Asphalt roads,Dry,Daylight,Normal,Vehicle Collision,2,2,Turning,Female,18-30,3,Other,Normal,Crossing from driver's nearside,No priority to pedestrian,Serious Injury
16:00:00,Monday,31-50,Male,Elementary school,Employee,2-5yr,Automobile,Owner,Above 10yr,Residential areas,other,Tangent road with flat terrain,No junction,Asphalt roads,Dry,Daylight,Normal,Vehicle Collision,2,2,Moving forward,Male,31-50,3,Other,Normal,Not a Pedestrian,No priority to pedestrian,Serious Injury
11:00:00,Monday,Over 51,Male,Junior high school,Owner,2-5yr,Automobile,Owner,5-10yrs, Church areas,other,Tangent road with flat terrain,Y Shape,Asphalt roads,Wet or damp,Daylight,Normal,Self-accident,3,1,Moving forward,na,na,na,Self-employed,Normal,Not a Pedestrian,No priority to vehicle,Slight Injury
11:00:00,Monday,31-50,Male,Junior high school,Employee,Above 10yr,Lorry (41 - 100 Quintal),Owner,Unknown,Office areas,Undivided Two way,Tangent road with flat terrain,Y Shape,Asphalt roads with some distress,Wet or damp,Daylight,Normal,Vehicle Collision,3,1,Turning,Female,18-30,3,Driver,Normal,Crossing from nearside - masked by parked or statioNot a Pedestrianry vehicle,Changing lane to the left,Slight Injury
11:00:00,Monday,Unknown,Male,Junior high school,Employee,2-5yr,Automobile,Owner,Unknown,Office areas,Two-way (divided with broken lines road marking),Tangent road with mountainous terrain and,Y Shape,Asphalt roads,Wet or damp,Daylight,Normal,Stationary Object Collision,3,1,Moving forward,na,na,na,Driver,Normal,Not a Pedestrian,Changing lane to the left,Slight Injury
19:00:00,Thursday,Under 18,Unknown,Junior high school,Employee,1-2yr,Automobile,Governmental,Unknown,Office areas,Two-way (divided with broken lines road marking),Escarpments,No junction,Asphalt roads,Wet or damp,Daylight,Normal,Pedestrian Collision,2,3,Moving forward,Male,Under 18,3,Driver,Normal,Not a Pedestrian,No distancing,Slight Injury
19:00:00,Thursday,18-30,Male,Junior high school,Employee,2-5yr,Public (12 seats),Owner,2-5yrs,Other,Undivided Two way,Tangent road with mountainous terrain and,No junction,Asphalt roads,Wet or damp,Daylight,Normal,Vehicle Collision,2,3,Turning,na,na,na,,,Not a Pedestrian,No priority to vehicle,Slight Injury
19:00:00,Thursday,18-30,Male,Junior high school,Employee,1-2yr,Taxi,Owner,2-5yrs,Other,Undivided Two way,Tangent road with flat terrain,No junction,Asphalt roads,Wet or damp,Daylight,Normal,Vehicle Collision,2,3,Stopping,Male,18-30,3,,,Not a Pedestrian,No distancing,Slight Injury
18:00:00,Friday,Unknown,Male,Junior high school,Employee,5-10yr,Automobile,Owner,Unknown,Residential areas,Two-way (divided with broken lines road marking),Tangent road with flat terrain,No junction,Asphalt roads,Dry,Daylight,Normal,Vehicle Collision,2,2,Moving forward,Female,31-50,3,Driver,Normal,Unknown or other,No distancing,Serious Injury
18:00:00,Friday,Unknown,Male,Junior high school,Employee,5-10yr,Public (12 seats),Owner,Unknown,Other,Two-way (divided with broken lines road marking),Tangent road with flat terrain,No junction,Asphalt roads,Dry,Daylight,Normal,Vehicle Collision,2,2,Moving backward,Male,18-30,3,Other,Normal,Not a Pedestrian,Changing lane to the right,Serious Injury
18:00:00,Friday,31-50,Male,Elementary school,Owner,2-5yr,Stationwagen,Owner,Below 1yr,Other,Undivided Two way,Tangent road with mild grade and flat terrain,No junction,Asphalt roads,Dry,Daylight,Normal,Vehicle Collision,2,2,Exiting,na,na,na,Driver,Normal,Not a Pedestrian,Changing lane to the left,Serious Injury
16:00:00,Friday,31-50,Male,Elementary school,Employee,Below 1yr,Stationwagen,Owner,5-10yrs,Other,Two-way (divided with broken lines road marking),Tangent road with flat terrain,No junction,Asphalt roads,Dry,Daylight,Normal,Vehicle Collision,1,1,Moving forward,na,na,na,,,Not a Pedestrian,No distancing,Slight Injury
13:00:00,Saturday,18-30,Male,Junior high school,Employee,5-10yr,Automobile,Governmental,5-10yrs,Other,Undivided Two way,Tangent road with flat terrain,Crossing,Asphalt roads,Dry,Daylight,Normal,Vehicle Collision,2,1,Moving forward,Male,18-30,3,Driver,Normal,Not a Pedestrian,Overturning,Slight Injury
13:00:00,Saturday,31-50,Male,Junior high school,Employee,Above 10yr,Lorry (41 - 100 Quintal),Owner,2-5yrs,Other,Double carriageway (median),Tangent road with mild grade and flat terrain,Crossing,Asphalt roads,Dry,Daylight,Normal,Stationary Object Collision,2,1,Turning,na,na,na,Driver,Normal,Not a Pedestrian,No priority to vehicle,Slight Injury
20:00:00,Saturday,Unknown,Male,High school,Employee,1-2yr,Automobile,Owner,Unknown,Other,Two-way (divided with broken lines road marking),Tangent road with flat terrain,Other,Asphalt roads,Dry,Daylight,Normal,Self-accident,2,1,Moving backward,Male,31-50,3,Employee,Normal,Not a Pedestrian,Moving Backward,Slight Injury
20:00:00,Saturday,31-50,Male,Junior high school,Owner,5-10yr,Public (12 seats),Owner,2-5yrs, Church areas,Two-way (divided with broken lines road marking),Tangent road with flat terrain,Other,Asphalt roads,Dry,Daylight,Normal,Vehicle Collision,2,1,Moving forward,Female,Over 51,3,,,Not a Pedestrian,Driving under the influence of drugs,Slight Injury
18:00:00,Monday,31-50,Male,Junior high school,Employee,1-2yr,Automobile,Owner,5-10yrs,Other,Undivided Two way,Tangent road with flat terrain,Y Shape,Asphalt roads,Dry,Daylight,Normal,Pedestrian Collision,2,2,Moving backward,Male,18-30,3,Student,Normal,Not a Pedestrian,Moving Backward,Slight Injury
18:00:00,Monday,18-30,Male,Junior high school,Employee,Above 10yr,Automobile,Organization,2-5yrs, Industrial areas,Two-way (divided with broken lines road marking),Tangent road with flat terrain,Y Shape,Asphalt roads,Dry,Daylight,Normal,Vehicle Collision,2,2,Moving forward,na,na,na,Driver,Normal,Not a Pedestrian,Changing lane to the right,Slight Injury
18:00:00,Monday,18-30,Male,Junior high school,Employee,Below 1yr,Lorry (41 - 100 Quintal),Owner,Unknown,Residential areas,Double carriageway (median),Tangent road with flat terrain,Y Shape,Asphalt roads,Dry,Daylight,Normal,Vehicle Collision,2,2,Moving forward,Female,Under 18,3,Self-employed,Normal,Not a Pedestrian,Overspeed,Slight Injury
15:00:00,Monday,18-30,Male,Elementary school,Employee,2-5yr,Automobile,Governmental,Above 10yr,Other,Two-way (divided with broken lines road marking),Tangent road with flat terrain,Crossing,Asphalt roads,Wet or damp,Daylight,Raining,Pedestrian Collision,2,1,Moving forward,Female,18-30,3,Self-employed,Normal,Crossing from nearside - masked by parked or statioNot a Pedestrianry vehicle,Driving under the influence of drugs,Serious Injury
15:00:00,Monday,Under 18,Male,Junior high school,Employee,5-10yr,Motorcycle,Owner,Unknown,Office areas,Two-way (divided with broken lines road marking),Tangent road with flat terrain,Crossing,Asphalt roads,Wet or damp,Daylight,Raining,Pedestrian Collision,2,1,Moving forward,Male,18-30,3,Driver,Normal,Not a Pedestrian,Driving carelessly,Serious Injury
12:00:00,Sunday,Over 51,Male,Elementary school,Employee,5-10yr,Automobile,Owner,Unknown, Industrial areas,Unknown,Tangent road with flat terrain,No junction,Asphalt roads,Dry,Daylight,Normal,Vehicle Collision,3,4,Moving forward,na,na,na,,,Not a Pedestrian,No distancing,Slight Injury
12:00:00,Sunday,31-50,Male,Junior high school,Owner,1-2yr,Automobile,Owner,1-2yr, Industrial areas,Double carriageway (median),Tangent road with flat terrain,No junction,Asphalt roads,Dry,Daylight,Normal,Vehicle Collision,3,4,Moving forward,Female,Under 18,3,Driver,Normal,Unknown or other,No priority to vehicle,Slight Injury
12:00:00,Sunday,18-30,Male,Junior high school,Employee,5-10yr,Automobile,Owner,Unknown,Other,Two-way (divided with broken lines road marking),Tangent road with flat terrain,No junction,Asphalt roads,Dry,Daylight,Normal,Vehicle Collision,3,4,Moving forward,Male,Under 18,3,Driver,Normal,Not a Pedestrian,Overspeed,Slight Injury
12:00:00,Sunday,18-30,Male,Unknown,Other,5-10yr,Automobile,Organization,Above 10yr, Hospital areas,Two-way (divided with broken lines road marking),Tangent road with flat terrain,No junction,Asphalt roads,Dry,Daylight,Normal,Vehicle Collision,3,4,Moving forward,Female,18-30,3,Self-employed,Normal,Not a Pedestrian,Driving under the influence of drugs,Slight Injury
16:00:00,Sunday,18-30,Male,High school,Employee,2-5yr,Public (> 45 seats),Owner,Unknown,Office areas,One way,Tangent road with flat terrain,No junction,Asphalt roads,Dry,Daylight,Normal,Vehicle Collision,2,1,Moving forward,na,na,na,Driver,Normal,Not a Pedestrian,Changing lane to the right,Slight Injury
16:00:00,Sunday,Over 51,Male,Junior high school,Employee,1-2yr,Automobile,Owner,2-5yrs, Church areas,Undivided Two way,Tangent road with flat terrain,No junction,Asphalt roads,Dry,Daylight,Normal,Stationary Object Collision,2,1,Moving forward,Male,31-50,3,,Normal,Not a Pedestrian,Changing lane to the right,Slight Injury
16:00:00,Friday,18-30,Male,Junior high school,Employee,5-10yr,Automobile,Organization,5-10yrs, Hospital areas,Undivided Two way,Tangent road with mountainous terrain and,Other,Asphalt roads,Dry,Daylight,Normal,Vehicle Collision,2,1,Moving forward,na,na,na,Driver,Normal,Not a Pedestrian,Changing lane to the right,Slight Injury
16:00:00,Friday,Over 51,Male,Junior high school,Employee,2-5yr,Automobile,Owner,Above 10yr,Office areas,other,Tangent road with flat terrain,Other,Asphalt roads,Dry,Daylight,Normal,Vehicle Collision,2,1,Other,Male,18-30,3,,,Not a Pedestrian,Changing lane to the right,Slight Injury
12:00:00,Saturday,31-50,Male,Junior high school,Employee,No Licence,Other,Owner,2-5yrs,Other,Two-way (divided with broken lines road marking),Escarpments,No junction,Asphalt roads,Dry,Daylight,Normal,Vehicle Collision,2,1,Other,Female,18-30,3,Driver,Normal,Crossing from offside - masked by  parked or statioNot a Pedestrianry vehicle,Moving Backward,Slight Injury
12:00:00,Saturday,18-30,Male,Junior high school,Employee,Above 10yr,Stationwagen,Owner,1-2yr,Office areas,Undivided Two way,Tangent road with flat terrain,No junction,Asphalt roads,Dry,Daylight,Normal,Vehicle Collision,2,1,Moving forward,Female,Over 51,3,,,Crossing from nearside - masked by parked or statioNot a Pedestrianry vehicle,No distancing,Slight Injury
21:00:00,Saturday,31-50,Male,Junior high school,Employee,Above 10yr,Lorry (41 - 100 Quintal),Owner,2-5yrs,Office areas,Two-way (divided with broken lines road marking),Tangent road with mountainous terrain and,Y Shape,Asphalt roads,Dry,Daylight,Normal,Vehicle Collision,3,1,Moving forward,Male,18-30,3,Self-employed,NormalNormal,Not a Pedestrian,Overspeed,Serious Injury
21:00:00,Saturday,31-50,Male,Junior high school,Employee,5-10yr,Taxi,Owner,Unknown,Other,Double carriageway (median),Steep grade downward with mountainous terrain,Y Shape,Asphalt roads,Dry,Daylight,Normal,Vehicle Collision,3,1,Exiting,na,na,na,Driver,Normal,Not a Pedestrian,No distancing,Serious Injury
21:00:00,Saturday,Over 51,Male,High school,Employee,2-5yr,Other,Owner,1-2yr,Office areas,Undivided Two way,Tangent road with mild grade and flat terrain,Y Shape,Asphalt roads,Dry,Daylight,Normal,Vehicle Collision,3,1,Moving forward,na,na,na,Driver,Normal,Not a Pedestrian,Driving carelessly,Serious Injury
07:00:00,Friday,31-50,Male,High school,Owner,2-5yr,Public (12 seats),Owner,Unknown,Residential areas,Undivided Two way,Tangent road with flat terrain,Y Shape,Asphalt roads,Dry,Daylight,Normal,Vehicle Collision,2,2,Moving forward,Female,18-30,3,Other,Normal,Not a Pedestrian,No distancing,Slight Injury
07:00:00,Friday,18-30,Male,Junior high school,Employee,Below 1yr,Automobile,Owner,Unknown,Other,Two-way (divided with broken lines road marking),Tangent road with flat terrain,Y Shape,Asphalt roads,Dry,Daylight,Normal,Vehicle Collision,2,2,Moving forward,Male,18-30,2,,,Not a Pedestrian,No distancing,Slight Injury
21:00:00,Monday,18-30,Male,Junior high school,Owner,Above 10yr,Automobile,Owner,2-5yrs,Office areas,Double carriageway (median),Tangent road with flat terrain,No junction,Asphalt roads,Dry,Darkness - lights lit,Normal,Vehicle Collision,2,1,Moving forward,na,na,na,,,Not a Pedestrian,No distancing,Slight Injury
21:00:00,Monday,31-50,Male,Junior high school,Employee,Above 10yr,Public (13 - 45 seats),Owner,5-10yrs,Office areas,Undivided Two way,Tangent road with mountainous terrain and,No junction,Asphalt roads,Dry,Darkness - lights lit,Normal,Vehicle Collision,2,1,Moving forward,Male,18-30,3,Other,Normal,Not a Pedestrian,Changing lane to the right,Slight Injury
22:00:00,Thursday,18-30,Male,Elementary school,Employee,2-5yr,Lorry (41 - 100 Quintal),Owner,Unknown,Office areas,other,Tangent road with flat terrain,Y Shape,Asphalt roads,Dry,Darkness - lights lit,Normal,Vehicle Collision,2,1,Exiting,Male,Over 51,3,Driver,Normal,Not a Pedestrian,No distancing,Slight Injury
22:00:00,Thursday,18-30,Male,Junior high school,Employee,2-5yr,Lorry (41 - 100 Quintal),Owner,5-10yrs,Other,Two-way (divided with broken lines road marking),Tangent road with mild grade and flat terrain,Y Shape,Asphalt roads,Dry,Darkness - lights lit,Normal,Vehicle Collision,2,1,Moving forward,Male,18-30,3,Driver,Normal,Crossing from nearside - masked by parked or statioNot a Pedestrianry vehicle,No priority to vehicle,Slight Injury
17:00:00,Tuesday,31-50,Male,Unknown,Employee,Above 10yr,Lorry (11 - 40 Quintal),Owner,Unknown, Church areas,Undivided Two way,Tangent road with flat terrain,Y Shape,Asphalt roads,Dry,Daylight,Normal,Vehicle Collision,2,1,Moving forward,Male,18-30,3,,,Not a Pedestrian,Changing lane to the left,Slight Injury
17:00:00,Tuesday,Over 51,Male,Elementary school,Employee,5-10yr,Motorcycle,Owner,Unknown, Industrial areas,Undivided Two way,Tangent road with flat terrain,Y Shape,Asphalt roads,Dry,Daylight,Normal,Vehicle Collision,2,1,Other,na,na,na,Driver,Normal,Not a Pedestrian,Moving Backward,Slight Injury