Time,Day,Age_band_of_driver,Sex_of_driver,Educational_level,Vehicle_driver_relation,Driving_experience,Type_of_vehicle,Owner_of_vehicle,Service_year_of_vehicle,Area_accident_occured,Lanes_or_Medians,Road_allignment,Types_of_Junction,Road_surface_type,Road_surface_conditions,Light_conditions,Weather_conditions,Type_of_collision,Number_of_vehicles_involved,Number_of_casualties,Vehicle_movement,Sex_of_casualty,Age_band_of_casualty,Casualty_severity,Work_of_casuality,Fitness_of_casuality,Pedestrian_movement,Cause_of_accident,Accident_severity
13:00:00,Monday,Over 51,Male,Junior high school,Employee,Above 10yr,Automobile,Organization,5-10yrs,Office areas,Two-way (divided with broken lines road marking),Gentle horizontal curve,No junction,Asphalt roads,Wet or damp,Daylight,Raining,Vehicle Collision,2,2,Other,Male,Over 51,3,,Normal,Not a Pedestrian,No distancing,Slight Injury
08:00:00,Thursday,Under 18,Male,High school,Owner,2-5yr,Automobile,Organization,Above 10yr,Other,Two-way (divided with broken lines road marking),Tangent road with flat terrain,Y Shape,Asphalt roads,Dry,Daylight,Normal,Vehicle Collision,2,2,Other,na,na,na,Employee,Normal,Not a Pedestrian,Changing lane to the left,Slight Injury
08:00:00,Thursday,Over 51,Male,Junior high school,Employee,1-2yr,Lorry (41 - 100 Quintal),Owner,2-5yrs,Other,Two-way (divided with broken lines road marking),Tangent road with flat terrain,Y Shape,Asphalt roads,Dry,Daylight,Normal,Pedestrian Collision,2,2,Other,na,na,na,,Normal,Not a Pedestrian,Driving carelessly,Slight Injury
19:00:00,Friday,31-50,Male,Junior high school,Employee,1-2yr,Other,Governmental,Unknown,Residential areas,Two-way (divided with broken lines road marking),Tangent road with flat terrain,No junction,Asphalt roads,Dry,Darkness - lights lit,Windy,Pedestrian Collision,1,1,Stopping,Male,18-30,3,,Normal,Not a Pedestrian,Changing lane to the right,Slight Injury
23:00:00,Friday,Under 18,Male,Above high school,Owner,2-5yr,Other,Owner,2-5yrs,Office areas,Two-way (divided with broken lines road marking),Tangent road with flat terrain,Crossing,Asphalt roads,Wet or damp,Darkness - lights lit,Raining,Vehicle Collision,2,1,Other,Male,31-50,2,,Normal,Not a Pedestrian,No priority to vehicle,Slight Injury
23:00:00,Friday,18-30,Male,Junior high school,Employee,5-10yr,Automobile,Owner,2-5yrs, Church areas,One way,Tangent road with flat terrain,Crossing,Asphalt roads,Wet or damp,Darkness - lights lit,Raining,Vehicle Collision,2,1,Other,na,na,na,,,Not a Pedestrian,No distancing,Slight Injury
18:00:00,Thursday,31-50,Male,Elementary school,Owner,2-5yr,Other,Owner,1-2yr,Other,Undivided Two way,Tangent road with flat terrain,Y Shape,Asphalt roads,Dry,Darkness - lights lit,Normal,Vehicle Collision,1,1,Other,Male,18-30,3,Driver,Normal,Not a Pedestrian,No priority to pedestrian,Fatal injury
08:00:00,Wednesday,18-30,Male,Junior high school,Employee,1-2yr,Automobile,Owner,Above 10yr,  Market areas,other,Steep grade downward with mountainous terrain,No junction,Asphalt roads,Wet or damp,Daylight,Raining,Vehicle Collision,2,1,Moving forward,Male,18-30,3,Self-employed,Normal,Not a Pedestrian,No priority to pedestrian,Slight Injury
08:00:00,Wednesday,18-30,Male,Junior high school,Owner,5-10yr,Public (13 - 45 seats),Owner,Above 10yr,Residential areas,,Tangent road with flat terrain,No junction,Asphalt roads with some distress,Wet or damp,Daylight,Raining,Vehicle Collision,2,1,Moving forward,na,na,na,,,Not a Pedestrian,No priority to vehicle,Slight Injury
23:00:00,Thursday,18-30,Male,Junior high school,Employee,Below 1yr,Lorry (41 - 100 Quintal),Owner,5-10yrs,Office areas,Undivided Two way,Tangent road with flat terrain,Y Shape,Asphalt roads,Snow,Darkness - lights lit,Other,Stationary Object Collision,2,1,Moving forward,Male,18-30,3,Driver,Normal,Not a Pedestrian,Changing lane to the left,Slight Injury
23:00:00,Thursday,31-50,Male,Junior high school,Employee,2-5yr,Automobile,Owner,Unknown,  Recreational areas,other,,Y Shape,Asphalt roads,Snow,Darkness - lights lit,Other,Vehicle Collision,2,1,Moving forward,na,na,na,Driver,Normal,Not a Pedestrian,Changing lane to the left,Slight Injury
16:00:00,Tuesday,31-50,Male,Junior high school,Employee,5-10yr,Automobile,Governmental,Unknown,Office areas,other,Tangent road with mild grade and flat terrain,Y Shape,Asphalt roads,Dry,Daylight,Normal,Vehicle Collision,3,1,Moving forward,Male,31-50,3,Driver,Normal,Not a Pedestrian,No distancing,Slight Injury
16:00:00,Tuesday,31-50,Male,Junior high school,Employee,Above 10yr,Automobile,Owner,5-10yrs, Industrial areas,other,Tangent road with flat terrain,Y Shape,Asphalt roads,Dry,Daylight,Normal,Vehicle Collision,3,1,Moving forward,na,na,na,Driver,Normal,Not a Pedestrian,No priority to vehicle,Slight Injury
16:00:00,Tuesday,31-50,Male,Elementary school,Employee,2-5yr,Lorry (41 - 100 Quintal),Owner,Unknown,Other,,,Y Shape,Asphalt roads,Dry,Daylight,Normal,Vehicle Collision,3,1,Moving forward,Male,31-50,3,Self-employed,Normal,Not a Pedestrian,No distancing,Slight Injury
21:00:00,Wednesday,Under 18,Male,Elementary school,Owner,Above 10yr,Automobile,Owner,Unknown,Residential areas,Undivided Two way,Tangent road with flat terrain,No junction,Asphalt roads,Dry,Darkness - lights lit,Normal,Vehicle Collision,2,1,Moving forward,Female,Under 18,3,,,Not a Pedestrian,No distancing,Slight Injury
21:00:00,Wednesday,18-30,Male,Junior high school,Employee,1-2yr,Lorry (41 - 100 Quintal),Governmental,Above 10yr,Residential areas,other,Tangent road with flat terrain,No junction,Asphalt roads,Dry,Darkness - lights lit,Normal,Vehicle Collision,2,1,Moving forward,Female,31-50,3,,,Not a Pedestrian,Changing lane to the right,Slight Injury
13:00:00,Friday,Over 51,Male,Junior high school,Employee,5-10yr,Taxi,Owner,1-2yr, Industrial areas,other,Tangent road with flat terrain,No junction,Asphalt roads,Dry,Daylight,Normal,Vehicle Collision,2,1,Moving forward,na,na,na,Driver,Normal,Not a Pedestrian,Changing lane to the left,Slight Injury
13:00:00,Friday,18-30,Male,Junior high school,Employee,2-5yr,Lorry (41 - 100 Quintal),Owner,2-5yrs,Residential areas,Undivided Two way,Tangent road with flat terrain,No junction,Asphalt roads,Dry,Daylight,Normal,Vehicle Collision,2,1,Moving forward,Male,31-50,3,Driver,Normal,Not a Pedestrian,No distancing,Slight Injury
10:00:00,Tuesday,Over 51,Male,Junior high school,Employee,2-5yr,Lorry (41 - 100 Quintal),Owner,Unknown,Residential areas,other,Tangent road with flat terrain,Y Shape,Asphalt roads,Dry,Daylight,Normal,Vehicle Collision,1,1,Moving backward,na,na,na,,,Not a Pedestrian,Overturning,Serious Injury
13:00:00,Saturday,Under 18,Male,Junior high school,Employee,2-5yr,Other,Owner,Unknown,Office areas,Undivided Two way,Tangent road with flat terrain,Y Shape,Asphalt roads,Wet or damp,Daylight,Normal,Vehicle Collision,2,1,Moving forward,Male,Under 18,3,Self-employed,Normal,Not a Pedestrian,No priority to vehicle,Slight Injury
13:00:00,Saturday,31-50,Male,Junior high school,Employee,2-5yr,Stationwagen,Owner,2-5yrs,Office areas,Double carriageway (median),Escarpments,Y Shape,Asphalt roads,Wet or damp,Daylight,Normal,Vehicle Collision,2,1,Other,na,na,na,,,Not a Pedestrian,Moving Backward,Slight Injury
20:00:00,Saturday,31-50,Male,Junior high school,Employee,Above 10yr,Stationwagen,Owner,Above 10yr,Office areas,other,Tangent road with flat terrain,Crossing,Asphalt roads,Dry,Darkness - lights lit,Normal,Vehicle Collision,1,1,Moving forward,Female,31-50,3,,,Not a Pedestrian,Driving under the influence of drugs,Serious Injury
05:00:00,Thursday,31-50,Male,Junior high school,Employee,Above 10yr,Lorry (41 - 100 Quintal),Owner,1-2yr,Office areas,Undivided Two way,Escarpments,No junction,Asphalt roads,Wet or damp,Darkness - lights lit,Normal,Vehicle Collision,1,1,Exiting,Male,31-50,2,Driver,Normal,Not a Pedestrian,Moving Backward,Slight Injury
16:00:00,Monday,18-30,Male,Elementary school,Employee,5-10yr,Lorry (41 - 100 Quintal),Owner,Unknown,Office areas,One way,Tangent road with flat terrain,No junction,Asphalt roads,Dry,Daylight,Normal,Vehicle Collision,1,2,Moving forward,na,na,na,Driver,Normal,Not a Pedestrian,Changing lane to the right,Slight Injury
16:00:00,Monday,18-30,Male,Junior high school,Employee,5-10yr,Other,Owner,Unknown,Office areas,Undivided Two way,Tangent road with flat terrain,No junction,Asphalt roads,Dry,Daylight,Normal,Vehicle Collision,1,2,Moving forward,na,na,na,Driver,Normal,Not a Pedestrian,Overspeed,Slight Injury
15:00:00,Thursday,Unknown,Female,Junior high school,Employee,2-5yr,Automobile,Owner,Unknown,Office areas,other,Tangent road with flat terrain,Y Shape,Asphalt roads,Wet or damp,Daylight,Normal,Stationary Object Collision,1,1,Moving forward,Male,18-30,3,Driver,Normal,Not a Pedestrian,Driving under the influence of drugs,Serious Injury
20:00:00,Friday,18-30,Male,Elementary school,Employee,5-10yr,Automobile,Owner,Above 10yr,Residential areas,other,Tangent road with flat terrain,Crossing,Asphalt roads,Dry,Darkness - lights lit,Unknown,Vehicle Collision,1,2,Moving forward,Male,18-30,3,Driver,Normal,Not a Pedestrian,Driving carelessly,Serious Injury
20:00:00,Friday,18-30,Male,Junior high school,Employee,5-10yr,Taxi,Owner,5-10yrs,Residential areas,One way,Tangent road with flat terrain,Crossing,Asphalt roads,Dry,Darkness - lights lit,Unknown,Vehicle Collision,1,2,Turning,Male,18-30,2,Driver,Normal,Not a Pedestrian,No distancing,Serious Injury
15:00:00,Tuesday,Over 51,Male,Junior high school,Employee,Above 10yr,Lorry (41 - 100 Quintal),Owner,Unknown,Other,One way,Tangent road with flat terrain,Unknown,Asphalt roads,Dry,Daylight,Normal,Vehicle Collision,1,1,Moving forward,Female,Under 18,3,Self-employed,Normal,Not a Pedestrian,No priority to vehicle,Slight Injury
19:00:00,Wednesday,Over 51,Male,Junior high school,Employee,5-10yr,Other,Owner,5-10yrs, Church areas,Undivided Two way,Tangent road with flat terrain,No junction,Asphalt roads,Wet or damp,Darkness - lights lit,Normal,Vehicle Collision,2,1,Moving forward,na,na,na,Driver,Normal,Not a Pedestrian,Overspeed,Slight Injury
19:00:00,Wednesday,31-50,Male,Junior high school,Employee,Above 10yr,Automobile,Owner,Unknown,  Recreational areas,other,Tangent road with flat terrain,No junction,Asphalt roads,Wet or damp,Darkness - lights lit,Normal,Pedestrian Collision,2,1,Moving forward,na,na,na,Driver,Normal,Not a Pedestrian,Driving under the influence of drugs,Slight Injury
15:00:00,Saturday,18-30,Male,Elementary school,Employee,Below 1yr,Public (> 45 seats),Owner,Unknown, Industrial areas,Undivided Two way,Tangent road with flat terrain,Y Shape,Asphalt roads,Wet or damp,Daylight,Normal,Vehicle Collision,1,1,Moving forward,Male,31-50,3,,,Not a Pedestrian,Changing lane to the right,Slight Injury
16:00:00,Friday,Over 51,Male,Elementary school,Employee,5-10yr,Stationwagen,Owner,Unknown,Residential areas,other,,No junction,Asphalt roads,Dry,Daylight,Normal,Vehicle Collision,1,1,Other,Female,18-30,3,Driver,Normal,Unknown or other,Changing lane to the right,Serious Injury
17:00:00,Tuesday,Over 51,Male,Elementary school,Employee,1-2yr,Automobile,Owner,Above 10yr,Residential areas,other,Tangent road with rolling terrain,Y Shape,Asphalt roads,Dry,Darkness - lights lit,Normal,Vehicle Collision,1,1,Moving forward,na,na,na,Driver,Normal,Not a Pedestrian,Changing lane to the right,Serious Injury
13:00:00,Friday,Over 51,Male,Elementary school,Employee,5-10yr,Lorry (41 - 100 Quintal),Owner,2-5yrs,Office areas,Double carriageway (median),Tangent road with flat terrain,No junction,Asphalt roads,Dry,Daylight,Normal,Vehicle Collision,3,2,Turning,Male,18-30,3,Employee,Normal,Not a Pedestrian,Changing lane to the right,Fatal injury
13:00:00,Friday,Over 51,Male,Elementary school,Employee,5-10yr,Other,Owner,2-5yrs,  Market areas,Undivided Two way,Tangent road with flat terrain,No junction,Asphalt roads,Dry,Daylight,Normal,Vehicle Collision,3,2,Moving forward,Male,18-30,3,,,Unknown or other,Moving Backward,Fatal injury
13:00:00,Friday,31-50,Male,Elementary school,Employee,2-5yr,Public (13 - 45 seats),Owner,Unknown,Unknown,other,Tangent road with flat terrain,No junction,Asphalt roads,Dry,Daylight,Normal,Vehicle Collision,3,2,Moving forward,Male,18-30,3,Driver,Normal,Not a Pedestrian,No distancing,Fatal injury
13:00:00,Friday,18-30,Male,Elementary school,Employee,5-10yr,Other,Owner,Unknown, Industrial areas,other,Tangent road with flat terrain,No junction,Asphalt roads,Dry,Daylight,Normal,Vehicle Collision,3,2,Moving forward,Female,18-30,3,Self-employed,Normal,Not a Pedestrian,Overspeed,Fatal injury
15:00:00,Thursday,18-30,Male,Junior high school,Employee,5-10yr,Other,Owner,Unknown,Residential areas,Two-way (divided with solid lines road marking),Tangent road with flat terrain,No junction,Asphalt roads,Dry,Daylight,Normal,Vehicle Collision,1,1,Moving forward,na,na,na,Self-employed,Normal,Not a Pedestrian,No distancing,Slight Injury
09:00:00,Monday,18-30,Male,Junior high school,Employee,Above 10yr,Ridden horse,Governmental,Below 1yr,Residential areas,Undivided Two way,Tangent road with flat terrain,Y Shape,Asphalt roads,Dry,Daylight,Normal,Pedestrian Collision,2,1,Moving forward,Male,Under 18,3,Employee,Normal,Crossing from driver's nearside,Driving carelessly,Serious Injury
09:00:00,Monday,Unknown,Female,Junior high school,Employee,Above 10yr,Lorry (41 - 100 Quintal),Owner,5-10yrs,Other,Undivided Two way,Tangent road with flat terrain,Y Shape,Asphalt roads,Dry,Daylight,Normal,Vehicle Collision,2,1,Other,Male,18-30,3,Driver,Normal,Not a Pedestrian,No distancing,Serious Injury
14:00:00,Friday,31-50,Male,Elementary school,Employee,Below 1yr,Lorry (41 - 100 Quintal),Governmental,Unknown,Residential areas,other,Tangent road with flat terrain,No junction,Asphalt roads,Dry,Daylight,Normal,Vehicle Collision,3,1,Moving forward,na,na,na,Driver,Normal,Not a Pedestrian,No distancing,Slight Injury
14:00:00,Friday,Over 51,Male,Elementary school,Employee,5-10yr,Pick up upto 10 Quintal,Owner,1-2yr,Rural village areas,Undivided Two way,Gentle horizontal curve,No junction,Asphalt roads,Dry,Daylight,Normal,Vehicle Collision,3,1,Moving forward,Female,18-30,3,Employee,Normal,Not a Pedestrian,No distancing,Slight Injury
14:00:00,Friday,31-50,Male,Elementary school,Owner,5-10yr,Lorry (11 - 40 Quintal),Owner,2-5yrs,Rural village areas,Undivided Two way,Gentle horizontal curve,No junction,Asphalt roads,Dry,Daylight,Normal,Vehicle Collision,3,1,Other,na,na,na,Self-employed,Normal,Not a Pedestrian,Changing lane to the right,Slight Injury
16:00:00,Sunday,Under 18,Male,Elementary school,Employee,2-5yr,Automobile,Owner,Unknown,Office areas,Double carriageway (median),Tangent road with flat terrain,Y Shape,Asphalt roads,Dry,Daylight,Normal,Stationary Object Collision,2,1,Moving forward,Male,18-30,3,Driver,Normal,Not a Pedestrian,No distancing,Slight Injury
16:00:00,Sunday,Unknown,Female,Elementary school,Employee,Above 10yr,Automobile,Owner,2-5yrs,Residential areas,Undivided Two way,Gentle horizontal curve,Y Shape,Asphalt roads,Dry,Daylight,Normal,Vehicle Collision,2,1,Moving forward,Male,18-30,3,Driver,Normal,"Walking along in carriageway, back to traffic",No priority to vehicle,Slight Injury
14:00:00,Thursday,Over 51,Male,Elementary school,Employee,2-5yr,Pick up upto 10 Quintal,Owner,Unknown,Residential areas,other,Tangent road with flat terrain,No junction,Asphalt roads,Dry,Daylight,Normal,Vehicle Collision,4,1,Moving forward,Female,18-30,3,Self-employed,Normal,Not a Pedestrian,Changing lane to the left,Slight Injury
14:00:00,Thursday,31-50,Male,Junior high school,Employee,Above 10yr,Automobile,Owner,Unknown, Outside rural areas,other,Tangent road with flat terrain,No junction,Asphalt roads,Dry,Daylight,Normal,Vehicle Collision,4,1,Moving forward,na,na,na,Driver,Normal,Not a Pedestrian,Moving Backward,Slight Injury
14:00:00,Thursday,Under 18,Male,Junior high school,Employee,Below 1yr,Other,Owner,Above 10yr,Residential areas,other,Tangent road with flat terrain,No junction,Asphalt roads,Dry,Daylight,Normal,Vehicle Collision,4,1,Moving forward,Male,Over 51,3,Driver,Normal,Not a Pedestrian,Driving carelessly,Slight Injury
14:00:00,Thursday,Unknown,Female,Junior high school,Employee,2-5yr,Lorry (41 - 100 Quintal),Owner,5-10yrs, Church areas,other,Tangent road with flat terrain,No junction,Asphalt roads,Dry,Daylight,Normal,Vehicle Collision,4,1,Moving backward,Male,18-30,3,Driver,Normal,Not a Pedestrian,Changing lane to the left,Slight Injury
13:00:00,Monday,Unknown,Female,Elementary school,Employee,5-10yr,Public (13 - 45 seats),Owner,Unknown,Office areas,Undivided Two way,Tangent road with flat terrain,No junction,Asphalt roads,Dry,Daylight,Normal,Vehicle Collision,2,1,Moving backward,Female,31-50,3,Self-employed,Normal,Crossing from nearside - masked by parked or statioNot a Pedestrianry vehicle,No priority to pedestrian,Slight Injury
13:00:00,Monday,31-50,Male,Elementary school,Employee,5-10yr,Pick up upto 10 Quintal,Owner,Unknown,Office areas,Two-way (divided with broken lines road marking),Tangent road with mountainous terrain and,No junction,Asphalt roads,Dry,Daylight,Normal,Vehicle Collision,2,1,Moving forward,na,na,na,Employee,Normal,Not a Pedestrian,No distancing,Slight Injury
08:00:00,Tuesday,18-30,Male,Elementary school,Employee,1-2yr,Stationwagen,Governmental,Unknown,Office areas,Two-way (divided with broken lines road marking),Escarpments,No junction,Asphalt roads,Wet or damp,Daylight,Normal,Stationary Object Collision,1,1,Moving forward,Male,18-30,3,,,Not a Pedestrian,No distancing,Slight Injury
00:00:00,Wednesday,Under 18,Male,Elementary school,Employee,5-10yr,Other,Owner,2-5yrs,Other,Undivided Two way,Tangent road with mountainous terrain and,No junction,Asphalt roads,Dry,Darkness - lights unlit,Normal,Vehicle Collision,3,2,Moving forward,Male,18-30,3,Self-employed,Normal,Not a Pedestrian,Overturning,Slight Injury
00:00:00,Wednesday,Under 18,Male,Junior high school,Employee,1-2yr,Pick up upto 10 Quintal,Owner,2-5yrs,Other,Undivided Two way,Tangent road with flat terrain,No junction,Asphalt roads,Dry,Darkness - lights unlit,Normal,Vehicle Collision,3,2,Moving forward,Male,18-30,3,Driver,Normal,Not a Pedestrian,No distancing,Slight Injury
00:00:00,Wednesday,Unknown,Female,Junior high school,Employee,5-10yr,Public (13 - 45 seats),Owner,Unknown,Residential areas,Two-way (divided with broken lines road marking),Tangent road with flat terrain,No junction,Asphalt roads,Dry,Darkness - lights unlit,Normal,Vehicle Collision,3,2,Moving forward,na,na,na,Driver,Normal,Not a Pedestrian,Drunk driving,Slight Injury
00:00:00,Wednesday,Unknown,Female,Elementary school,Owner,1-2yr,Public (12 seats),Owner,Unknown,Other,Two-way (divided with broken lines road marking),Tangent road with flat terrain,No junction,Asphalt roads,Dry,Darkness - lights unlit,Normal,Vehicle Collision,3,2,Moving forward,Male,18-30,3,Driver,Normal,Not a Pedestrian,Moving Backward,Slight Injury
15:00:00,Wednesday,18-30,Male,Junior high school,Employee,5-10yr,Lorry (41 - 100 Quintal),Owner,Below 1yr,Other,Undivided Two way,Tangent road with mild grade and flat terrain,No junction,Asphalt roads,Dry,Daylight,Normal,Self-accident,2,1,Moving forward,na,na,na,Driver,Normal,Not a Pedestrian,No priority to pedestrian,Slight Injury
15:00:00,Wednesday,31-50,Male,Junior high school,Employee,2-5yr,Pick up upto 10 Quintal,Owner,5-10yrs,Other,Two-way (divided with broken lines road marking),Tangent road with flat terrain,No junction,Asphalt roads,Dry,Daylight,Normal,Vehicle Collision,2,1,Moving forward,Male,31-50,3,Self-employed,Normal,Not a Pedestrian,Changing lane to the left,Slight Injury
08:00:00,Wednesday,31-50,Male,Junior high school,Employee,2-5yr,Lorry (41 - 100 Quintal),Governmental,5-10yrs,Other,Undivided Two way,Tangent road with flat terrain,Y Shape,Asphalt roads,Dry,Daylight,Other,Vehicle Collision,2,1,Moving forward,na,na,na,Driver,Normal,Not a Pedestrian,Changing lane to the left,Slight Injury
08:00:00,Wednesday,Over 51,Male,Junior high school,Employee,5-10yr,Pick up upto 10 Quintal,Owner,2-5yrs,Other,Double carriageway (median),Tangent road with mild grade and flat terrain,Y Shape,Asphalt roads,Dry,Daylight,Other,Stationary Object Collision,2,1,Moving forward,na,na,na,Driver,Normal,Not a Pedestrian,Getting off the vehicle improperly,Slight Injury
20:00:00,Saturday,31-50,Male,Junior high school,Owner,Below 1yr,Long lorry,Owner,Unknown,Other,Two-way (divided with broken lines road marking),Tangent road with flat terrain,Y Shape,Asphalt roads,Wet or damp,Darkness - lights lit,Normal,Vehicle Collision,1,2,Moving forward,Male,18-30,2,,,Not a Pedestrian,No distancing,Slight Injury
20:00:00,Saturday,31-50,Male,High school,Employee,Below 1yr,Automobile,Owner,2-5yrs, Church areas,Two-way (divided with broken lines road marking),Tangent road with flat terrain,Y Shape,Asphalt roads,Wet or damp,Darkness - lights lit,Normal,Vehicle Collision,1,2,Moving forward,na,na,na,Self-employed,Normal,Not a Pedestrian,Changing lane to the right,Slight Injury
01:00:00,Saturday,18-30,Male,Junior high school,Employee,5-10yr,Other,Owner,5-10yrs,Other,Undivided Two way,Tangent road with flat terrain,No junction,Asphalt roads,Dry,Darkness - lights lit,Normal,Vehicle Collision,1,4,Other,Male,31-50,3,Driver,Normal,Not a Pedestrian,Changing lane to the right,Fatal injury
01:00:00,Saturday,18-30,Male,Junior high school,Employee,Below 1yr,Automobile,Organization,2-5yrs, Industrial areas,Two-way (divided with broken lines road marking),Tangent road with flat terrain,No junction,Asphalt roads,Dry,Darkness - lights lit,Normal,Stationary Object Collision,1,4,Moving forward,Male,Over 51,3,Driver,Normal,Crossing from nearside - masked by parked or statioNot a Pedestrianry vehicle,Moving Backward,Fatal injury
01:00:00,Saturday,18-30,Male,Junior high school,Employee,2-5yr,Public (13 - 45 seats),Owner,Unknown,Residential areas,Double carriageway (median),Tangent road with flat terrain,No junction,Asphalt roads,Dry,Darkness - lights lit,Normal,Stationary Object Collision,1,4,Moving backward,na,na,na,Driver,Normal,Not a Pedestrian,Driving at high speed,Fatal injury
01:00:00,Saturday,18-30,Male,Junior high school,Employee,2-5yr,Special vehicle,Governmental,Above 10yr,Other,Two-way (divided with broken lines road marking),Tangent road with flat terrain,No junction,Asphalt roads,Dry,Darkness - lights lit,Normal,Vehicle Collision,1,4,Other,Female,18-30,3,Other,Normal,Not a Pedestrian,Changing lane to the left,Fatal injury
21:00:00,Wednesday,18-30,Male,Junior high school,Employee,5-10yr,Lorry (41 - 100 Quintal),Owner,Unknown,Office areas,Two-way (divided with broken lines road marking),Tangent road with flat terrain,Y Shape,Asphalt roads,Wet or damp,Darkness - lights lit,Raining,Vehicle Collision,2,1,Moving forward,Female,18-30,3,Employee,Normal,Not a Pedestrian,Moving Backward,Slight Injury
21:00:00,Wednesday,31-50,Male,Elementary school,Employee,5-10yr,Lorry (41 - 100 Quintal),Owner,Unknown, Industrial areas,Unknown,Tangent road with flat terrain,Y Shape,Asphalt roads,Wet or damp,Darkness - lights lit,Raining,Stationary Object Collision,2,1,Moving forward,na,na,na,Driver,Normal,Not a Pedestrian,Overtaking,Slight Injury
08:00:00,Wednesday,31-50,Male,Junior high school,Owner,5-10yr,Public (> 45 seats),Owner,1-2yr, Industrial areas,Double carriageway (median),Tangent road with flat terrain,Crossing,Asphalt roads,Dry,Daylight,Normal,Stationary Object Collision,2,1,Moving forward,na,na,na,Self-employed,Normal,Not a Pedestrian,Changing lane to the left,Slight Injury
08:00:00,Wednesday,Under 18,Male,Junior high school,Employee,5-10yr,Automobile,Owner,Unknown,Other,Two-way (divided with broken lines road marking),Tangent road with flat terrain,Crossing,Asphalt roads,Dry,Daylight,Normal,Vehicle Collision,2,1,Moving forward,Male,31-50,3,Driver,Normal,Not a Pedestrian,Changing lane to the right,Slight Injury
11:00:00,Sunday,31-50,Male,Junior high school,Owner,5-10yr,Automobile,Organization,Above 10yr, Hospital areas,Two-way (divided with broken lines road marking),Tangent road with flat terrain,Y Shape,Asphalt roads,Dry,Daylight,Normal,Vehicle Collision,3,1,Moving forward,Female,18-30,3,,,Not a Pedestrian,Overtaking,Slight Injury
11:00:00,Sunday,Over 51,Male,Illiterate,Employee,2-5yr,Automobile,Owner,Unknown,Office areas,One way,Tangent road with flat terrain,Y Shape,Asphalt roads,Dry,Daylight,Normal,Vehicle Collision,3,1,Moving forward,na,na,na,Driver,Normal,Not a Pedestrian,Overloading,Slight Injury
11:00:00,Sunday,18-30,Male,Junior high school,Employee,5-10yr,Public (> 45 seats),Owner,2-5yrs, Church areas,Undivided Two way,Tangent road with flat terrain,Y Shape,Asphalt roads,Dry,Daylight,Normal,Stationary Object Collision,3,1,Moving forward,Male,31-50,3,Driver,Normal,Not a Pedestrian,Other,Slight Injury
07:00:00,Wednesday,31-50,Male,Junior high school,Employee,Below 1yr,Lorry (11 - 40 Quintal),Organization,5-10yrs, Hospital areas,Undivided Two way,Tangent road with mountainous terrain and,No junction,Asphalt roads,Dry,Daylight,Normal,Vehicle Collision,2,1,Moving forward,Female,18-30,3,Self-employed,Normal,Not a Pedestrian,No priority to vehicle,Slight Injury
07:00:00,Wednesday,18-30,Male,Junior high school,Employee,1-2yr,Pick up upto 10 Quintal,Owner,Above 10yr,Office areas,other,Tangent road with flat terrain,No junction,Asphalt roads,Dry,Daylight,Normal,Vehicle Collision,2,1,Moving forward,na,na,na,Self-employed,Normal,Not a Pedestrian,Changing lane to the right,Slight Injury
10:00:00,Wednesday,18-30,Male,Elementary school,Employee,2-5yr,Lorry (11 - 40 Quintal),Owner,2-5yrs,Other,Two-way (divided with broken lines road marking),Escarpments,Y Shape,Asphalt roads,Dry,Daylight,Normal,Vehicle Collision,2,1,Other,Male,31-50,3,Driver,Normal,Not a Pedestrian,Moving Backward,Slight Injury
10:00:00,Wednesday,Under 18,Male,Elementary school,Employee,2-5yr,Pick up upto 10 Quintal,Owner,1-2yr,Office areas,Undivided Two way,Tangent road with flat terrain,Y Shape,Asphalt roads,Dry,Daylight,Normal,Self-accident,2,1,Moving backward,Female,31-50,3,Driver,Normal,Not a Pedestrian,Changing lane to the left,Slight Injury
08:00:00,Wednesday,18-30,Male,Elementary school,Employee,5-10yr,Special vehicle,Owner,2-5yrs,Office areas,Two-way (divided with broken lines road marking),Tangent road with mountainous terrain and,No junction,Asphalt roads,Dry,Daylight,Normal,Vehicle Collision,1,1,Other,na,na,na,Self-employed,Normal,Not a Pedestrian,No priority to pedestrian,Slight Injury
15:00:00,Wednesday,31-50,Male,Junior high school,Employee,5-10yr,Lorry (11 - 40 Quintal),Owner,Unknown,Other,Double carriageway (median),Steep grade downward with mountainous terrain,Crossing,Asphalt roads,Dry,Daylight,Normal,Vehicle Collision,2,1,Other,Male,Over 51,3,Driver,Normal,Not a Pedestrian,No distancing,Serious Injury
15:00:00,Wednesday,31-50,Male,Junior high school,Employee,5-10yr,Automobile,Owner,1-2yr,Office areas,Undivided Two way,Tangent road with mild grade and flat terrain,Crossing,Asphalt roads,Dry,Daylight,Normal,Pedestrian Collision,2,1,Moving backward,Male,18-30,3,Self-employed,Normal,Not a Pedestrian,No priority to vehicle,Serious Injury
11:00:00,Tuesday,Over 51,Male,Junior high school,Employee,Above 10yr,Automobile,Owner,Unknown,Residential areas,Undivided Two way,Tangent road with flat terrain,No junction,Asphalt roads,Dry,Daylight,Normal,Vehicle Collision,1,1,Moving forward,Male,18-30,3,Driver,Normal,Unknown or other,No distancing,Slight Injury
04:00:00,Friday,18-30,Male,Junior high school,Employee,Above 10yr,Lorry (41 - 100 Quintal),Owner,Unknown,Other,Two-way (divided with broken lines road marking),Tangent road with flat terrain,No junction,Asphalt roads,Dry,Darkness - lights lit,Normal,Vehicle Collision,2,1,Moving forward,Male,18-30,3,Driver,Normal,Not a Pedestrian,No distancing,Slight Injury