Time,Day,Age_band_of_driver,Sex_of_driver,Educational_level,Vehicle_driver_relation,Driving_experience,Type_of_vehicle,Owner_of_vehicle,Service_year_of_vehicle,Area_accident_occured,Lanes_or_Medians,Road_allignment,Types_of_Junction,Road_surface_type,Road_surface_conditions,Light_conditions,Weather_conditions,Type_of_collision,Number_of_vehicles_involved,Number_of_casualties,Vehicle_movement,Sex_of_casualty,Age_band_of_casualty,Casualty_severity,Work_of_casuality,Fitness_of_casuality,Pedestrian_movement,Cause_of_accident,Accident_severity
12:00:00,Monday,31-50,Male,Junior high school,Employee,1-2yr,Lorry (41 - 100 Quintal),Owner,5-10yrs,Office areas,Two-way (divided with broken lines road marking),Tangent road with flat terrain,Y Shape,Asphalt roads,Wet or damp,Daylight,Raining,Vehicle Collision,2,2,Moving forward,na,na,na,Driver,Normal,Not a Pedestrian,Other,Slight Injury
18:00:00,Monday,18-30,Male,High school,Owner,5-10yr,Lorry (41 - 100 Quintal),Owner,Below 1yr, Church areas,other,Tangent road with flat terrain,Crossing,Asphalt roads,Wet or damp,Daylight,Raining,Vehicle Collision,1,2,Moving forward,na,na,na,Driver,Normal,Not a Pedestrian,No distancing,Slight Injury
18:00:00,Monday,18-30,Male,Junior high school,Employee,2-5yr,Lorry (41 - 100 Quintal),Owner,Unknown,Other,Two-way (divided with broken lines road marking),Tangent road with flat terrain,Crossing,Asphalt roads,Wet or damp,Daylight,Raining,Vehicle Collision,1,2,Moving forward,Female,Over 51,2,Driver,Normal,Not a Pedestrian,No priority to pedestrian,Slight Injury
17:00:00,Friday,Under 18,Male,Junior high school,Employee,5-10yr,Pick up upto 10 Quintal,Owner,Unknown,Other,One way,Tangent road with flat terrain,Y Shape,Asphalt roads,Dry,Daylight,Normal,Vehicle Collision,2,1,Moving forward,Female,31-50,3,Driver,Normal,Not a Pedestrian,Moving Backward,Slight Injury
17:00:00,Friday,Under 18,Male,Junior high school,Employee,2-5yr,Pick up upto 10 Quintal,Owner,Unknown,Office areas,Double carriageway (median),Tangent road with flat terrain,Y Shape,Asphalt roads,Dry,Daylight,Normal,Self-accident,2,1,Moving forward,na,na,na,Driver,Normal,Not a Pedestrian,No priority to pedestrian,Slight Injury
20:00:00,Tuesday,18-30,Male,Junior high school,Employee,Above 10yr,Automobile,Owner,Unknown,Office areas,One way,Tangent road with mild grade and flat terrain,Y Shape,Asphalt roads,Dry,Daylight,Normal,Stationary Object Collision,1,1,Moving forward,Male,5,3,,Normal,Not a Pedestrian,No distancing,Serious Injury
17:00:00,Thursday,18-30,Male,Elementary school,Employee,5-10yr,Other,Owner,Unknown,Office areas,Undivided Two way,Tangent road with flat terrain,No junction,Asphalt roads,Dry,Daylight,Normal,Vehicle Collision,1,1,Other,Male,31-50,3,,Normal,Unknown or other,No priority to pedestrian,Slight Injury
15:00:00,Friday,31-50,Male,Junior high school,Employee,5-10yr,Automobile,Owner,Unknown,Office areas,Double carriageway (median),Tangent road with flat terrain,Unknown,Asphalt roads,Dry,Daylight,Normal,Vehicle Collision,1,1,Other,Female,18-30,3,,Normal,Crossing from nearside - masked by parked or statioNot a Pedestrianry vehicle,Driving carelessly,Slight Injury
02:00:00,Saturday,18-30,Male,Above high school,Employee,1-2yr,Automobile,Owner,Unknown,Other,Two-way (divided with broken lines road marking),Tangent road with flat terrain,Y Shape,Asphalt roads,Wet or damp,Darkness - lights lit,Windy,Stationary Object Collision,1,1,Moving forward,Male,31-50,3,,Normal,Not a Pedestrian,Getting off the vehicle improperly,Serious Injury
18:00:00,Thursday,31-50,Male,Elementary school,Employee,Above 10yr,Motorcycle,Owner,Below 1yr,Office areas,Undivided Two way,Tangent road with flat terrain,Y Shape,Asphalt roads,Dry,Daylight,Normal,Vehicle Collision,2,2,Moving forward,na,na,na,,Normal,Not a Pedestrian,Driving carelessly,Slight Injury
18:00:00,Thursday,31-50,Male,Elementary school,Employee,5-10yr,Automobile,Owner,Unknown,Other,,Tangent road with flat terrain,Y Shape,Asphalt roads,Dry,Daylight,Normal,Vehicle Collision,2,2,Exiting,Male,18-30,3,,Normal,Not a Pedestrian,Changing lane to the left,Slight Injury
22:00:00,Sunday,Under 18,Male,Elementary school,Employee,2-5yr,Automobile,Owner,Unknown,Other,Double carriageway (median),Tangent road with flat terrain,No junction,Asphalt roads,Dry,Darkness - lights lit,Normal,Vehicle Collision,2,1,Moving forward,Male,18-30,3,,Normal,Not a Pedestrian,No priority to vehicle,Slight Injury
22:00:00,Sunday,31-50,Male,Elementary school,Employee,2-5yr,Public (12 seats),Governmental,Unknown,Other,Two-way (divided with broken lines road marking),Tangent road with flat terrain,No junction,Asphalt roads,Dry,Darkness - lights lit,Normal,Vehicle Collision,2,1,Moving forward,na,na,na,,Normal,Not a Pedestrian,Changing lane to the right,Slight Injury
17:00:00,Thursday,Under 18,Male,Junior high school,Employee,5-10yr,Automobile,Owner,Unknown,Office areas,,Tangent road with flat terrain,Crossing,Asphalt roads,Dry,Daylight,Normal,Vehicle Collision,2,1,Moving forward,Male,31-50,3,Driver,,Not a Pedestrian,Changing lane to the right,Slight Injury
17:00:00,Thursday,31-50,Male,Junior high school,Employee,1-2yr,Public (> 45 seats),Owner,Unknown,Office areas,,Tangent road with flat terrain,Crossing,Asphalt roads,Dry,Daylight,Normal,Vehicle Collision,2,1,Moving forward,na,na,na,Driver,,Not a Pedestrian,No distancing,Slight Injury
11:00:00,Wednesday,Over 51,Male,Junior high school,Employee,5-10yr,Lorry (41 - 100 Quintal),Owner,Unknown,Office areas,Two-way (divided with broken lines road marking),Tangent road with flat terrain,Y Shape,Asphalt roads,Dry,Daylight,Normal,Pedestrian Collision,2,2,Moving forward,Male,31-50,3,Driver,Normal,Not a Pedestrian,No distancing,Slight Injury
11:00:00,Wednesday,31-50,Male,Junior high school,Employee,5-10yr,Public (> 45 seats),Governmental,Unknown,Office areas,Two-way (divided with broken lines road marking),Tangent road with flat terrain,Y Shape,Asphalt roads,Dry,Daylight,Normal,Vehicle Collision,2,2,Exiting,Male,18-30,2,Driver,Normal,Unknown or other,Changing lane to the left,Slight Injury
15:00:00,Wednesday,Unknown,Female,Above high school,Employee,5-10yr,Automobile,Owner,2-5yrs, Church areas,Undivided Two way,Tangent road with flat terrain,No junction,Asphalt roads,Dry,Daylight,Normal,Stationary Object Collision,1,1,Moving forward,Male,18-30,3,Driver,Normal,Unknown or other,Changing lane to the right,Slight Injury
18:00:00,Sunday,31-50,Male,Junior high school,Employee,Above 10yr,Automobile,Governmental,Unknown,Office areas,Two-way (divided with broken lines road marking),Tangent road with flat terrain,No junction,Asphalt roads,Wet or damp,Daylight,Raining,Vehicle Collision,2,4,Moving forward,Male,18-30,3,,Normal,Unknown or other,No priority to vehicle,Slight Injury
18:00:00,Sunday,31-50,Male,Elementary school,Employee,2-5yr,Automobile,Governmental,Unknown,Residential areas,Two-way (divided with broken lines road marking),Tangent road with flat terrain,No junction,Asphalt roads,Wet or damp,Daylight,Raining,Vehicle Collision,2,4,Other,Male,31-50,3,Driver,Normal,Not a Pedestrian,Changing lane to the left,Slight Injury
18:00:00,Sunday,31-50,Male,Junior high school,Employee,5-10yr,Automobile,Owner,Unknown,School areas,Two-way (divided with broken lines road marking),Tangent road with flat terrain,No junction,Asphalt roads,Wet or damp,Daylight,Raining,Vehicle Collision,2,4,Moving forward,na,na,na,Driver,Normal,Not a Pedestrian,No priority to vehicle,Slight Injury
18:00:00,Sunday,31-50,Male,Junior high school,Employee,5-10yr,Lorry (41 - 100 Quintal),Owner,Unknown,Office areas,Undivided Two way,Tangent road with flat terrain,No junction,Asphalt roads,Wet or damp,Daylight,Raining,Vehicle Collision,2,4,Moving forward,Male,18-30,2,Self-employed,Normal,Not a Pedestrian,Moving Backward,Slight Injury
18:00:00,Sunday,31-50,Male,Junior high school,Employee,5-10yr,Automobile,Owner,5-10yrs,Other,Undivided Two way,Tangent road with flat terrain,No junction,Asphalt roads,Wet or damp,Daylight,Raining,Vehicle Collision,2,4,Moving forward,na,na,na,Driver,Normal,Not a Pedestrian,Turnover,Slight Injury
14:00:00,Sunday,Over 51,Male,Junior high school,Employee,5-10yr,Public (13 - 45 seats),Owner,Unknown,Other,Double carriageway (median),Tangent road with flat terrain,Y Shape,Asphalt roads,Wet or damp,Daylight,Raining,Vehicle Collision,2,2,Moving forward,na,na,na,Driver,Normal,Not a Pedestrian,No distancing,Slight Injury
14:00:00,Sunday,Over 51,Male,Junior high school,Employee,5-10yr,Automobile,Governmental,Unknown,Other,Double carriageway (median),Tangent road with flat terrain,Y Shape,Asphalt roads,Wet or damp,Daylight,Raining,Vehicle Collision,2,2,Moving forward,Male,18-30,3,Self-employed,Normal,Not a Pedestrian,No distancing,Slight Injury
14:00:00,Sunday,Over 51,Male,Junior high school,Employee,1-2yr,Public (> 45 seats),Owner,5-10yrs,Other,Two-way (divided with broken lines road marking),Tangent road with flat terrain,Y Shape,Asphalt roads,Wet or damp,Daylight,Raining,Vehicle Collision,2,2,Moving backward,Female,Under 18,3,,,Crossing from driver's nearside,No distancing,Slight Injury
18:00:00,Friday,18-30,Male,Above high school,Owner,5-10yr,Lorry (41 - 100 Quintal),Owner,Unknown,Office areas,Double carriageway (median),Tangent road with mild grade and flat terrain,Y Shape,Asphalt roads,Dry,Daylight,Normal,Vehicle Collision,1,1,Other,Female,Under 18,3,Driver,Normal,Crossing from driver's nearside,Changing lane to the left,Slight Injury
10:00:00,Thursday,18-30,Male,Junior high school,Employee,2-5yr,Automobile,Owner,Unknown,Office areas,Two-way (divided with broken lines road marking),Tangent road with flat terrain,Y Shape,Asphalt roads,Dry,Daylight,Normal,Stationary Object Collision,2,1,Moving forward,na,na,na,Other,Normal,Not a Pedestrian,No priority to vehicle,Slight Injury
10:00:00,Thursday,18-30,Male,Junior high school,Owner,5-10yr,Lorry (11 - 40 Quintal),Owner,Unknown,Office areas,,Tangent road with mild grade and flat terrain,Y Shape,Asphalt roads,Dry,Daylight,Normal,Vehicle Collision,2,1,Moving forward,Male,5,3,Driver,Normal,Not a Pedestrian,Driving at high speed,Slight Injury
06:00:00,Thursday,Over 51,Male,High school,Employee,2-5yr,Public (13 - 45 seats),Owner,Unknown,Office areas,,Tangent road with mild grade and flat terrain,No junction,Asphalt roads,Wet or damp,Daylight,Normal,Stationary Object Collision,2,1,Moving forward,Male,Under 18,3,Self-employed,Normal,Not a Pedestrian,Overtaking,Serious Injury
06:00:00,Thursday,18-30,Male,Junior high school,Employee,Above 10yr,Public (13 - 45 seats),Owner,Unknown,Office areas,One way,Tangent road with flat terrain,No junction,Asphalt roads,Wet or damp,Daylight,Normal,Vehicle Collision,2,1,Moving forward,na,na,na,Driver,Normal,Not a Pedestrian,Other,Serious Injury
16:00:00,Saturday,18-30,Male,Junior high school,Employee,Below 1yr,Automobile,Owner,Unknown,Office areas,Two-way (divided with broken lines road marking),Tangent road with flat terrain,Crossing,Asphalt roads,Wet or damp,Daylight,Normal,Vehicle Collision,2,1,Moving forward,Male,18-30,3,Driver,Normal,Not a Pedestrian,Changing lane to the left,Slight Injury
16:00:00,Saturday,18-30,Male,Junior high school,Employee,Below 1yr,Long lorry,Owner,Unknown,Office areas,,Tangent road with flat terrain,Crossing,Asphalt roads,Wet or damp,Daylight,Normal,Vehicle Collision,2,1,Moving forward,na,na,na,,,Not a Pedestrian,No priority to pedestrian,Slight Injury
16:00:00,Monday,Under 18,Male,Junior high school,Owner,5-10yr,Lorry (41 - 100 Quintal),Owner,5-10yrs,Other,Undivided Two way,Tangent road with flat terrain,Y Shape,Asphalt roads,Dry,Daylight,Normal,Pedestrian Collision,2,1,Moving forward,Female,Over 51,3,Driver,Normal,Crossing from nearside - masked by parked or statioNot a Pedestrianry vehicle,Changing lane to the left,Slight Injury
16:00:00,Monday,31-50,Male,Junior high school,Employee,2-5yr,Lorry (11 - 40 Quintal),Owner,Unknown,Other,Two-way (divided with broken lines road marking),Tangent road with flat terrain,Y Shape,Asphalt roads,Dry,Daylight,Normal,Vehicle Collision,2,1,Moving forward,Female,31-50,2,Driver,Normal,Crossing from nearside - masked by parked or statioNot a Pedestrianry vehicle,No distancing,Slight Injury
16:00:00,Wednesday,18-30,Male,Junior high school,Employee,5-10yr,Lorry (41 - 100 Quintal),Owner,2-5yrs,Residential areas,Two-way (divided with broken lines road marking),Tangent road with flat terrain,Y Shape,Asphalt roads,Dry,Daylight,Normal,Vehicle Collision,2,1,Moving forward,na,na,na,,,Not a Pedestrian,Moving Backward,Slight Injury
16:00:00,Wednesday,31-50,Male,Elementary school,Employee,No Licence,Public (12 seats),Owner,Unknown,Other,Two-way (divided with broken lines road marking),Tangent road with flat terrain,Y Shape,Asphalt roads,Dry,Daylight,Normal,Vehicle Collision,2,1,Moving backward,Male,18-30,3,,,Not a Pedestrian,Changing lane to the left,Slight Injury
23:00:00,Monday,Unknown,Female,Junior high school,Employee,Above 10yr,Automobile,Owner,5-10yrs,Other,Two-way (divided with broken lines road marking),Tangent road with flat terrain,No junction,Asphalt roads,Dry,Darkness - lights lit,Normal,Pedestrian Collision,1,1,Moving backward,Male,31-50,3,Driver,Normal,Not a Pedestrian,Other,Serious Injury
15:00:00,Tuesday,31-50,Male,Junior high school,Owner,Above 10yr,Taxi,Governmental,Unknown,Other,Two-way (divided with broken lines road marking),Tangent road with flat terrain,No junction,Asphalt roads,Dry,Daylight,Normal,Stationary Object Collision,1,1,Turning,na,na,na,Driver,Normal,Not a Pedestrian,No distancing,Slight Injury
15:00:00,Thursday,Unknown,Female,Junior high school,Employee,Above 10yr,Automobile,Owner,5-10yrs,Other,Undivided Two way,Tangent road with flat terrain,Crossing,Asphalt roads,Dry,Daylight,Normal,Vehicle Collision,2,1,Other,Male,18-30,3,,,Not a Pedestrian,Moving Backward,Slight Injury
15:00:00,Thursday,Over 51,Male,Junior high school,Employee,Above 10yr,Automobile,Owner,Unknown, Industrial areas,Undivided Two way,Tangent road with flat terrain,Crossing,Asphalt roads with some distress,Dry,Daylight,Normal,Vehicle Collision,2,1,Other,na,na,na,,,Not a Pedestrian,No distancing,Slight Injury
14:00:00,Tuesday,18-30,Male,Junior high school,Owner,5-10yr,Automobile,Owner,5-10yrs, Industrial areas,Undivided Two way,Tangent road with flat terrain,Y Shape,Asphalt roads,Dry,Daylight,Normal,Vehicle Collision,1,1,Moving forward,Male,Over 51,3,Driver,Normal,Not a Pedestrian,Changing lane to the left,Serious Injury
13:00:00,Saturday,18-30,Male,Junior high school,Employee,Below 1yr,Lorry (41 - 100 Quintal),Owner,Unknown, Church areas,Double carriageway (median),Tangent road with flat terrain,Crossing,Asphalt roads,Dry,Daylight,Normal,Vehicle Collision,2,1,Moving forward,Female,Under 18,3,Driver,Normal,Not a Pedestrian,Changing lane to the left,Serious Injury
13:00:00,Saturday,31-50,Male,Junior high school,Employee,2-5yr,Automobile,Owner,Unknown,Other,Undivided Two way,Tangent road with flat terrain,Crossing,Asphalt roads,Dry,Daylight,Normal,Vehicle Collision,2,1,Other,Female,Under 18,3,,,Not a Pedestrian,No priority to pedestrian,Serious Injury
13:00:00,Wednesday,Under 18,Male,Junior high school,Employee,5-10yr,Automobile,Owner,Above 10yr,Other,Undivided Two way,Tangent road with flat terrain,Y Shape,Asphalt roads,Dry,Daylight,Normal,Vehicle Collision,2,1,Other,Male,Under 18,3,,,Not a Pedestrian,Changing lane to the left,Slight Injury
13:00:00,Wednesday,Unknown,Female,Above high school,Employee,1-2yr,Lorry (41 - 100 Quintal),Owner,Unknown,Office areas,Undivided Two way,Tangent road with flat terrain,Y Shape,Gravel roads,Dry,Daylight,Normal,Vehicle Collision,2,1,Moving forward,Female,31-50,3,Driver,Normal,Not a Pedestrian,Driving carelessly,Slight Injury
14:00:00,Tuesday,Over 51,Male,Junior high school,Employee,1-2yr,Automobile,Owner,Unknown,Office areas,Undivided Two way,Tangent road with flat terrain,Y Shape,Asphalt roads,Dry,Daylight,Normal,Stationary Object Collision,2,3,Moving backward,Female,18-30,3,Driver,Normal,Not a Pedestrian,Driving carelessly,Slight Injury
14:00:00,Tuesday,31-50,Male,Junior high school,Employee,1-2yr,Automobile,Governmental,Below 1yr,Residential areas,Two-way (divided with broken lines road marking),Tangent road with flat terrain,Y Shape,Asphalt roads,Dry,Daylight,Normal,Stationary Object Collision,2,3,Other,na,na,na,,,Not a Pedestrian,No priority to pedestrian,Slight Injury
14:00:00,Tuesday,31-50,Male,Unknown,Employee,5-10yr,Automobile,Owner,Unknown, Industrial areas,Undivided Two way,Tangent road with flat terrain,Y Shape,Asphalt roads,Dry,Daylight,Normal,Vehicle Collision,2,3,Turning,Female,18-30,3,Driver,,Not a Pedestrian,Getting off the vehicle improperly,Slight Injury
14:00:00,Tuesday,31-50,Male,Junior high school,Employee,Above 10yr,Taxi,Owner,Unknown,Office areas,Undivided Two way,Tangent road with flat terrain,Y Shape,Asphalt roads,Dry,Daylight,Normal,Vehicle Collision,2,3,Moving forward,Male,Over 51,3,Driver,Normal,Not a Pedestrian,No distancing,Slight Injury
15:00:00,Tuesday,18-30,Male,Junior high school,Employee,Above 10yr,Automobile,Owner,Unknown,Other,Undivided Two way,Tangent road with flat terrain,No junction,Asphalt roads,Dry,Daylight,Normal,Vehicle Collision,3,3,Moving forward,Male,18-30,3,Driver,Normal,Not a Pedestrian,Changing lane to the left,Slight Injury
15:00:00,Tuesday,18-30,Male,Junior high school,Employee,5-10yr,Automobile,Owner,Unknown,Other,Two-way (divided with broken lines road marking),Tangent road with flat terrain,No junction,Asphalt roads,Dry,Daylight,Normal,Vehicle Collision,3,3,Moving forward,Female,18-30,3,Driver,Normal,Not a Pedestrian,No priority to vehicle,Slight Injury
15:00:00,Tuesday,31-50,Male,Junior high school,Employee,2-5yr,Automobile,Owner,Unknown,Residential areas,Undivided Two way,Tangent road with flat terrain,No junction,Asphalt roads,Dry,Daylight,Normal,Vehicle Collision,3,3,Moving forward,na,na,na,Driver,Normal,Not a Pedestrian,No distancing,Slight Injury
15:00:00,Tuesday,Over 51,Male,Junior high school,Employee,Below 1yr,Pick up upto 10 Quintal,Owner,Unknown,Office areas,Two-way (divided with broken lines road marking),Tangent road with flat terrain,No junction,Asphalt roads,Dry,Daylight,Normal,Self-accident,3,3,Moving forward,na,na,na,,,Not a Pedestrian,No priority to pedestrian,Slight Injury
20:00:00,Saturday,18-30,Male,Junior high school,Employee,1-2yr,Automobile,Organization,Unknown,Residential areas,other,Tangent road with flat terrain,No junction,Asphalt roads,Dry,Darkness - lights lit,Normal,Vehicle Collision,6,2,Moving forward,Male,31-50,3,Driver,,Not a Pedestrian,No priority to pedestrian,Slight Injury
20:00:00,Saturday,18-30,Male,Junior high school,Employee,5-10yr,Automobile,Owner,Unknown,Office areas,Two-way (divided with broken lines road marking),Tangent road with flat terrain,No junction,Asphalt roads,Dry,Darkness - lights lit,Normal,Stationary Object Collision,6,2,Moving forward,na,na,na,Driver,Normal,Not a Pedestrian,No priority to vehicle,Slight Injury
20:00:00,Saturday,18-30,Male,Junior high school,Employee,Below 1yr,Public (12 seats),Owner,Unknown, Church areas,Two-way (divided with broken lines road marking),Tangent road with flat terrain,No junction,Asphalt roads,Dry,Darkness - lights lit,Normal,Pedestrian Collision,6,2,Moving forward,Female,31-50,3,Self-employed,Normal,Not a Pedestrian,Driving carelessly,Slight Injury
20:00:00,Saturday,18-30,Male,Elementary school,Employee,5-10yr,Public (13 - 45 seats),Organization,5-10yrs,Residential areas,Two-way (divided with broken lines road marking),Tangent road with flat terrain,No junction,Asphalt roads,Dry,Darkness - lights lit,Normal,Vehicle Collision,6,2,Moving forward,Male,Under 18,2,Employee,Normal,Not a Pedestrian,Changing lane to the right,Slight Injury
20:00:00,Saturday,18-30,Male,Junior high school,Employee,2-5yr,Lorry (11 - 40 Quintal),Owner,Above 10yr,School areas,other,Tangent road with flat terrain,No junction,Asphalt roads,Dry,Darkness - lights lit,Normal,Vehicle Collision,6,2,Other,na,na,na,Driver,Normal,Not a Pedestrian,Changing lane to the left,Slight Injury
20:00:00,Saturday,18-30,Male,Junior high school,Employee,5-10yr,Stationwagen,Owner,5-10yrs, Hospital areas,other,Steep grade downward with mountainous terrain,No junction,Earth roads,Dry,Darkness - lights lit,Normal,Vehicle Collision,6,2,Moving forward,na,na,na,Other,Normal,Not a Pedestrian,Moving Backward,Slight Injury
08:00:00,Monday,18-30,Male,Elementary school,Employee,5-10yr,Ridden horse,Owner,2-5yrs,Other,Undivided Two way,Tangent road with flat terrain,Y Shape,Asphalt roads,Dry,Daylight,Normal,Vehicle Collision,3,2,Moving forward,Female,Over 51,3,Self-employed,Normal,Not a Pedestrian,Driving carelessly,Slight Injury
08:00:00,Monday,31-50,Male,Junior high school,Employee,Above 10yr,Stationwagen,Owner,Unknown,School areas,Double carriageway (median),Tangent road with flat terrain,Y Shape,Asphalt roads,Dry,Daylight,Normal,Vehicle Collision,3,2,Moving backward,Male,18-30,3,Self-employed,Normal,Not a Pedestrian,Driving to the left,Slight Injury
08:00:00,Monday,Over 51,Male,Junior high school,Employee,1-2yr,Automobile,Owner,Above 10yr,Other,other,Tangent road with flat terrain,Y Shape,Asphalt roads,Dry,Daylight,Normal,Vehicle Collision,3,2,Moving forward,na,na,na,Employee,Normal,Not a Pedestrian,Driving to the left,Slight Injury
09:00:00,Tuesday,Over 51,Male,High school,Employee,Below 1yr,Automobile,Owner,5-10yrs, Industrial areas,Undivided Two way,Tangent road with flat terrain,Y Shape,Asphalt roads,Dry,Daylight,Normal,Vehicle Collision,2,1,Moving backward,na,na,na,Self-employed,Normal,Not a Pedestrian,No priority to pedestrian,Serious Injury
09:00:00,Tuesday,Over 51,Male,Elementary school,Employee,Above 10yr,Other,Owner,Unknown, Church areas,Two-way (divided with broken lines road marking),Tangent road with flat terrain,Y Shape,Earth roads,Dry,Daylight,Normal,Stationary Object Collision,2,1,Other,Male,18-30,3,,,Not a Pedestrian,Changing lane to the left,Serious Injury
13:00:00,Sunday,Under 18,Male,High school,Owner,1-2yr,Taxi,Owner,Unknown,Office areas,Two-way (divided with broken lines road marking),Tangent road with flat terrain,No junction,Asphalt roads,Dry,Daylight,Normal,Self-accident,2,4,Moving forward,na,na,na,Driver,Normal,Not a Pedestrian,Changing lane to the right,Slight Injury
13:00:00,Sunday,Under 18,Male,Junior high school,Employee,2-5yr,Automobile,Owner,Unknown,Other,Two-way (divided with broken lines road marking),Tangent road with flat terrain,No junction,Asphalt roads,Dry,Daylight,Normal,Vehicle Collision,2,4,Moving backward,Male,31-50,3,Driver,Normal,Not a Pedestrian,Driving carelessly,Slight Injury
13:00:00,Sunday,Under 18,Male,Junior high school,Employee,5-10yr,Stationwagen,Owner,Unknown,Office areas,Double carriageway (median),Tangent road with flat terrain,No junction,Earth roads,Dry,Daylight,Normal,Pedestrian Collision,2,4,Moving forward,Male,18-30,3,Driver,Normal,Unknown or other,No distancing,Slight Injury
13:00:00,Sunday,31-50,Male,High school,Owner,2-5yr,Automobile,Owner,Unknown,Office areas,Double carriageway (median),Tangent road with flat terrain,No junction,Asphalt roads,Dry,Daylight,Normal,Vehicle Collision,2,4,Other,Male,Under 18,3,Driver,Normal,Not a Pedestrian,Getting off the vehicle improperly,Slight Injury
13:00:00,Tuesday,Unknown,Female,High school,Employee,Above 10yr,Public (12 seats),Governmental,Unknown,Office areas,Double carriageway (median),Tangent road with flat terrain,Crossing,Asphalt roads,Dry,Daylight,Normal,Vehicle Collision,4,2,Other,Female,18-30,3,,,Not a Pedestrian,Driving under the influence of drugs,Slight Injury
13:00:00,Tuesday,Over 51,Male,Junior high school,Employee,1-2yr,Automobile,Owner,Unknown,Residential areas,Double carriageway (median),Tangent road with flat terrain,Crossing,Asphalt roads,Dry,Daylight,Normal,Pedestrian Collision,4,2,Other,na,na,na,Driver,Normal,Not a Pedestrian,Changing lane to the right,Slight Injury
13:00:00,Tuesday,Over 51,Male,Elementary school,Employee,1-2yr,Automobile,Owner,Unknown,Office areas,Double carriageway (median),Tangent road with flat terrain,Crossing,Asphalt roads,Dry,Daylight,Normal,Pedestrian Collision,4,2,Stopping,Male,31-50,3,,,Not a Pedestrian,Driving carelessly,Slight Injury
13:00:00,Tuesday,Over 51,Male,High school,Employee,1-2yr,Lorry (41 - 100 Quintal),Owner,2-5yrs,Other,Undivided Two way,Tangent road with flat terrain,Crossing,Asphalt roads,Dry,Daylight,Normal,Vehicle Collision,4,2,Other,na,na,na,Driver,Normal,Not a Pedestrian,Moving Backward,Slight Injury
13:00:00,Tuesday,18-30,Male,Above high school,Employee,5-10yr,Automobile,Owner,2-5yrs, Industrial areas,One way,,Crossing,Asphalt roads,Dry,Daylight,Normal,Vehicle Collision,4,2,Other,na,na,na,Self-employed,Normal,Not a Pedestrian,Turnover,Slight Injury
12:00:00,Tuesday,18-30,Male,Junior high school,Employee,5-10yr,Public (> 45 seats),Owner,Unknown,Other,One way,Tangent road with flat terrain,Crossing,Asphalt roads,Dry,Daylight,Normal,Vehicle Collision,2,1,Other,Male,31-50,2,Driver,Normal,Not a Pedestrian,Changing lane to the right,Slight Injury
12:00:00,Tuesday,18-30,Male,Junior high school,Employee,5-10yr,Automobile,Owner,Unknown,Office areas,Double carriageway (median),Tangent road with flat terrain,Crossing,Asphalt roads,Dry,Daylight,Normal,Vehicle Collision,2,1,Moving forward,na,na,na,Driver,Normal,Not a Pedestrian,Driving carelessly,Slight Injury
11:00:00,Wednesday,31-50,Male,Elementary school,Owner,5-10yr,Public (12 seats),Governmental,Unknown,Office areas,Two-way (divided with broken lines road marking),Tangent road with flat terrain,Y Shape,Asphalt roads,Dry,Daylight,Normal,Vehicle Collision,1,1,Moving forward,Male,31-50,3,Self-employed,Normal,Not a Pedestrian,No priority to vehicle,Serious Injury
22:00:00,Sunday,18-30,Male,Elementary school,Employee,5-10yr,Public (12 seats),Governmental,Unknown,Other,Double carriageway (median),Tangent road with flat terrain,Y Shape,Asphalt roads,Dry,Darkness - lights lit,Normal,Stationary Object Collision,2,1,Moving forward,Male,31-50,3,Driver,Normal,Not a Pedestrian,Moving Backward,Slight Injury
22:00:00,Sunday,18-30,Male,High school,Owner,5-10yr,Automobile,Owner,Unknown,Other,,Tangent road with flat terrain,Y Shape,Asphalt roads,Dry,Darkness - lights lit,Normal,Vehicle Collision,2,1,Moving forward,na,na,na,Driver,Normal,Not a Pedestrian,Changing lane to the left,Slight Injury
10:00:00,Tuesday,18-30,Male,Junior high school,Employee,5-10yr,Automobile,Owner,Unknown,Office areas,Double carriageway (median),Tangent road with flat terrain,Other,Asphalt roads,Dry,Daylight,Normal,Vehicle Collision,3,1,Moving forward,Male,18-30,3,Self-employed,Normal,Not a Pedestrian,Overturning,Slight Injury
10:00:00,Tuesday,18-30,Male,Junior high school,Owner,1-2yr,Automobile,Owner,Unknown,Office areas,Two-way (divided with broken lines road marking),Tangent road with flat terrain,Other,Asphalt roads with some distress,Dry,Daylight,Normal,Vehicle Collision,3,1,Moving forward,Male,18-30,3,,,Not a Pedestrian,No distancing,Slight Injury
10:00:00,Tuesday,Over 51,Male,Junior high school,Employee,2-5yr,Lorry (41 - 100 Quintal),Owner,5-10yrs,Office areas,Undivided Two way,Tangent road with flat terrain,Other,Asphalt roads,Dry,Daylight,Normal,Vehicle Collision,3,1,Moving forward,Female,18-30,3,Self-employed,Normal,Not a Pedestrian,Driving carelessly,Slight Injury
11:00:00,Thursday,Over 51,Male,Junior high school,Owner,5-10yr,Public (12 seats),Owner,Unknown,Other,Undivided Two way,Tangent road with flat terrain,No junction,Asphalt roads,Dry,Daylight,Normal,Vehicle Collision,1,2,Moving forward,na,na,na,Self-employed,Normal,Not a Pedestrian,No distancing,Serious Injury