Time,Day,Age_band_of_driver,Sex_of_driver,Educational_level,Vehicle_driver_relation,Driving_experience,Type_of_vehicle,Owner_of_vehicle,Service_year_of_vehicle,Area_accident_occured,Lanes_or_Medians,Road_allignment,Types_of_Junction,Road_surface_type,Road_surface_conditions,Light_conditions,Weather_conditions,Type_of_collision,Number_of_vehicles_involved,Number_of_casualties,Vehicle_movement,Sex_of_casualty,Age_band_of_casualty,Casualty_severity,Work_of_casuality,Fitness_of_casuality,Pedestrian_movement,Cause_of_accident,Accident_severity
03:00:00,Saturday,18-30,Male,Junior high school,Employee,Above 10yr,Automobile,Governmental,Unknown,Other,Two-way (divided with solid lines road marking),Tangent road with flat terrain,No junction,Asphalt roads,Dry,Darkness - lights lit,Normal,Vehicle Collision,1,2,Moving forward,Male,31-50,3,Driver,Normal,Not a Pedestrian,Drunk driving,Serious Injury
03:00:00,Saturday,18-30,Male,Junior high school,Employee,Above 10yr,Stationwagen,Owner,Unknown, Church areas,Two-way (divided with solid lines road marking),Tangent road with flat terrain,No junction,Asphalt roads,Dry,Darkness - lights lit,Normal,Vehicle Collision,1,2,Turning,na,na,na,Driver,Normal,Not a Pedestrian,Changing lane to the left,Serious Injury
17:00:00,Tuesday,31-50,Male,Junior high school,Owner,5-10yr,Automobile,Owner,Unknown, Church areas,Two-way (divided with broken lines road marking),Tangent road with flat terrain,Crossing,Asphalt roads,Dry,Daylight,Normal,Pedestrian Collision,2,1,Moving forward,Female,18-30,3,Driver,Normal,Not a Pedestrian,Changing lane to the left,Slight Injury
17:00:00,Tuesday,Under 18,Male,Elementary school,Employee,2-5yr,Other,Owner,Above 10yr,Other,Undivided Two way,Tangent road with flat terrain,Crossing,Asphalt roads,Dry,Daylight,Normal,Stationary Object Collision,2,1,Moving forward,na,na,na,Driver,Normal,Not a Pedestrian,Driving to the left,Slight Injury
17:00:00,Friday,31-50,Male,Junior high school,Employee,2-5yr,Special vehicle,Governmental,5-10yrs,Other,Undivided Two way,Tangent road with flat terrain,No junction,Asphalt roads,Dry,Daylight,Normal,Vehicle Collision,2,1,Moving backward,na,na,na,Driver,Normal,Not a Pedestrian,Changing lane to the left,Slight Injury
17:00:00,Friday,Under 18,Male,Junior high school,Employee,Below 1yr,Lorry (41 - 100 Quintal),Owner,5-10yrs,School areas,other,Tangent road with flat terrain,No junction,Asphalt roads,Dry,Daylight,Normal,Vehicle Collision,2,1,Moving forward,Male,18-30,3,Driver,Normal,Not a Pedestrian,Driving under the influence of drugs,Slight Injury
17:00:00,Tuesday,31-50,Male,Junior high school,Employee,2-5yr,Pick up upto 10 Quintal,Owner,Above 10yr,Residential areas,Undivided Two way,Tangent road with flat terrain,Unknown,Asphalt roads,Dry,Daylight,Normal,Stationary Object Collision,2,1,Moving backward,na,na,na,Driver,Normal,Not a Pedestrian,No priority to pedestrian,Slight Injury
17:00:00,Tuesday,31-50,Male,Junior high school,Employee,2-5yr,Lorry (11 - 40 Quintal),Owner,1-2yr,Other,Two-way (divided with broken lines road marking),Tangent road with flat terrain,Unknown,Asphalt roads,Dry,Daylight,Normal,Vehicle Collision,2,1,Moving forward,Female,31-50,3,Driver,Normal,Not a Pedestrian,Changing lane to the left,Slight Injury
18:00:00,Sunday,31-50,Male,Elementary school,Employee,5-10yr,Lorry (41 - 100 Quintal),Owner,Above 10yr,Office areas,Undivided Two way,Tangent road with flat terrain,Y Shape,Asphalt roads,Dry,Daylight,Normal,Vehicle Collision,1,1,Moving forward,Female,31-50,3,,,Crossing from driver's nearside,Moving Backward,Slight Injury
23:00:00,Wednesday,31-50,Male,Junior high school,Employee,Above 10yr,Motorcycle,Owner,Above 10yr,Residential areas,Undivided Two way,Tangent road with flat terrain,Crossing,Asphalt roads,Dry,Darkness - lights lit,Normal,Pedestrian Collision,2,1,Moving forward,na,na,na,Self-employed,Normal,Not a Pedestrian,No distancing,Serious Injury
23:00:00,Wednesday,31-50,Male,Junior high school,Employee,5-10yr,Automobile,Owner,Above 10yr,Other,One way,Steep grade downward with mountainous terrain,Crossing,Asphalt roads,Dry,Darkness - lights lit,Normal,Vehicle Collision,2,1,Moving forward,Male,18-30,3,Self-employed,Normal,Not a Pedestrian,Changing lane to the right,Serious Injury
14:00:00,Wednesday,Under 18,Male,Junior high school,Employee,2-5yr,Automobile,Owner,Above 10yr,Residential areas,Two-way (divided with broken lines road marking),Tangent road with flat terrain,Other,Gravel roads,Dry,Daylight,Normal,Pedestrian Collision,2,2,Turning,na,na,na,Driver,Normal,Not a Pedestrian,No priority to vehicle,Slight Injury
14:00:00,Wednesday,Under 18,Male,Junior high school,Employee,5-10yr,Automobile,Owner,5-10yrs,Residential areas,Undivided Two way,Tangent road with flat terrain,Other,Asphalt roads,Dry,Daylight,Normal,Vehicle Collision,2,2,Moving forward,Male,18-30,3,Driver,Normal,Not a Pedestrian,Moving Backward,Slight Injury
14:00:00,Wednesday,Over 51,Male,Above high school,Employee,2-5yr,Stationwagen,Owner,Unknown,Residential areas,Two-way (divided with broken lines road marking),Tangent road with flat terrain,Other,Asphalt roads,Dry,Daylight,Normal,Vehicle Collision,2,2,Moving forward,Male,18-30,3,Self-employed,Normal,Not a Pedestrian,Overtaking,Slight Injury
14:00:00,Saturday,Unknown,Female,Junior high school,Employee,5-10yr,Automobile,Owner,1-2yr,Other,other,Tangent road with flat terrain,Y Shape,Asphalt roads,Dry,Daylight,Normal,Stationary Object Collision,3,1,Moving forward,na,na,na,Self-employed,Normal,Not a Pedestrian,Changing lane to the left,Slight Injury
14:00:00,Saturday,18-30,Male,Junior high school,Employee,1-2yr,Public (> 45 seats),Owner,5-10yrs,Other,Undivided Two way,Tangent road with flat terrain,Y Shape,Asphalt roads,Dry,Daylight,Normal,Vehicle Collision,3,1,Moving forward,Female,31-50,3,,,Not a Pedestrian,Changing lane to the right,Slight Injury
14:00:00,Saturday,18-30,Male,Junior high school,Employee,2-5yr,Public (> 45 seats),Owner,5-10yrs,Other,One way,Tangent road with flat terrain,Y Shape,Asphalt roads,Dry,Daylight,Normal,Vehicle Collision,3,1,Moving forward,Female,Over 51,3,Employee,Normal,Not a Pedestrian,Overtaking,Slight Injury
12:00:00,Sunday,31-50,Male,Junior high school,Employee,Above 10yr,Stationwagen,Owner,1-2yr, Hospital areas,Undivided Two way,Tangent road with flat terrain,Y Shape,Asphalt roads,Wet or damp,Daylight,Raining,Vehicle Collision,2,4,Moving forward,na,na,na,,,Not a Pedestrian,Overloading,Slight Injury
12:00:00,Sunday,18-30,Male,Junior high school,Employee,Below 1yr,Automobile,Owner,2-5yrs,Residential areas,Undivided Two way,Tangent road with flat terrain,Y Shape,Asphalt roads,Wet or damp,Daylight,Raining,Pedestrian Collision,2,4,Stopping,Male,18-30,3,,,Not a Pedestrian,Other,Slight Injury
12:00:00,Sunday,18-30,Male,Junior high school,Employee,2-5yr,Bicycle,Owner,5-10yrs,Residential areas,One way,Tangent road with flat terrain,Y Shape,Asphalt roads,Wet or damp,Daylight,Raining,Stationary Object Collision,2,4,Turning,Male,31-50,3,,,Not a Pedestrian,No priority to vehicle,Slight Injury
12:00:00,Sunday,18-30,Male,Junior high school,Employee,Below 1yr,Automobile,Owner,5-10yrs,Residential areas,Undivided Two way,Tangent road with flat terrain,Y Shape,Asphalt roads,Wet or damp,Daylight,Raining,Pedestrian Collision,2,4,Exiting,Male,Over 51,3,Driver,Normal,Not a Pedestrian,Changing lane to the right,Slight Injury
12:00:00,Sunday,18-30,Male,High school,Employee,5-10yr,Lorry (41 - 100 Quintal),Owner,1-2yr,Other,Two-way (divided with broken lines road marking),Tangent road with flat terrain,Y Shape,Asphalt roads with some distress,Wet or damp,Daylight,Raining,Vehicle Collision,2,4,Moving backward,Female,31-50,3,Driver,Normal,Not a Pedestrian,Moving Backward,Slight Injury
18:00:00,Friday,18-30,Male,Above high school,Employee,1-2yr,Automobile,Owner,1-2yr,Office areas,Two-way (divided with broken lines road marking),Tangent road with flat terrain,No junction,Asphalt roads,Dry,Daylight,Normal,Vehicle Collision,2,1,Moving backward,Female,31-50,3,Driver,Normal,Not a Pedestrian,Changing lane to the left,Slight Injury
18:00:00,Friday,18-30,Male,Junior high school,Employee,Below 1yr,Public (13 - 45 seats),Owner,2-5yrs,Other,other,Tangent road with flat terrain,No junction,Asphalt roads,Dry,Daylight,Normal,Vehicle Collision,2,1,Moving forward,Male,18-30,3,Driver,Normal,Not a Pedestrian,No priority to pedestrian,Slight Injury
11:00:00,Wednesday,18-30,Male,Junior high school,Employee,5-10yr,Special vehicle,Owner,Unknown,Office areas,Double carriageway (median),Tangent road with flat terrain,Y Shape,Asphalt roads,Dry,Daylight,Normal,Vehicle Collision,2,1,Turning,Male,31-50,3,Driver,Normal,Not a Pedestrian,No distancing,Slight Injury
11:00:00,Wednesday,18-30,Male,High school,Employee,Below 1yr,Automobile,Owner,Unknown,Residential areas,Two-way (divided with broken lines road marking),Tangent road with flat terrain,Y Shape,Asphalt roads,Dry,Daylight,Normal,Vehicle Collision,2,1,Moving forward,na,na,na,Self-employed,Normal,Not a Pedestrian,No priority to vehicle,Slight Injury
07:00:00,Tuesday,Over 51,Male,High school,Employee,Below 1yr,Public (13 - 45 seats),Owner,Unknown,Office areas,Double carriageway (median),Gentle horizontal curve,Y Shape,Asphalt roads,Dry,Daylight,Normal,Stationary Object Collision,2,2,Moving forward,Male,18-30,3,Self-employed,Normal,Not a Pedestrian,No distancing,Slight Injury
07:00:00,Tuesday,18-30,Male,Junior high school,Employee,5-10yr,Automobile,Owner,Unknown,Office areas,Double carriageway (median),Tangent road with flat terrain,Y Shape,Asphalt roads,Dry,Daylight,Normal,Stationary Object Collision,2,2,Turning,na,na,na,Self-employed,Normal,Not a Pedestrian,No distancing,Slight Injury
07:00:00,Tuesday,18-30,Male,High school,Employee,2-5yr,Lorry (41 - 100 Quintal),Organization,Unknown,Other,Double carriageway (median),Tangent road with flat terrain,Y Shape,Asphalt roads,Dry,Daylight,Normal,Vehicle Collision,2,2,Moving forward,na,na,na,Self-employed,Normal,Not a Pedestrian,Moving Backward,Slight Injury
16:00:00,Tuesday,18-30,Male,Junior high school,Employee,Above 10yr,Lorry (41 - 100 Quintal),Owner,Unknown,Office areas,Two-way (divided with broken lines road marking),Tangent road with flat terrain,No junction,Asphalt roads,Wet or damp,Daylight,Raining,Vehicle Collision,2,1,Moving forward,Male,Over 51,3,,,Not a Pedestrian,Changing lane to the right,Slight Injury
16:00:00,Tuesday,31-50,Male,Junior high school,Employee,Above 10yr,Public (12 seats),Owner,Unknown,Office areas,,Tangent road with flat terrain,No junction,Asphalt roads,Wet or damp,Daylight,Raining,Vehicle Collision,2,1,Turning,na,na,na,Self-employed,Normal,Not a Pedestrian,No priority to pedestrian,Slight Injury
18:00:00,Monday,Under 18,Male,Junior high school,Employee,5-10yr,Lorry (41 - 100 Quintal),Governmental,Unknown,Office areas,One way,Tangent road with flat terrain,Y Shape,Asphalt roads,Wet or damp,Daylight,Raining,Vehicle Collision,2,1,Stopping,Female,18-30,3,Self-employed,Normal,Not a Pedestrian,Moving Backward,Slight Injury
18:00:00,Monday,Unknown,Female,Junior high school,Employee,1-2yr,Lorry (41 - 100 Quintal),Owner,Unknown,Other,Undivided Two way,Tangent road with flat terrain,Y Shape,Asphalt roads,Wet or damp,Daylight,Raining,Vehicle Collision,2,1,Moving forward,na,na,na,Self-employed,Normal,Not a Pedestrian,Getting off the vehicle improperly,Slight Injury
18:00:00,Tuesday,18-30,Male,Unknown,Employee,Below 1yr,Public (12 seats),Owner,Unknown,Residential areas,,Tangent road with flat terrain,No junction,Asphalt roads,Dry,Daylight,Normal,Vehicle Collision,3,1,Moving backward,Female,18-30,3,Driver,Normal,Not a Pedestrian,Overtaking,Serious Injury
18:00:00,Tuesday,31-50,Male,Junior high school,Employee,Below 1yr,Public (> 45 seats),Owner,2-5yrs,Residential areas,Two-way (divided with broken lines road marking),Gentle horizontal curve,No junction,Asphalt roads,Dry,Daylight,Normal,Vehicle Collision,3,1,Exiting,Female,Under 18,3,,,Not a Pedestrian,Overloading,Serious Injury
18:00:00,Tuesday,31-50,Male,High school,Employee,2-5yr,Automobile,Owner,5-10yrs, Church areas,Two-way (divided with broken lines road marking),Tangent road with flat terrain,No junction,Asphalt roads,Dry,Daylight,Normal,Vehicle Collision,3,1,Moving forward,Male,31-50,3,Driver,Normal,Not a Pedestrian,Changing lane to the right,Serious Injury
15:00:00,Sunday,18-30,Male,Junior high school,Owner,1-2yr,Pick up upto 10 Quintal,Owner,5-10yrs,Other,Two-way (divided with broken lines road marking),Tangent road with flat terrain,Y Shape,Asphalt roads,Dry,Daylight,Normal,Vehicle Collision,3,2,Moving forward,na,na,na,Driver,Normal,Not a Pedestrian,Improper parking,Slight Injury
15:00:00,Sunday,31-50,Male,Junior high school,Employee,5-10yr,Stationwagen,Owner,Unknown,Residential areas,Two-way (divided with broken lines road marking),Tangent road with flat terrain,Y Shape,Asphalt roads,Dry,Daylight,Normal,Vehicle Collision,3,2,Turning,na,na,na,Self-employed,Normal,Not a Pedestrian,Other,Slight Injury
15:00:00,Sunday,31-50,Male,Elementary school,Employee,2-5yr,Other,Owner,2-5yrs,Other,Undivided Two way,Tangent road with flat terrain,Y Shape,Asphalt roads,Dry,Daylight,Normal,Other,3,2,Moving backward,na,na,na,Driver,Normal,Not a Pedestrian,Changing lane to the left,Slight Injury
10:00:00,Tuesday,18-30,Male,Elementary school,Owner,5-10yr,Automobile,Owner,2-5yrs,Residential areas,Undivided Two way,Tangent road with flat terrain,Crossing,Asphalt roads,Dry,Daylight,Normal,Vehicle Collision,1,1,Moving forward,Male,31-50,3,Driver,Normal,Not a Pedestrian,Changing lane to the right,Slight Injury
19:00:00,Monday,31-50,Male,Junior high school,Employee,Above 10yr,Automobile,Owner,2-5yrs,Residential areas,Two-way (divided with broken lines road marking),Tangent road with flat terrain,Crossing,Asphalt roads,Dry,Daylight,Normal,Stationary Object Collision,1,1,Moving backward,na,na,na,,,Not a Pedestrian,No priority to pedestrian,Slight Injury
14:00:00,Friday,18-30,Male,Junior high school,Employee,5-10yr,Stationwagen,Owner,5-10yrs,Other,Two-way (divided with broken lines road marking),Tangent road with flat terrain,No junction,Asphalt roads,Wet or damp,Daylight,Normal,Vehicle Collision,2,3,Moving forward,Male,31-50,3,Driver,Normal,Not a Pedestrian,Overspeed,Slight Injury
14:00:00,Friday,31-50,Male,High school,Employee,5-10yr,Pick up upto 10 Quintal,Owner,Unknown,Other,Two-way (divided with broken lines road marking),Tangent road with flat terrain,No junction,Asphalt roads,Wet or damp,Daylight,Normal,Vehicle Collision,2,3,Moving forward,Male,18-30,3,Driver,Normal,Not a Pedestrian,Changing lane to the left,Slight Injury
14:00:00,Friday,31-50,Male,Junior high school,Employee,5-10yr,Lorry (41 - 100 Quintal),Owner,Unknown,Other,Undivided Two way,Tangent road with flat terrain,No junction,Asphalt roads,Wet or damp,Daylight,Normal,Vehicle Collision,2,3,Moving forward,na,na,na,Driver,Normal,Not a Pedestrian,No priority to vehicle,Slight Injury
08:00:00,Sunday,Under 18,Male,Junior high school,Employee,Above 10yr,Automobile,Owner,Unknown,Other,Double carriageway (median),Tangent road with flat terrain,No junction,Asphalt roads,Wet or damp,Daylight,Normal,Vehicle Collision,1,1,Moving forward,Male,18-30,3,Driver,Normal,Not a Pedestrian,Changing lane to the right,Serious Injury
22:00:00,Monday,Unknown,Female,Junior high school,Employee,1-2yr,Automobile,Owner,Unknown,Residential areas,Two-way (divided with broken lines road marking),Tangent road with flat terrain,Y Shape,Asphalt roads,Dry,Darkness - lights unlit,Cloudy,Vehicle Collision,2,1,Moving forward,Female,Under 18,3,Driver,Normal,Not a Pedestrian,No distancing,Slight Injury
22:00:00,Monday,18-30,Male,Junior high school,Employee,2-5yr,Lorry (41 - 100 Quintal),Owner,2-5yrs,  Recreational areas,Undivided Two way,Tangent road with flat terrain,Y Shape,Asphalt roads,Dry,Darkness - lights unlit,Cloudy,Vehicle Collision,2,1,Moving forward,Female,Under 18,3,Self-employed,Normal,Not a Pedestrian,No priority to pedestrian,Slight Injury
15:00:00,Friday,18-30,Male,Junior high school,Employee,1-2yr,Lorry (41 - 100 Quintal),Owner,Unknown,Other,other,Tangent road with flat terrain,No junction,Asphalt roads,Wet or damp,Daylight,Raining,Stationary Object Collision,2,2,Moving forward,na,na,na,,,Not a Pedestrian,No distancing,Slight Injury
15:00:00,Friday,Over 51,Male,Junior high school,Employee,5-10yr,Lorry (41 - 100 Quintal),Owner,Unknown,Office areas,Undivided Two way,Tangent road with flat terrain,No junction,Asphalt roads,Wet or damp,Daylight,Raining,Stationary Object Collision,2,2,Moving forward,Male,18-30,3,Self-employed,Normal,Not a Pedestrian,No priority to vehicle,Slight Injury
15:00:00,Friday,Over 51,Male,Elementary school,Employee,5-10yr,Pick up upto 10 Quintal,Owner,Unknown,Other,Undivided Two way,Tangent road with flat terrain,No junction,Asphalt roads,Wet or damp,Daylight,Raining,Vehicle Collision,2,2,Moving forward,Male,31-50,3,Driver,Normal,Not a Pedestrian,Other,Slight Injury
21:00:00,Sunday,31-50,Male,Junior high school,Employee,5-10yr,Pick up upto 10 Quintal,Owner,Unknown,Office areas,Undivided Two way,Tangent road with flat terrain,No junction,Asphalt roads,Dry,Darkness - lights lit,Normal,Stationary Object Collision,2,4,Moving forward,na,na,na,,,Not a Pedestrian,Driving carelessly,Fatal injury
21:00:00,Sunday,31-50,Male,Junior high school,Employee,Above 10yr,Automobile,Owner,Unknown,Office areas,One way,Tangent road with flat terrain,No junction,Asphalt roads,Dry,Darkness - lights lit,Normal,Stationary Object Collision,2,4,Moving forward,na,na,na,,,Not a Pedestrian,Changing lane to the left,Fatal injury
21:00:00,Sunday,18-30,Male,Junior high school,Employee,2-5yr,Other,Owner,Unknown,Office areas,Undivided Two way,Tangent road with flat terrain,No junction,Asphalt roads,Dry,Darkness - lights lit,Normal,Vehicle Collision,2,4,Other,Female,18-30,3,Driver,Normal,Not a Pedestrian,Driving carelessly,Fatal injury
21:00:00,Sunday,18-30,Male,Junior high school,Owner,Above 10yr,Automobile,Owner,Unknown,Other,Undivided Two way,Tangent road with flat terrain,No junction,Asphalt roads,Dry,Darkness - lights lit,Normal,Vehicle Collision,2,4,Other,Female,31-50,3,Driver,Normal,Not a Pedestrian,Changing lane to the left,Fatal injury
16:00:00,Monday,18-30,Male,Junior high school,Employee,2-5yr,Automobile,Governmental,Unknown,Other,Double carriageway (median),Tangent road with flat terrain,No junction,Asphalt roads,Dry,Daylight,Normal,Stationary Object Collision,3,1,Moving forward,na,na,na,Driver,Normal,Not a Pedestrian,No priority to vehicle,Slight Injury
16:00:00,Monday,31-50,Male,Elementary school,Other,5-10yr,Motorcycle,Owner,Unknown,Office areas,Two-way (divided with solid lines road marking),Tangent road with flat terrain,No junction,Asphalt roads,Dry,Daylight,Normal,Vehicle Collision,3,1,Moving forward,na,na,na,Self-employed,Normal,Not a Pedestrian,No distancing,Slight Injury
16:00:00,Monday,Over 51,Male,Elementary school,Employee,5-10yr,Automobile,Owner,Unknown,Residential areas,other,Tangent road with flat terrain,No junction,Asphalt roads,Dry,Daylight,Normal,Vehicle Collision,3,1,Exiting,Male,18-30,3,Driver,Normal,Not a Pedestrian,Changing lane to the right,Slight Injury
15:00:00,Friday,31-50,Male,Junior high school,Employee,5-10yr,Automobile,Governmental,2-5yrs,  Recreational areas,Undivided Two way,Tangent road with flat terrain,No junction,Asphalt roads,Wet or damp,Daylight,Normal,Vehicle Collision,2,1,Moving forward,na,na,na,Self-employed,Normal,Not a Pedestrian,Changing lane to the right,Slight Injury
15:00:00,Friday,31-50,Male,Junior high school,Employee,5-10yr,Public (12 seats),Owner,1-2yr,Other,other,Tangent road with flat terrain,No junction,Asphalt roads,Wet or damp,Daylight,Normal,Vehicle Collision,2,1,Moving forward,Male,18-30,3,Driver,Normal,Not a Pedestrian,Driving at high speed,Slight Injury
14:00:00,Saturday,Over 51,Male,Elementary school,Employee,Above 10yr,Long lorry,Owner,Above 10yr,Residential areas,other,Tangent road with flat terrain,No junction,Asphalt roads,Dry,Daylight,Normal,Vehicle Collision,1,1,Moving forward,Male,31-50,3,Driver,Normal,Not a Pedestrian,No distancing,Fatal injury
19:00:00,Wednesday,31-50,Male,Junior high school,Employee,Below 1yr,Automobile,Owner,Unknown,Other,other,Tangent road with flat terrain,Y Shape,Asphalt roads,Dry,Daylight,Normal,Vehicle Collision,2,2,Moving forward,na,na,na,,,Not a Pedestrian,Changing lane to the right,Slight Injury
19:00:00,Wednesday,Over 51,Male,Junior high school,Employee,5-10yr,Automobile,Owner,Unknown,Other,other,Tangent road with flat terrain,Y Shape,Asphalt roads,Dry,Daylight,Normal,Pedestrian Collision,2,2,Moving forward,Male,31-50,3,,,Not a Pedestrian,Changing lane to the left,Slight Injury
16:00:00,Friday,Over 51,Male,Elementary school,Employee,1-2yr,Public (> 45 seats),Owner,5-10yrs,Other,One way,Tangent road with flat terrain,Y Shape,Asphalt roads,Wet or damp,Daylight,Normal,Vehicle Collision,1,1,Exiting,na,na,na,Self-employed,Normal,Not a Pedestrian,Getting off the vehicle improperly,Slight Injury
17:00:00,Monday,18-30,Male,Junior high school,Employee,5-10yr,Pick up upto 10 Quintal,Owner,Unknown,Other,Two-way (divided with broken lines road marking),Tangent road with flat terrain,Y Shape,Asphalt roads,Dry,Daylight,Normal,Stationary Object Collision,2,1,Moving forward,Female,18-30,3,Driver,Normal,Crossing from nearside - masked by parked or statioNot a Pedestrianry vehicle,Other,Slight Injury
17:00:00,Monday,18-30,Male,Junior high school,Employee,Above 10yr,Lorry (41 - 100 Quintal),Owner,2-5yrs,Other,other,Tangent road with flat terrain,Y Shape,Asphalt roads,Dry,Daylight,Normal,Vehicle Collision,2,1,Moving forward,Female,18-30,3,Driver,Normal,Not a Pedestrian,Other,Slight Injury
09:00:00,Tuesday,31-50,Male,High school,Owner,2-5yr,Automobile,Owner,Unknown,School areas,Undivided Two way,Tangent road with flat terrain,No junction,Asphalt roads,Dry,Daylight,Normal,Vehicle Collision,2,1,Other,Female,18-30,3,Self-employed,Normal,Not a Pedestrian,No distancing,Serious Injury
09:00:00,Tuesday,Over 51,Male,Junior high school,Employee,1-2yr,Public (13 - 45 seats),Owner,Unknown,Office areas,Two-way (divided with broken lines road marking),Tangent road with flat terrain,No junction,Asphalt roads,Dry,Daylight,Normal,Vehicle Collision,2,1,Moving forward,na,na,na,Driver,Normal,Not a Pedestrian,No priority to vehicle,Serious Injury
10:00:00,Thursday,Over 51,Male,Junior high school,Employee,1-2yr,Automobile,Owner,Unknown,Office areas,Two-way (divided with broken lines road marking),Tangent road with flat terrain,No junction,Asphalt roads,Dry,Daylight,Normal,Vehicle Collision,2,1,Moving forward,na,na,na,Driver,Normal,Not a Pedestrian,Overtaking,Slight Injury
10:00:00,Thursday,Over 51,Male,Above high school,Owner,2-5yr,Public (> 45 seats),Owner,5-10yrs,Office areas,Two-way (divided with broken lines road marking),Tangent road with flat terrain,No junction,Asphalt roads,Dry,Daylight,Normal,Vehicle Collision,2,1,Moving forward,Male,31-50,3,,Normal,Not a Pedestrian,No priority to pedestrian,Slight Injury
21:00:00,Thursday,18-30,Male,Junior high school,Employee,5-10yr,Public (12 seats),Owner,Unknown,School areas,,Tangent road with flat terrain,Crossing,Asphalt roads,Dry,Darkness - lights lit,Normal,Vehicle Collision,2,1,Moving forward,Male,Over 51,3,Driver,Normal,Crossing from nearside - masked by parked or statioNot a Pedestrianry vehicle,No distancing,Fatal injury
21:00:00,Thursday,18-30,Male,Elementary school,Owner,2-5yr,Automobile,Governmental,Unknown,School areas,Undivided Two way,Tangent road with flat terrain,Crossing,Asphalt roads,Dry,Darkness - lights lit,Normal,Vehicle Collision,2,1,Moving forward,na,na,na,Self-employed,Normal,Not a Pedestrian,Changing lane to the right,Fatal injury
16:00:00,Friday,Under 18,Male,Junior high school,Employee,1-2yr,Lorry (41 - 100 Quintal),Owner,Unknown,Office areas,Two-way (divided with broken lines road marking),Tangent road with flat terrain,Y Shape,Asphalt roads,Dry,Daylight,Normal,Vehicle Collision,3,1,Moving backward,Male,Under 18,3,Self-employed,Normal,Not a Pedestrian,Driving carelessly,Serious Injury
16:00:00,Friday,18-30,Male,Junior high school,Owner,5-10yr,Automobile,Owner,Unknown,Office areas,Two-way (divided with broken lines road marking),Tangent road with flat terrain,Y Shape,Asphalt roads,Dry,Daylight,Normal,Vehicle Collision,3,1,Other,Male,18-30,3,,Normal,Not a Pedestrian,Changing lane to the right,Serious Injury
16:00:00,Friday,31-50,Male,Junior high school,Employee,Below 1yr,Pick up upto 10 Quintal,Governmental,Above 10yr,School areas,Two-way (divided with broken lines road marking),Tangent road with flat terrain,Y Shape,Asphalt roads,Dry,Daylight,Normal,Stationary Object Collision,3,1,Moving forward,na,na,na,Self-employed,Normal,Not a Pedestrian,Overtaking,Serious Injury
19:00:00,Saturday,18-30,Male,Junior high school,Employee,2-5yr,Public (12 seats),Owner,1-2yr,Other,Two-way (divided with broken lines road marking),Tangent road with flat terrain,No junction,Asphalt roads,Dry,Daylight,Normal,Vehicle Collision,3,1,Moving forward,na,na,na,Driver,Normal,Not a Pedestrian,Other,Slight Injury
19:00:00,Saturday,18-30,Male,Junior high school,Employee,5-10yr,Automobile,Owner,Above 10yr,Other,Two-way (divided with broken lines road marking),Tangent road with flat terrain,No junction,Asphalt roads,Dry,Daylight,Normal,Stationary Object Collision,3,1,Moving forward,Male,18-30,3,Driver,Normal,Not a Pedestrian,Driving to the left,Slight Injury
19:00:00,Saturday,18-30,Male,Junior high school,Employee,Above 10yr,Automobile,Owner,Below 1yr,Other,Undivided Two way,Tangent road with flat terrain,No junction,Asphalt roads,Dry,Daylight,Normal,Vehicle Collision,3,1,Moving forward,Male,5,2,,Normal,Crossing from nearside - masked by parked or statioNot a Pedestrianry vehicle,Driving at high speed,Slight Injury
09:00:00,Sunday,31-50,Male,Elementary school,Employee,2-5yr,Automobile,Owner,Above 10yr,Other,Two-way (divided with broken lines road marking),Tangent road with flat terrain,Y Shape,Asphalt roads,Dry,Daylight,Normal,Vehicle Collision,2,1,Moving forward,na,na,na,Driver,Normal,Not a Pedestrian,Unknown,Slight Injury
09:00:00,Sunday,18-30,Male,Elementary school,Owner,Above 10yr,Stationwagen,Owner,Unknown,Residential areas,Undivided Two way,Tangent road with flat terrain,Y Shape,Asphalt roads,Dry,Daylight,Normal,Vehicle Collision,2,1,Moving forward,Male,18-30,3,Driver,Normal,Not a Pedestrian,Changing lane to the right,Slight Injury
11:00:00,Wednesday,Over 51,Male,Junior high school,Employee,1-2yr,Other,Governmental,1-2yr,Other,Undivided Two way,Tangent road with flat terrain,Y Shape,Asphalt roads,Dry,Daylight,Normal,Pedestrian Collision,1,2,Moving forward,Male,Under 18,3,Driver,Normal,Not a Pedestrian,No distancing,Slight Injury
11:00:00,Wednesday,Over 51,Male,Junior high school,Employee,5-10yr,Other,Owner,1-2yr,Other,Undivided Two way,Tangent road with flat terrain,Y Shape,Asphalt roads,Dry,Daylight,Normal,Vehicle Collision,1,2,Moving forward,na,na,na,Self-employed,Normal,Not a Pedestrian,Other,Slight Injury
08:00:00,Friday,31-50,Male,Junior high school,Employee,2-5yr,Other,Owner,Unknown, Industrial areas,Undivided Two way,Tangent road with flat terrain,Y Shape,Asphalt roads,Dry,Daylight,Normal,Vehicle Collision,1,1,Moving forward,na,na,na,Driver,Normal,Not a Pedestrian,No priority to vehicle,Slight Injury