Time,Day,Age_band_of_driver,Sex_of_driver,Educational_level,Vehicle_driver_relation,Driving_experience,Type_of_vehicle,Owner_of_vehicle,Service_year_of_vehicle,Area_accident_occured,Lanes_or_Medians,Road_allignment,Types_of_Junction,Road_surface_type,Road_surface_conditions,Light_conditions,Weather_conditions,Type_of_collision,Number_of_vehicles_involved,Number_of_casualties,Vehicle_movement,Sex_of_casualty,Age_band_of_casualty,Casualty_severity,Work_of_casuality,Fitness_of_casuality,Pedestrian_movement,Cause_of_accident,Accident_severity
12:00:00,Thursday,31-50,Male,Junior high school,Employee,5-10yr,Automobile,Owner,Unknown,Office areas,Undivided Two way,Tangent road with flat terrain,Crossing,Asphalt roads,Dry,Daylight,Normal,Vehicle Collision,2,1,Moving forward,na,na,na,Driver,Normal,Not a Pedestrian,No priority to pedestrian,Slight Injury
11:00:00,Sunday,Under 18,Male,Junior high school,Employee,2-5yr,Other,Organization,Unknown,Other,other,Tangent road with flat terrain,Crossing,Asphalt roads,Wet or damp,Daylight,Normal,Pedestrian Collision,3,4,Moving backward,Male,Under 18,3,Driver,Normal,Not a Pedestrian,Changing lane to the right,Slight Injury
11:00:00,Sunday,18-30,Male,Junior high school,Employee,2-5yr,Other,Governmental,2-5yrs,Other,other,Tangent road with flat terrain,Crossing,Asphalt roads,Wet or damp,Daylight,Normal,Pedestrian Collision,3,4,Moving forward,na,na,na,Driver,Normal,Not a Pedestrian,Changing lane to the right,Slight Injury
11:00:00,Sunday,31-50,Male,Junior high school,Employee,Above 10yr,Taxi,Owner,Unknown,Other,Undivided Two way,Tangent road with flat terrain,Crossing,Asphalt roads,Wet or damp,Daylight,Normal,Vehicle Collision,3,4,Moving forward,Female,18-30,3,Self-employed,Normal,Not a Pedestrian,Changing lane to the right,Slight Injury
11:00:00,Sunday,31-50,Male,Junior high school,Employee,1-2yr,Automobile,Owner,Above 10yr,Other,other,Tangent road with flat terrain,Crossing,Asphalt roads,Wet or damp,Daylight,Normal,Vehicle Collision,3,4,Moving forward,na,na,na,,Normal,Not a Pedestrian,Driving to the left,Slight Injury
10:00:00,Monday,Over 51,Male,Above high school,Owner,1-2yr,Long lorry,Owner,Unknown,Residential areas,Undivided Two way,Tangent road with flat terrain,No junction,Asphalt roads,Wet or damp,Daylight,Normal,Vehicle Collision,1,1,Moving forward,Male,Under 18,3,Other,Normal,Not a Pedestrian,Changing lane to the left,Serious Injury
22:00:00,Thursday,31-50,Male,Above high school,Employee,No Licence,Long lorry,Owner,2-5yrs, Church areas,Undivided Two way,Tangent road with flat terrain,Crossing,Asphalt roads,Dry,Darkness - lights unlit,Cloudy,Stationary Object Collision,2,1,Moving forward,Male,18-30,3,Driver,Normal,Not a Pedestrian,Moving Backward,Slight Injury
22:00:00,Thursday,31-50,Male,Junior high school,Employee,1-2yr,Lorry (41 - 100 Quintal),Owner,2-5yrs,Office areas,Double carriageway (median),Tangent road with flat terrain,Crossing,Asphalt roads,Dry,Darkness - lights unlit,Cloudy,Vehicle Collision,2,1,Moving forward,na,na,na,Driver,Normal,Not a Pedestrian,Driving at high speed,Slight Injury
17:00:00,Friday,Over 51,Male,Junior high school,Employee,5-10yr,Lorry (41 - 100 Quintal),Owner,2-5yrs, Church areas,other,Tangent road with flat terrain,Other,Asphalt roads,Wet or damp,Darkness - lights lit,Normal,Stationary Object Collision,2,2,Moving forward,na,na,na,Driver,Normal,Not a Pedestrian,Moving Backward,Slight Injury
17:00:00,Friday,31-50,Male,Junior high school,Employee,Above 10yr,Lorry (11 - 40 Quintal),Owner,2-5yrs,Other,Two-way (divided with broken lines road marking),Tangent road with flat terrain,Other,Asphalt roads,Wet or damp,Darkness - lights lit,Normal,Vehicle Collision,2,2,Moving forward,Male,Under 18,3,,,Not a Pedestrian,No distancing,Slight Injury
12:00:00,Tuesday,Over 51,Male,Junior high school,Employee,Above 10yr,Automobile,Owner,Unknown,Other,other,Tangent road with flat terrain,Y Shape,Asphalt roads,Wet or damp,Daylight,Normal,Vehicle Collision,2,1,Moving forward,Male,Under 18,3,Driver,Normal,Crossing from driver's nearside,Other,Slight Injury
12:00:00,Tuesday,31-50,Male,Junior high school,Owner,5-10yr,Taxi,Owner,1-2yr,School areas,other,Steep grade downward with mountainous terrain,Y Shape,Asphalt roads,Wet or damp,Daylight,Normal,Stationary Object Collision,2,1,Moving forward,na,na,na,Driver,Normal,Not a Pedestrian,No priority to vehicle,Slight Injury
08:00:00,Tuesday,Over 51,Male,Elementary school,Employee,2-5yr,Other,Owner,5-10yrs,Office areas,Two-way (divided with broken lines road marking),Tangent road with mild grade and flat terrain,Y Shape,Asphalt roads,Dry,Daylight,Normal,Vehicle Collision,3,3,Moving forward,Male,31-50,3,,,Not a Pedestrian,Changing lane to the right,Serious Injury
08:00:00,Tuesday,18-30,Male,Junior high school,Employee,2-5yr,Automobile,Owner,Below 1yr,Other,other,Steep grade downward with mountainous terrain,Y Shape,Asphalt roads,Dry,Daylight,Normal,Vehicle Collision,3,3,Other,Female,18-30,3,Driver,Normal,Not a Pedestrian,Other,Serious Injury
08:00:00,Tuesday,31-50,Male,Junior high school,Employee,Below 1yr,Automobile,Owner,Unknown,Office areas,Undivided Two way,Tangent road with flat terrain,Y Shape,Asphalt roads,Dry,Daylight,Normal,Stationary Object Collision,3,3,Moving forward,na,na,na,Driver,Normal,Not a Pedestrian,No distancing,Serious Injury
17:00:00,Tuesday,18-30,Male,Junior high school,Employee,2-5yr,Automobile,Owner,Unknown,Other,Undivided Two way,Tangent road with flat terrain,No junction,Asphalt roads,Wet or damp,Darkness - lights lit,Normal,Stationary Object Collision,1,1,Moving forward,Female,18-30,3,Self-employed,Normal,Not a Pedestrian,Driving carelessly,Serious Injury
17:00:00,Wednesday,Unknown,Female,Junior high school,Employee,2-5yr,Automobile,Owner,2-5yrs,Other,Two-way (divided with broken lines road marking),Tangent road with flat terrain,Crossing,Asphalt roads,Dry,Darkness - lights lit,Normal,Vehicle Collision,1,1,Moving forward,na,na,na,Driver,Normal,Not a Pedestrian,No distancing,Slight Injury
09:00:00,Thursday,31-50,Male,Elementary school,Employee,5-10yr,Public (> 45 seats),Owner,Unknown,Office areas,Undivided Two way,Tangent road with flat terrain,Y Shape,Asphalt roads,Dry,Daylight,Normal,Vehicle Collision,2,1,Moving forward,Male,Under 18,2,Driver,Normal,Unknown or other,Moving Backward,Slight Injury
09:00:00,Thursday,Over 51,Male,Junior high school,Employee,Above 10yr,Lorry (11 - 40 Quintal),Owner,Unknown,Other,Double carriageway (median),Tangent road with flat terrain,Y Shape,Asphalt roads,Dry,Daylight,Normal,Vehicle Collision,2,1,Moving forward,Female,31-50,3,Driver,Normal,Not a Pedestrian,No distancing,Slight Injury
18:00:00,Friday,31-50,Male,Junior high school,Employee,5-10yr,Lorry (41 - 100 Quintal),Owner,Unknown, Church areas,other,Tangent road with flat terrain,Y Shape,Asphalt roads,Dry,Darkness - lights lit,Normal,Vehicle Collision,2,1,Moving forward,na,na,na,Driver,Normal,Not a Pedestrian,Moving Backward,Serious Injury
18:00:00,Friday,Unknown,Female,Junior high school,Employee,2-5yr,Lorry (41 - 100 Quintal),Owner,Unknown,Office areas,Two-way (divided with broken lines road marking),Tangent road with flat terrain,Y Shape,Asphalt roads,Dry,Darkness - lights lit,Normal,Vehicle Collision,2,1,Moving backward,Male,18-30,3,Driver,Normal,Not a Pedestrian,No priority to pedestrian,Serious Injury
19:00:00,Tuesday,18-30,Male,Junior high school,Employee,5-10yr,Stationwagen,Owner,Above 10yr,Office areas,Two-way (divided with broken lines road marking),Tangent road with flat terrain,Y Shape,Asphalt roads,Wet or damp,Darkness - lights lit,Other,Vehicle Collision,2,3,Moving forward,na,na,na,Driver,Normal,Not a Pedestrian,Changing lane to the left,Slight Injury
19:00:00,Tuesday,31-50,Male,Above high school,Employee,2-5yr,Other,Owner,2-5yrs,Other,Undivided Two way,Tangent road with mountainous terrain and,Y Shape,Asphalt roads,Wet or damp,Darkness - lights lit,Other,Vehicle Collision,2,3,Moving forward,Male,Under 18,2,Driver,Normal,Not a Pedestrian,No distancing,Slight Injury
19:00:00,Tuesday,31-50,Male,Junior high school,Employee,5-10yr,Automobile,Owner,2-5yrs,Residential areas,Undivided Two way,Tangent road with flat terrain,Y Shape,Asphalt roads,Wet or damp,Darkness - lights lit,Other,Vehicle Collision,2,3,Moving forward,Male,31-50,3,,,Not a Pedestrian,Other,Slight Injury
19:00:00,Tuesday,31-50,Male,Junior high school,Employee,1-2yr,Pick up upto 10 Quintal,Owner,Unknown,Residential areas,Undivided Two way,Tangent road with flat terrain,Y Shape,Asphalt roads,Wet or damp,Darkness - lights lit,Other,Vehicle Collision,2,3,Moving forward,Male,18-30,3,Driver,Normal,Not a Pedestrian,No distancing,Slight Injury
13:00:00,Friday,31-50,Male,Junior high school,Employee,2-5yr,Motorcycle,Owner,5-10yrs,Other,Two-way (divided with broken lines road marking),Tangent road with flat terrain,Other,Asphalt roads,Dry,Daylight,Normal,Vehicle Collision,2,2,Moving forward,Male,Over 51,2,,,Crossing from driver's nearside,No priority to pedestrian,Serious Injury
13:00:00,Friday,18-30,Male,Junior high school,Employee,Above 10yr,Automobile,Owner,Unknown,Other,other,Tangent road with flat terrain,Other,Asphalt roads,Dry,Daylight,Normal,Vehicle Collision,2,2,Moving forward,Male,18-30,3,Driver,Normal,Not a Pedestrian,Moving Backward,Serious Injury
08:00:00,Wednesday,Over 51,Male,Junior high school,Employee,Below 1yr,Pick up upto 10 Quintal,Owner,Unknown,Office areas,,Steep grade downward with mountainous terrain,No junction,Asphalt roads,Wet or damp,Daylight,Raining,Vehicle Collision,1,1,Moving forward,Male,5,2,Other,Normal,Not a Pedestrian,No priority to pedestrian,Slight Injury
13:00:00,Tuesday,Under 18,Male,Junior high school,Employee,2-5yr,Motorcycle,Governmental,Unknown,School areas,Double carriageway (median),Tangent road with flat terrain,No junction,Asphalt roads,Wet or damp,Daylight,Normal,Vehicle Collision,1,1,Moving forward,na,na,na,Self-employed,Normal,Not a Pedestrian,No distancing,Serious Injury
16:00:00,Monday,31-50,Male,Junior high school,Employee,Below 1yr,Stationwagen,Owner,Unknown,Other,Two-way (divided with broken lines road marking),Steep grade downward with mountainous terrain,Unknown,Asphalt roads,Wet or damp,Darkness - lights unlit,Normal,Vehicle Collision,2,2,Moving forward,Male,18-30,2,Driver,Normal,Not a Pedestrian,No priority to pedestrian,Slight Injury
16:00:00,Monday,31-50,Male,High school,Employee,5-10yr,Lorry (41 - 100 Quintal),Owner,5-10yrs,Other,Two-way (divided with broken lines road marking),Tangent road with rolling terrain,Unknown,Asphalt roads,Wet or damp,Darkness - lights unlit,Normal,Vehicle Collision,2,2,Moving forward,na,na,na,,,Not a Pedestrian,Driving carelessly,Slight Injury
08:00:00,Thursday,18-30,Male,Above high school,Employee,1-2yr,Taxi,Governmental,Unknown, Church areas,Two-way (divided with broken lines road marking),Tangent road with flat terrain,Y Shape,Asphalt roads,Wet or damp,Daylight,Other,Vehicle Collision,2,2,Moving forward,Male,31-50,3,Self-employed,Normal,Not a Pedestrian,Getting off the vehicle improperly,Slight Injury
08:00:00,Thursday,Over 51,Male,Junior high school,Employee,Below 1yr,Automobile,Owner,Unknown,Office areas,,Tangent road with mild grade and flat terrain,Y Shape,Asphalt roads,Wet or damp,Daylight,Other,Vehicle Collision,2,2,Moving forward,Male,31-50,3,,,Not a Pedestrian,Driving carelessly,Slight Injury
08:00:00,Thursday,Over 51,Male,Junior high school,Employee,5-10yr,Long lorry,Owner,Unknown,Other,Two-way (divided with broken lines road marking),Tangent road with mild grade and flat terrain,Y Shape,Asphalt roads,Wet or damp,Daylight,Other,Vehicle Collision,2,2,Other,na,na,na,,,Not a Pedestrian,Changing lane to the left,Slight Injury
02:00:00,Thursday,31-50,Male,High school,Employee,Below 1yr,Automobile,Governmental,Unknown,Residential areas,Double carriageway (median),Tangent road with flat terrain,No junction,Asphalt roads,Wet or damp,Darkness - lights lit,Other,Stationary Object Collision,1,1,Moving forward,Male,18-30,3,Driver,,Not a Pedestrian,No priority to vehicle,Slight Injury
07:00:00,Wednesday,Over 51,Male,High school,Employee,Below 1yr,Public (12 seats),Owner,Unknown,Office areas,Two-way (divided with broken lines road marking),Tangent road with flat terrain,Crossing,Asphalt roads,Wet or damp,Darkness - lights lit,Windy,Vehicle Collision,2,1,Moving forward,na,na,na,,,Not a Pedestrian,Changing lane to the right,Slight Injury
07:00:00,Wednesday,31-50,Male,Junior high school,Employee,5-10yr,Lorry (11 - 40 Quintal),Owner,Unknown,Office areas,Undivided Two way,Tangent road with flat terrain,Crossing,Asphalt roads,Wet or damp,Darkness - lights lit,Windy,Pedestrian Collision,2,1,Moving forward,Male,18-30,3,Unemployed,Normal,Not a Pedestrian,Changing lane to the right,Slight Injury
11:00:00,Wednesday,Over 51,Male,High school,Employee,2-5yr,Pick up upto 10 Quintal,Owner,Below 1yr,Office areas,Two-way (divided with broken lines road marking),Tangent road with flat terrain,Y Shape,Asphalt roads,Dry,Daylight,Normal,Vehicle Collision,1,1,Moving forward,na,na,na,Driver,Normal,Not a Pedestrian,No distancing,Fatal injury
18:00:00,Thursday,Over 51,Male,Junior high school,Employee,Above 10yr,Lorry (41 - 100 Quintal),Organization,1-2yr, Church areas,,Tangent road with flat terrain,Unknown,Asphalt roads,Wet or damp,Darkness - lights lit,Raining,Stationary Object Collision,2,1,Moving forward,na,na,na,Driver,Normal,Not a Pedestrian,No distancing,Serious Injury
18:00:00,Thursday,Under 18,Male,Junior high school,Employee,Above 10yr,Other,Owner,Unknown,Office areas,Two-way (divided with broken lines road marking),Tangent road with flat terrain,Unknown,Asphalt roads,Wet or damp,Darkness - lights lit,Raining,Vehicle Collision,2,1,Moving forward,Female,31-50,3,Driver,Normal,Not a Pedestrian,Changing lane to the left,Serious Injury
14:00:00,Saturday,31-50,Male,Junior high school,Employee,5-10yr,Automobile,Owner,1-2yr,Office areas,Two-way (divided with broken lines road marking),Tangent road with mild grade and flat terrain,Y Shape,Asphalt roads,Dry,Daylight,Unknown,Vehicle Collision,2,1,Moving forward,Male,18-30,3,,,Not a Pedestrian,Changing lane to the right,Slight Injury
14:00:00,Saturday,18-30,Male,Junior high school,Employee,1-2yr,Long lorry,Owner,Unknown,Office areas,Two-way (divided with broken lines road marking),Tangent road with mild grade and flat terrain,Y Shape,Asphalt roads,Dry,Daylight,Unknown,Vehicle Collision,2,1,Other,na,na,na,Driver,Normal,Not a Pedestrian,No priority to vehicle,Slight Injury
02:00:00,Saturday,Unknown,Female,Unknown,Employee,Below 1yr,Lorry (11 - 40 Quintal),Owner,5-10yrs,Office areas,Two-way (divided with broken lines road marking),Tangent road with flat terrain,No junction,Asphalt roads,Dry,Darkness - lights lit,Normal,Vehicle Collision,1,1,Moving forward,Male,18-30,2,Driver,Normal,Not a Pedestrian,Changing lane to the left,Slight Injury
17:00:00,Wednesday,Over 51,Male,Junior high school,Employee,Below 1yr,Long lorry,Owner,Unknown,Other,Two-way (divided with broken lines road marking),Tangent road with flat terrain,Y Shape,Asphalt roads,Wet or damp,Darkness - lights lit,Unknown,Vehicle Collision,1,1,Moving forward,na,na,na,Self-employed,Normal,Not a Pedestrian,No priority to vehicle,Serious Injury
11:00:00,Saturday,18-30,Male,High school,Employee,2-5yr,Automobile,Owner,Unknown,Residential areas,Double carriageway (median),Tangent road with flat terrain,Y Shape,Asphalt roads,Dry,Daylight,Normal,Self-accident,2,3,Moving forward,Male,18-30,3,Driver,Normal,Not a Pedestrian,Moving Backward,Slight Injury
11:00:00,Saturday,Over 51,Male,Junior high school,Owner,1-2yr,Taxi,Owner,Unknown, Church areas,Undivided Two way,Tangent road with flat terrain,Y Shape,Asphalt roads,Dry,Daylight,Normal,Stationary Object Collision,2,3,Moving forward,Male,Under 18,2,,,Not a Pedestrian,Turnover,Slight Injury
11:00:00,Saturday,Over 51,Male,Junior high school,Employee,5-10yr,Taxi,Owner,Unknown,Other,Two-way (divided with broken lines road marking),Tangent road with flat terrain,Y Shape,Asphalt roads,Dry,Daylight,Normal,Vehicle Collision,2,3,Moving forward,na,na,na,Unknown,Normal,Not a Pedestrian,No distancing,Slight Injury
11:00:00,Saturday,Over 51,Male,Elementary school,Employee,2-5yr,Long lorry,Owner,Unknown,  Recreational areas,Two-way (divided with broken lines road marking),Tangent road with flat terrain,Y Shape,Asphalt roads,Dry,Daylight,Normal,Stationary Object Collision,2,3,Moving forward,Male,31-50,3,Driver,Normal,Not a Pedestrian,No distancing,Slight Injury
10:00:00,Sunday,Over 51,Male,Elementary school,Owner,5-10yr,Lorry (11 - 40 Quintal),Owner,Unknown,Other,,Tangent road with flat terrain,Y Shape,Asphalt roads,Dry,Daylight,Normal,Vehicle Collision,2,2,Moving forward,Female,18-30,3,,,Not a Pedestrian,No distancing,Slight Injury
10:00:00,Sunday,31-50,Male,Junior high school,Employee,Above 10yr,Lorry (11 - 40 Quintal),Owner,Unknown, Industrial areas,Undivided Two way,Tangent road with mild grade and flat terrain,Y Shape,Asphalt roads,Dry,Daylight,Normal,Vehicle Collision,2,2,Moving forward,na,na,na,Driver,Normal,Not a Pedestrian,Changing lane to the left,Slight Injury
10:00:00,Sunday,31-50,Male,Junior high school,Employee,5-10yr,Long lorry,Owner,Unknown,Other,Two-way (divided with broken lines road marking),Tangent road with flat terrain,Y Shape,Asphalt roads,Dry,Daylight,Normal,Vehicle Collision,2,2,Moving forward,Male,18-30,3,Other,Normal,Not a Pedestrian,No priority to vehicle,Slight Injury
18:00:00,Tuesday,31-50,Male,High school,Employee,5-10yr,Turbo,Owner,Unknown,Other,other,Tangent road with flat terrain,Y Shape,Asphalt roads,Wet or damp,Darkness - lights lit,Raining,Vehicle Collision,2,1,Moving backward,na,na,na,Other,Normal,Not a Pedestrian,Driving at high speed,Slight Injury
18:00:00,Tuesday,18-30,Male,Junior high school,Employee,5-10yr,Long lorry,Owner,5-10yrs, Church areas,other,Tangent road with flat terrain,Y Shape,Asphalt roads,Wet or damp,Darkness - lights lit,Raining,Vehicle Collision,2,1,Moving forward,Female,Under 18,3,Self-employed,Normal,Not a Pedestrian,Overtaking,Slight Injury
13:00:00,Wednesday,Over 51,Male,Junior high school,Employee,Above 10yr,Long lorry,Owner,5-10yrs, Church areas,Undivided Two way,Tangent road with flat terrain,O Shape,Asphalt roads,Dry,Daylight,Normal,Stationary Object Collision,2,2,Moving forward,Male,18-30,2,Driver,Normal,Not a Pedestrian,Other,Slight Injury
13:00:00,Wednesday,Over 51,Male,Junior high school,Employee,1-2yr,Public (13 - 45 seats),Owner,Unknown,Other,Two-way (divided with broken lines road marking),Tangent road with flat terrain,O Shape,Asphalt roads,Dry,Daylight,Normal,Vehicle Collision,2,2,Moving forward,na,na,na,Driver,Normal,Not a Pedestrian,Changing lane to the left,Slight Injury
13:00:00,Wednesday,31-50,Male,Junior high school,Employee,2-5yr,Automobile,Owner,Unknown,Other,One way,Tangent road with flat terrain,O Shape,Asphalt roads,Dry,Daylight,Normal,Stationary Object Collision,2,2,Moving forward,Female,18-30,3,Driver,Normal,"In carriageway, statioNot a Pedestrianry - not crossing  (standing or playing)",No priority to pedestrian,Slight Injury
15:00:00,Tuesday,18-30,Male,Junior high school,Employee,1-2yr,Automobile,Governmental,2-5yrs,  Recreational areas,Two-way (divided with broken lines road marking),Tangent road with flat terrain,No junction,Asphalt roads,Dry,Daylight,Normal,Vehicle Collision,1,1,Moving backward,Female,31-50,3,,,Not a Pedestrian,Changing lane to the left,Slight Injury
09:00:00,Thursday,Over 51,Male,Junior high school,Employee,5-10yr,Pick up upto 10 Quintal,Owner,2-5yrs,Other,Undivided Two way,Tangent road with flat terrain,Y Shape,Asphalt roads,Dry,Daylight,Normal,Vehicle Collision,1,1,Moving forward,na,na,na,,,Not a Pedestrian,No distancing,Slight Injury
11:00:00,Monday,Unknown,Female,Elementary school,Employee,5-10yr,Automobile,Owner,5-10yrs,Office areas,Undivided Two way,Tangent road with flat terrain,Y Shape,Asphalt roads,Dry,Daylight,Normal,Vehicle Collision,3,1,Other,na,na,na,Driver,Normal,Not a Pedestrian,Moving Backward,Slight Injury
11:00:00,Monday,18-30,Male,Junior high school,Employee,5-10yr,Stationwagen,Owner,5-10yrs, Church areas,Two-way (divided with broken lines road marking),Tangent road with flat terrain,Y Shape,Asphalt roads,Dry,Daylight,Normal,Vehicle Collision,3,1,Other,Male,18-30,3,Other,Normal,Not a Pedestrian,Changing lane to the left,Slight Injury
11:00:00,Monday,18-30,Male,Junior high school,Employee,Above 10yr,Automobile,Owner,2-5yrs,Office areas,Two-way (divided with broken lines road marking),Tangent road with flat terrain,Y Shape,Asphalt roads,Dry,Daylight,Normal,Vehicle Collision,3,1,Moving forward,na,na,na,Driver,Normal,Not a Pedestrian,Other,Slight Injury
10:00:00,Wednesday,Under 18,Male,Junior high school,Employee,2-5yr,Automobile,Owner,Unknown,Office areas,Undivided Two way,Tangent road with mountainous terrain and,No junction,Asphalt roads,Wet or damp,Daylight,Normal,Vehicle Collision,2,2,Moving forward,Male,18-30,3,,,Not a Pedestrian,No distancing,Serious Injury
10:00:00,Wednesday,Under 18,Male,Junior high school,Owner,Above 10yr,Automobile,Owner,2-5yrs,Other,Undivided Two way,Tangent road with flat terrain,No junction,Asphalt roads,Wet or damp,Daylight,Normal,Vehicle Collision,2,2,Moving forward,Male,18-30,3,Driver,Normal,Not a Pedestrian,Moving Backward,Serious Injury
10:00:00,Wednesday,31-50,Male,Junior high school,Employee,2-5yr,Long lorry,Governmental,Unknown,Residential areas,Two-way (divided with broken lines road marking),Tangent road with flat terrain,No junction,Asphalt roads,Wet or damp,Daylight,Normal,Vehicle Collision,2,2,Moving forward,na,na,na,Driver,Normal,Not a Pedestrian,No distancing,Serious Injury
18:00:00,Thursday,18-30,Male,Elementary school,Other,5-10yr,Public (13 - 45 seats),Owner,2-5yrs,Office areas,Two-way (divided with broken lines road marking),Tangent road with mild grade and flat terrain,Y Shape,Asphalt roads,Dry,Darkness - lights lit,Normal,Vehicle Collision,2,1,Other,na,na,na,Employee,Normal,Not a Pedestrian,Changing lane to the left,Slight Injury
18:00:00,Thursday,31-50,Male,Elementary school,Employee,5-10yr,Public (13 - 45 seats),Owner,2-5yrs,Residential areas,other,Tangent road with flat terrain,Y Shape,Asphalt roads,Dry,Darkness - lights lit,Normal,Vehicle Collision,2,1,Moving forward,Female,31-50,3,,,Not a Pedestrian,Changing lane to the left,Slight Injury
18:00:00,Friday,31-50,Male,Junior high school,Employee,5-10yr,Lorry (11 - 40 Quintal),Owner,Unknown,Residential areas,Two-way (divided with broken lines road marking),Tangent road with flat terrain,Y Shape,Asphalt roads,Dry,Darkness - lights lit,Normal,Vehicle Collision,2,1,Exiting,na,na,na,Student,Normal,Not a Pedestrian,No priority to pedestrian,Slight Injury
18:00:00,Friday,18-30,Male,Junior high school,Employee,5-10yr,Lorry (11 - 40 Quintal),Owner,Unknown,Other,Double carriageway (median),Tangent road with flat terrain,Y Shape,Asphalt roads,Dry,Darkness - lights lit,Normal,Self-accident,2,1,Moving forward,Male,31-50,3,Driver,Normal,Not a Pedestrian,Changing lane to the left,Slight Injury
11:00:00,Friday,31-50,Male,Elementary school,Employee,Above 10yr,Pick up upto 10 Quintal,Owner,Unknown, Hospital areas,One way,Tangent road with flat terrain,Y Shape,Asphalt roads,Dry,Daylight,Normal,Stationary Object Collision,1,2,Moving forward,Male,31-50,3,Self-employed,Normal,Not a Pedestrian,Driving carelessly,Slight Injury
11:00:00,Friday,31-50,Male,Junior high school,Employee,Below 1yr,Automobile,Governmental,Unknown,Other,Undivided Two way,Tangent road with flat terrain,Y Shape,Asphalt roads,Dry,Daylight,Normal,Vehicle Collision,1,2,Moving forward,Male,18-30,2,Self-employed,Normal,Crossing from offside - masked by  parked or statioNot a Pedestrianry vehicle,Driving carelessly,Slight Injury
07:00:00,Wednesday,Over 51,Male,Junior high school,Employee,5-10yr,Automobile,Owner,Unknown,Other,Undivided Two way,Tangent road with flat terrain,No junction,Asphalt roads,Wet or damp,Darkness - lights lit,Other,Vehicle Collision,2,1,Moving forward,Female,Under 18,3,Driver,Normal,Not a Pedestrian,No priority to pedestrian,Slight Injury
07:00:00,Wednesday,31-50,Male,Elementary school,Employee,1-2yr,Automobile,Owner,Unknown,  Recreational areas,One way,Tangent road with mild grade and flat terrain,No junction,Asphalt roads,Wet or damp,Darkness - lights lit,Other,Stationary Object Collision,2,1,Moving forward,na,na,na,,,Not a Pedestrian,Getting off the vehicle improperly,Slight Injury
00:00:00,Monday,18-30,Male,Junior high school,Employee,5-10yr,Long lorry,Owner,Unknown,Other,Undivided Two way,Tangent road with flat terrain,Y Shape,Asphalt roads,Wet or damp,Darkness - lights lit,Normal,Vehicle Collision,2,1,Moving forward,Male,18-30,3,Driver,Normal,Not a Pedestrian,No distancing,Slight Injury
00:00:00,Monday,31-50,Male,Junior high school,Employee,Above 10yr,Long lorry,Owner,Unknown,Other,Undivided Two way,Tangent road with flat terrain,Y Shape,Asphalt roads,Wet or damp,Darkness - lights lit,Normal,Vehicle Collision,2,1,Moving backward,na,na,na,Driver,Normal,Not a Pedestrian,Changing lane to the left,Slight Injury
19:00:00,Saturday,18-30,Female,High school,Owner,2-5yr,Automobile,Owner,Unknown,Other,Undivided Two way,Tangent road with flat terrain,O Shape,Asphalt roads,Wet or damp,Darkness - lights lit,Normal,Vehicle Collision,2,1,Moving forward,Male,18-30,3,Self-employed,Normal,Not a Pedestrian,No priority to vehicle,Serious Injury
19:00:00,Saturday,31-50,Male,Junior high school,Employee,1-2yr,Stationwagen,Owner,Below 1yr,Office areas,Two-way (divided with broken lines road marking),Tangent road with flat terrain,O Shape,Asphalt roads,Wet or damp,Darkness - lights lit,Normal,Self-accident,2,1,Other,Male,Under 18,3,Driver,Normal,Not a Pedestrian,No distancing,Serious Injury
19:00:00,Wednesday,31-50,Male,Junior high school,Employee,1-2yr,Automobile,Owner,2-5yrs,Other,Two-way (divided with broken lines road marking),Tangent road with mild grade and flat terrain,Y Shape,Asphalt roads,Dry,Darkness - lights lit,Normal,Self-accident,2,1,Moving forward,na,na,na,,Normal,Not a Pedestrian,No priority to pedestrian,Slight Injury
19:00:00,Wednesday,Under 18,Male,Above high school,Owner,2-5yr,Other,Owner,Unknown,Residential areas,Two-way (divided with broken lines road marking),Tangent road with flat terrain,Y Shape,Asphalt roads,Dry,Darkness - lights lit,Normal,Pedestrian Collision,2,1,Moving forward,na,na,na,Driver,Normal,Not a Pedestrian,No priority to pedestrian,Slight Injury
12:00:00,Thursday,Unknown,Female,Junior high school,Employee,5-10yr,Special vehicle,Owner,5-10yrs,Other,Undivided Two way,Tangent road with flat terrain,No junction,Asphalt roads,Wet or damp,Daylight,Normal,Vehicle Collision,2,1,Moving forward,Male,18-30,3,,,Not a Pedestrian,No priority to vehicle,Slight Injury
12:00:00,Thursday,18-30,Male,Elementary school,Owner,2-5yr,Lorry (41 - 100 Quintal),Owner,Unknown,Other,Undivided Two way,Tangent road with flat terrain,No junction,Asphalt roads,Wet or damp,Daylight,Normal,Vehicle Collision,2,1,Moving forward,Male,18-30,3,Driver,Normal,Not a Pedestrian,Driving carelessly,Slight Injury
22:00:00,Friday,18-30,Male,Junior high school,Employee,1-2yr,Pick up upto 10 Quintal,Owner,Unknown, Church areas,Undivided Two way,Tangent road with flat terrain,No junction,Asphalt roads,Dry,Darkness - lights lit,Normal,Vehicle Collision,1,1,Moving forward,na,na,na,,,Not a Pedestrian,Changing lane to the right,Slight Injury