Time,Day,Age_band_of_driver,Sex_of_driver,Educational_level,Vehicle_driver_relation,Driving_experience,Type_of_vehicle,Owner_of_vehicle,Service_year_of_vehicle,Area_accident_occured,Lanes_or_Medians,Road_allignment,Types_of_Junction,Road_surface_type,Road_surface_conditions,Light_conditions,Weather_conditions,Type_of_collision,Number_of_vehicles_involved,Number_of_casualties,Vehicle_movement,Sex_of_casualty,Age_band_of_casualty,Casualty_severity,Work_of_casuality,Fitness_of_casuality,Pedestrian_movement,Cause_of_accident,Accident_severity
08:00:00,Monday,18-30,Male,Elementary school,Owner,1-2yr,Motorcycle,Owner,Unknown,Residential areas,Two-way (divided with broken lines road marking),Tangent road with flat terrain,,Asphalt roads,Wet or damp,Daylight,Raining,Stationary Object Collision,2,1,Other,Male,18-30,3,Driver,Normal,Not a Pedestrian,Changing lane to the right,Slight Injury
13:00:00,Saturday,18-30,Male,Junior high school,Owner,5-10yr,Public (12 seats),Owner,Unknown,Residential areas,,Tangent road with flat terrain,,Asphalt roads,Wet or damp,Daylight,Raining,Vehicle Collision,2,1,Moving backward,na,na,na,Driver,Normal,Not a Pedestrian,Changing lane to the right,Slight Injury
13:00:00,Saturday,31-50,Male,Junior high school,Employee,2-5yr,Lorry (41 - 100 Quintal),Owner,Unknown,School areas,Two-way (divided with broken lines road marking),Tangent road with flat terrain,,Asphalt roads,Wet or damp,Darkness - lights lit,Unknown,Vehicle Collision,2,1,Moving forward,Male,18-30,3,,,Not a Pedestrian,No distancing,Slight Injury
16:00:00,Saturday,18-30,Male,Junior high school,Employee,2-5yr,Automobile,Governmental,Unknown,Other,Two-way (divided with broken lines road marking),Tangent road with flat terrain,,Asphalt roads,Wet or damp,Darkness - lights lit,Unknown,Stationary Object Collision,2,1,Moving backward,na,na,na,,,Not a Pedestrian,Changing lane to the right,Slight Injury
16:00:00,Saturday,Under 18,Male,High school,Employee,2-5yr,Lorry (41 - 100 Quintal),Governmental,Unknown,  Market areas,Undivided Two way,Tangent road with flat terrain,,Asphalt roads,Wet or damp,Darkness - lights unlit,Raining,Stationary Object Collision,2,1,Moving forward,Female,Under 18,3,Driver,Normal,Crossing from driver's nearside,Driving carelessly,Slight Injury
10:00:00,Wednesday,Over 51,Male,Junior high school,Employee,Above 10yr,Stationwagen,Owner,Unknown,Office areas,other,Tangent road with flat terrain,,Gravel roads,Wet or damp,Darkness - lights unlit,Raining,Vehicle Collision,2,1,Moving backward,na,na,na,Driver,Normal,Not a Pedestrian,Driving carelessly,Slight Injury
12:00:00,Monday,18-30,Male,Junior high school,Employee,2-5yr,Pick up upto 10 Quintal,Owner,Unknown, Church areas,Two-way (divided with broken lines road marking),Tangent road with flat terrain,,Asphalt roads,Dry,Daylight,Normal,Vehicle Collision,2,1,Moving forward,Female,18-30,3,Driver,Normal,Not a Pedestrian,Changing lane to the right,Slight Injury
12:00:00,Monday,18-30,Male,Junior high school,Employee,1-2yr,Automobile,Governmental,Unknown, Church areas,Two-way (divided with broken lines road marking),Tangent road with flat terrain,,Asphalt roads,Dry,Daylight,Normal,Vehicle Collision,2,1,Moving forward,na,na,na,Driver,Normal,Not a Pedestrian,Overturning,Slight Injury
12:00:00,Monday,18-30,Male,Junior high school,Employee,2-5yr,Automobile,Owner,Unknown,Residential areas,Double carriageway (median),Tangent road with flat terrain,,Asphalt roads,Dry,Daylight,Normal,Stationary Object Collision,2,1,Moving forward,Female,31-50,3,Self-employed,Normal,Not a Pedestrian,Changing lane to the right,Slight Injury
15:00:00,Sunday,31-50,Male,Junior high school,Employee,5-10yr,Automobile,Owner,Above 10yr,Residential areas,Two-way (divided with broken lines road marking),Tangent road with flat terrain,,Asphalt roads,Dry,Daylight,Normal,Vehicle Collision,2,1,Moving forward,Male,31-50,3,Self-employed,Normal,Not a Pedestrian,Moving Backward,Slight Injury
15:00:00,Sunday,Over 51,Male,Junior high school,Employee,1-2yr,Other,Owner,Unknown,Residential areas,Double carriageway (median),Tangent road with flat terrain,,Earth roads,Dry,Daylight,Normal,Vehicle Collision,1,1,Moving forward,na,na,na,Driver,Normal,Not a Pedestrian,No distancing,Slight Injury
15:00:00,Sunday,Over 51,Male,Elementary school,Employee,1-2yr,Automobile,Owner,Above 10yr,Residential areas,Two-way (divided with broken lines road marking),Tangent road with flat terrain,,Asphalt roads,Dry,Darkness - lights lit,Normal,Vehicle Collision,3,1,Other,Male,Under 18,3,,,Not a Pedestrian,Overturning,Slight Injury
14:00:00,Sunday,31-50,Male,Junior high school,Employee,2-5yr,Public (13 - 45 seats),Owner,1-2yr,Other,Double carriageway (median),Tangent road with flat terrain,,Asphalt roads,Dry,Darkness - lights lit,Normal,Self-accident,3,1,Moving forward,na,na,na,,,Not a Pedestrian,Driving carelessly,Slight Injury
17:00:00,Tuesday,Over 51,Male,Junior high school,Employee,Above 10yr,Public (13 - 45 seats),Owner,Unknown,Other,Two-way (divided with broken lines road marking),Tangent road with flat terrain,,Asphalt roads,Dry,Darkness - lights lit,Normal,Vehicle Collision,3,1,Moving backward,na,na,na,,,Not a Pedestrian,Changing lane to the right,Slight Injury
17:00:00,Tuesday,Under 18,Male,Junior high school,Employee,Below 1yr,Automobile,Owner,2-5yrs,Residential areas,Two-way (divided with broken lines road marking),Tangent road with flat terrain,,Gravel roads,Wet or damp,Daylight,Normal,Vehicle Collision,1,1,Moving backward,Female,18-30,2,Driver,Normal,Crossing from driver's nearside,Driving at high speed,Slight Injury
10:00:00,Tuesday,31-50,Male,Junior high school,Employee,Above 10yr,Public (12 seats),Owner,Unknown,Other,other,Tangent road with flat terrain,,Asphalt roads,Wet or damp,Darkness - lights lit,Normal,Pedestrian Collision,3,1,Moving backward,Female,31-50,3,,Normal,Crossing from offside - masked by  parked or statioNot a Pedestrianry vehicle,Changing lane to the left,Slight Injury
10:00:00,Tuesday,Over 51,Male,Elementary school,Owner,5-10yr,Public (12 seats),Owner,Unknown, Church areas,Undivided Two way,Tangent road with flat terrain,,Asphalt roads,Wet or damp,Darkness - lights lit,Normal,Vehicle Collision,3,1,Moving forward,Male,Under 18,3,Driver,Normal,Not a Pedestrian,Driving carelessly,Slight Injury
14:00:00,Monday,31-50,Male,Elementary school,Employee,Above 10yr,Lorry (41 - 100 Quintal),Owner,Unknown,Other,Undivided Two way,Tangent road with flat terrain,,Asphalt roads,Wet or damp,Darkness - lights lit,Normal,Vehicle Collision,3,1,Moving forward,Male,18-30,3,Driver,Normal,Not a Pedestrian,No distancing,Slight Injury
14:00:00,Monday,Over 51,Male,Junior high school,Employee,1-2yr,Automobile,Owner,Unknown,Office areas,Undivided Two way,Tangent road with flat terrain,,Earth roads,Dry,Darkness - lights unlit,Normal,Vehicle Collision,2,1,Moving forward,na,na,na,,,Not a Pedestrian,Moving Backward,Slight Injury
14:00:00,Monday,Unknown,Male,Junior high school,Employee,5-10yr,Pick up upto 10 Quintal,Owner,2-5yrs,Office areas,Two-way (divided with broken lines road marking),Tangent road with flat terrain,,Asphalt roads,Dry,Darkness - lights unlit,Normal,Vehicle Collision,2,1,Moving forward,Male,31-50,2,Self-employed,Normal,Crossing from nearside - masked by parked or statioNot a Pedestrianry vehicle,No priority to pedestrian,Slight Injury
13:00:00,Saturday,18-30,Male,High school,Owner,5-10yr,Pick up upto 10 Quintal,Owner,Unknown,Residential areas,Undivided Two way,Tangent road with flat terrain,,Asphalt roads,Wet or damp,Darkness - lights lit,Windy,Stationary Object Collision,1,1,Other,Female,Over 51,2,Driver,Normal,Not a Pedestrian,Moving Backward,Slight Injury
13:00:00,Saturday,18-30,Male,Elementary school,Employee,2-5yr,Lorry (41 - 100 Quintal),Owner,Unknown,Other,Two-way (divided with broken lines road marking),Tangent road with flat terrain,,Asphalt roads,Wet or damp,Darkness - lights lit,Normal,Vehicle Collision,1,1,Moving forward,Female,Over 51,3,Driver,Normal,Not a Pedestrian,Changing lane to the right,Slight Injury
13:00:00,Saturday,Unknown,Unknown,Junior high school,Employee,5-10yr,Automobile,Owner,Above 10yr, Industrial areas,Undivided Two way,Tangent road with flat terrain,,Asphalt roads,Wet or damp,Darkness - lights lit,Normal,Vehicle Collision,2,1,Moving forward,Male,Under 18,3,Driver,Normal,Unknown or other,No distancing,Slight Injury
08:00:00,Wednesday,Unknown,Male,Junior high school,Employee,5-10yr,Stationwagen,Owner,Unknown,Office areas,Two-way (divided with broken lines road marking),Tangent road with flat terrain,,Asphalt roads,Wet or damp,Darkness - lights lit,Normal,Vehicle Collision,2,1,Moving forward,Female,18-30,3,Driver,Normal,Crossing from driver's nearside,Drunk driving,Slight Injury
08:00:00,Wednesday,18-30,Male,High school,Owner,1-2yr,Motorcycle,Organization,Unknown,  Recreational areas,Two-way (divided with broken lines road marking),Tangent road with flat terrain,,Earth roads,Wet or damp,Darkness - lights lit,Normal,Vehicle Collision,1,1,Moving backward,na,na,na,Driver,Normal,Not a Pedestrian,Changing lane to the right,Slight Injury
12:00:00,Sunday,18-30,Male,Junior high school,Employee,1-2yr,Automobile,Owner,1-2yr,Residential areas,Two-way (divided with broken lines road marking),Tangent road with flat terrain,,Asphalt roads,Dry,Darkness - lights lit,Normal,Stationary Object Collision,2,1,Moving backward,Male,18-30,3,Driver,Normal,Not a Pedestrian,Driving carelessly,Serious Injury
12:00:00,Sunday,18-30,Male,Junior high school,Employee,1-2yr,Other,Owner,Above 10yr,Residential areas,Undivided Two way,Tangent road with flat terrain,,Asphalt roads,Dry,Darkness - lights lit,Normal,Vehicle Collision,2,1,Moving forward,na,na,na,Driver,Normal,Not a Pedestrian,Driving to the left,Serious Injury
12:00:00,Sunday,Unknown,Male,Junior high school,Employee,Above 10yr,Automobile,Owner,5-10yrs, Church areas,Undivided Two way,Steep grade downward with mountainous terrain,,Asphalt roads,Wet or damp,Daylight,Normal,Stationary Object Collision,1,1,Moving forward,Male,18-30,3,Driver,Normal,Not a Pedestrian,Changing lane to the right,Slight Injury
12:00:00,Sunday,Unknown,Male,Junior high school,Employee,1-2yr,Automobile,Owner,5-10yrs,Residential areas,Undivided Two way,Tangent road with flat terrain,,Asphalt roads,Dry,Daylight,Normal,Vehicle Collision,1,1,Moving backward,Male,18-30,3,Driver,Normal,Not a Pedestrian,Changing lane to the right,Serious Injury
20:00:00,Sunday,18-30,Male,High school,Owner,Above 10yr,Automobile,Owner,Unknown,Other,other,Tangent road with flat terrain,,Asphalt roads,Wet or damp,Darkness - lights lit,Raining,Self-accident,2,1,Moving forward,na,na,na,Driver,Normal,Not a Pedestrian,Driving carelessly,Slight Injury
20:00:00,Sunday,31-50,Male,Junior high school,Employee,Above 10yr,Public (> 45 seats),Owner,5-10yrs,Other,Undivided Two way,Tangent road with flat terrain,,Asphalt roads,Wet or damp,Darkness - lights lit,Raining,Vehicle Collision,2,1,Moving backward,Female,31-50,3,,,Crossing from nearside - masked by parked or statioNot a Pedestrianry vehicle,Changing lane to the left,Slight Injury
18:00:00,Thursday,31-50,Male,Junior high school,Employee,1-2yr,Automobile,Owner,Unknown,Other,Two-way (divided with solid lines road marking),Tangent road with flat terrain,,Asphalt roads,Wet or damp,Darkness - lights lit,Cloudy,Vehicle Collision,2,1,Other,na,na,na,Self-employed,Normal,Not a Pedestrian,No priority to vehicle,Slight Injury
20:00:00,Thursday,31-50,Male,Junior high school,Employee,1-2yr,Other,Owner,Unknown, Church areas,Two-way (divided with solid lines road marking),Tangent road with flat terrain,,Asphalt roads,Wet or damp,Darkness - lights lit,Cloudy,Vehicle Collision,2,1,Moving forward,Female,18-30,3,Self-employed,Normal,Not a Pedestrian,Driving carelessly,Slight Injury
20:00:00,Thursday,18-30,Male,High school,Employee,2-5yr,Automobile,Governmental,Unknown,Other,Two-way (divided with solid lines road marking),Tangent road with flat terrain,,Asphalt roads,Wet or damp,Daylight,Normal,Vehicle Collision,1,1,Moving forward,Female,18-30,3,Driver,Normal,Not a Pedestrian,Changing lane to the right,Slight Injury
20:00:00,Thursday,31-50,Male,Junior high school,Employee,2-5yr,Other,Owner,Unknown, Church areas,Two-way (divided with solid lines road marking),Tangent road with flat terrain,,Asphalt roads,Wet or damp,Daylight,Raining,Vehicle Collision,2,2,Moving forward,Male,18-30,3,Driver,Normal,Not a Pedestrian,Driving carelessly,Slight Injury
20:00:00,Thursday,31-50,Male,Junior high school,Employee,1-2yr,Lorry (41 - 100 Quintal),Owner,Unknown, Church areas,Two-way (divided with broken lines road marking),Tangent road with flat terrain,,Asphalt roads,Wet or damp,Daylight,Raining,Pedestrian Collision,2,2,Moving forward,Male,Over 51,3,Self-employed,Normal,Not a Pedestrian,Driving under the influence of drugs,Slight Injury
10:00:00,Wednesday,31-50,Male,Elementary school,Employee,5-10yr,Pick up upto 10 Quintal,Owner,Above 10yr,Other,Undivided Two way,Tangent road with flat terrain,,Earth roads,Dry,Daylight,Normal,Self-accident,2,2,Moving forward,na,na,na,Self-employed,Normal,Not a Pedestrian,No distancing,Slight Injury
10:00:00,Wednesday,31-50,Male,Junior high school,Employee,5-10yr,Public (13 - 45 seats),Governmental,5-10yrs,Other,Undivided Two way,Tangent road with flat terrain,,Asphalt roads,Dry,Daylight,Normal,Vehicle Collision,2,2,Moving forward,na,na,na,,,Not a Pedestrian,Changing lane to the left,Slight Injury
10:00:00,Wednesday,31-50,Male,Junior high school,Employee,1-2yr,Automobile,Owner,5-10yrs,School areas,other,Tangent road with flat terrain,,Asphalt roads,Dry,Darkness - lights lit,Windy,Self-accident,1,1,Moving forward,Male,18-30,3,Employee,Normal,Not a Pedestrian,No priority to vehicle,Slight Injury
20:00:00,Wednesday,18-30,Male,Elementary school,Other,5-10yr,Pick up upto 10 Quintal,Owner,Above 10yr,Residential areas,Undivided Two way,Tangent road with flat terrain,,Asphalt roads,Wet or damp,Darkness - lights lit,Raining,Vehicle Collision,2,1,Moving forward,Male,31-50,2,,,Not a Pedestrian,Moving Backward,Slight Injury
20:00:00,Wednesday,18-30,Male,Junior high school,Employee,2-5yr,Automobile,Owner,1-2yr,Other,Two-way (divided with broken lines road marking),Tangent road with flat terrain,,Asphalt roads,Wet or damp,Darkness - lights lit,Raining,Vehicle Collision,2,1,Moving forward,na,na,na,,,Not a Pedestrian,Moving Backward,Slight Injury
20:00:00,Wednesday,18-30,Male,Elementary school,Employee,5-10yr,Lorry (41 - 100 Quintal),Owner,Above 10yr,Office areas,Undivided Two way,Tangent road with flat terrain,,Other,Dry,Darkness - lights lit,Normal,Vehicle Collision,1,1,Moving forward,Male,18-30,3,,,Not a Pedestrian,No distancing,Fatal injury
11:00:00,Friday,Over 51,Male,Junior high school,Employee,Above 10yr,Automobile,Owner,Above 10yr,Residential areas,Undivided Two way,Tangent road with flat terrain,,Gravel roads,Wet or damp,Daylight,Raining,Self-accident,2,1,Moving forward,Male,18-30,3,Driver,Normal,Not a Pedestrian,Changing lane to the right,Slight Injury
11:00:00,Friday,31-50,Male,Junior high school,Employee,Above 10yr,Lorry (41 - 100 Quintal),Owner,Above 10yr,Other,One way,Steep grade downward with mountainous terrain,,Gravel roads,Wet or damp,Daylight,Raining,Vehicle Collision,2,1,Moving forward,na,na,na,Driver,Normal,Not a Pedestrian,Changing lane to the right,Slight Injury
11:00:00,Friday,31-50,Male,Elementary school,Owner,2-5yr,Lorry (41 - 100 Quintal),Owner,Above 10yr,Residential areas,Two-way (divided with broken lines road marking),Tangent road with flat terrain,,Asphalt roads,Snow,Darkness - lights lit,Other,Stationary Object Collision,2,1,Moving forward,Male,18-30,3,Driver,Normal,Not a Pedestrian,Moving Backward,Slight Injury
16:00:00,Thursday,31-50,Male,Elementary school,Employee,5-10yr,Lorry (41 - 100 Quintal),Owner,5-10yrs,Residential areas,Undivided Two way,Tangent road with flat terrain,,Asphalt roads,Snow,Darkness - lights lit,Other,Vehicle Collision,2,1,Moving forward,na,na,na,Driver,Normal,Not a Pedestrian,Driving carelessly,Slight Injury
16:00:00,Thursday,18-30,Male,Junior high school,Owner,1-2yr,Public (13 - 45 seats),Owner,Unknown,Residential areas,Two-way (divided with broken lines road marking),Tangent road with flat terrain,,Earth roads,Dry,Daylight,Normal,Vehicle Collision,3,1,Moving forward,Male,31-50,3,Driver,Normal,Not a Pedestrian,Driving under the influence of drugs,Slight Injury
13:00:00,Monday,31-50,Male,Elementary school,Employee,Above 10yr,Automobile,Owner,1-2yr,Other,other,Tangent road with flat terrain,,Asphalt roads,Dry,Daylight,Normal,Vehicle Collision,3,1,Moving forward,na,na,na,Self-employed,Normal,Not a Pedestrian,No distancing,Slight Injury
13:00:00,Monday,18-30,Male,Junior high school,Employee,5-10yr,Other,Owner,5-10yrs,Other,Undivided Two way,Tangent road with flat terrain,,Asphalt roads,Dry,Daylight,Normal,Pedestrian Collision,3,1,Moving backward,Male,31-50,3,Self-employed,Normal,Not a Pedestrian,No distancing,Slight Injury
19:00:00,Friday,31-50,Male,Junior high school,Employee,2-5yr,Other,Owner,5-10yrs,Other,One way,Tangent road with flat terrain,,Asphalt roads,Dry,Darkness - lights lit,Normal,Vehicle Collision,2,1,Moving forward,Female,Under 18,3,Self-employed,Normal,Not a Pedestrian,No priority to vehicle,Slight Injury
19:00:00,Friday,31-50,Male,Elementary school,Employee,Above 10yr,Other,Owner,1-2yr, Hospital areas,Undivided Two way,Tangent road with flat terrain,,Asphalt roads,Dry,Darkness - lights lit,Normal,Vehicle Collision,2,1,Moving forward,Female,31-50,3,Self-employed,Normal,Not a Pedestrian,Driving to the left,Slight Injury
23:00:00,Saturday,Under 18,Male,Junior high school,Employee,2-5yr,Automobile,Owner,2-5yrs,Residential areas,Undivided Two way,Tangent road with flat terrain,,Earth roads,Dry,Daylight,Normal,Vehicle Collision,2,1,Moving forward,na,na,na,,,Not a Pedestrian,No priority to vehicle,Slight Injury
23:00:00,Saturday,Under 18,Male,Elementary school,Employee,Above 10yr,Other,Owner,5-10yrs,Residential areas,One way,Tangent road with flat terrain,,Asphalt roads,Dry,Daylight,Normal,Self-accident,2,1,Moving forward,Male,31-50,3,Self-employed,Normal,Not a Pedestrian,No priority to vehicle,Slight Injury
23:00:00,Saturday,Under 18,Male,Junior high school,Employee,Above 10yr,Lorry (41 - 100 Quintal),Owner,5-10yrs,Residential areas,Undivided Two way,Tangent road with flat terrain,,Asphalt roads,Dry,Daylight,Normal,Stationary Object Collision,1,1,Turning,na,na,na,Self-employed,Normal,Not a Pedestrian,No priority to vehicle,Serious Injury
09:00:00,Wednesday,18-30,Male,Junior high school,Employee,2-5yr,Public (12 seats),Owner,1-2yr,Other,Two-way (divided with broken lines road marking),Tangent road with flat terrain,,Asphalt roads,Wet or damp,Daylight,Normal,Vehicle Collision,2,1,Moving forward,Male,Under 18,3,Self-employed,Normal,Not a Pedestrian,No distancing,Slight Injury
15:00:00,Thursday,31-50,Male,Junior high school,Employee,Above 10yr,Lorry (41 - 100 Quintal),Owner,1-2yr,Office areas,Two-way (divided with broken lines road marking),Tangent road with flat terrain,,Asphalt roads,Wet or damp,Daylight,Normal,Vehicle Collision,2,1,Moving forward,na,na,na,Driver,Normal,Not a Pedestrian,Moving Backward,Slight Injury
15:00:00,Thursday,31-50,Male,Junior high school,Employee,Above 10yr,Public (12 seats),Owner,2-5yrs,Other,other,Tangent road with flat terrain,,Asphalt roads,Dry,Darkness - lights lit,Normal,Stationary Object Collision,1,1,Moving forward,Female,31-50,3,,,Not a Pedestrian,Changing lane to the right,Serious Injury
20:00:00,Saturday,Under 18,Male,Junior high school,Employee,Below 1yr,Lorry (41 - 100 Quintal),Owner,Unknown,Office areas,Double carriageway (median),Tangent road with flat terrain,,Asphalt roads,Wet or damp,Darkness - lights lit,Normal,Vehicle Collision,1,1,Moving forward,Male,31-50,2,Driver,Normal,Not a Pedestrian,Driving carelessly,Slight Injury
21:00:00,Wednesday,31-50,Female,Junior high school,Owner,Above 10yr,Other,Owner,Unknown,Residential areas,Two-way (divided with broken lines road marking),Tangent road with flat terrain,,Asphalt roads,Dry,Daylight,Normal,Vehicle Collision,1,2,Moving forward,na,na,na,Driver,Normal,Not a Pedestrian,Changing lane to the left,Slight Injury
21:00:00,Wednesday,18-30,Male,High school,Other,Above 10yr,Lorry (41 - 100 Quintal),Owner,Unknown,Office areas,Double carriageway (median),Gentle horizontal curve,,Asphalt roads,Dry,Daylight,Normal,Vehicle Collision,1,2,Moving forward,na,na,na,Self-employed,Normal,Not a Pedestrian,No distancing,Slight Injury
21:00:00,Saturday,Under 18,Male,Junior high school,Employee,5-10yr,Automobile,Owner,Unknown,Office areas,Double carriageway (median),Tangent road with flat terrain,,Asphalt roads,Wet or damp,Daylight,Normal,Self-accident,1,1,Moving forward,Male,18-30,3,Driver,Normal,Not a Pedestrian,Changing lane to the right,Serious Injury
21:00:00,Saturday,Under 18,Male,Elementary school,Employee,5-10yr,Public (> 45 seats),Organization,Unknown,Other,Double carriageway (median),Tangent road with flat terrain,,Asphalt roads,Dry,Darkness - lights lit,Unknown,Self-accident,1,2,Moving forward,Male,18-30,3,Driver,Normal,Not a Pedestrian,Driving under the influence of drugs,Serious Injury
05:00:00,Tuesday,Under 18,Male,Junior high school,Employee,5-10yr,Lorry (41 - 100 Quintal),Owner,Unknown,Office areas,Two-way (divided with broken lines road marking),Tangent road with flat terrain,,Earth roads,Dry,Darkness - lights lit,Unknown,Pedestrian Collision,1,2,Moving forward,Male,18-30,2,,,Not a Pedestrian,No distancing,Serious Injury
05:00:00,Tuesday,Under 18,Male,Junior high school,Employee,5-10yr,Other,Owner,Unknown,Office areas,,Tangent road with flat terrain,,Asphalt roads,Dry,Daylight,Normal,Vehicle Collision,1,1,Turning,Female,Under 18,3,Driver,Normal,Not a Pedestrian,Overturning,Slight Injury
05:00:00,Tuesday,18-30,Male,Junior high school,Owner,Below 1yr,Other,Governmental,Unknown,Office areas,One way,Tangent road with flat terrain,,Asphalt roads,Wet or damp,Darkness - lights lit,Normal,Vehicle Collision,2,1,Moving forward,na,na,na,Driver,Normal,Not a Pedestrian,No distancing,Slight Injury
09:00:00,Monday,31-50,Male,Junior high school,Employee,5-10yr,Automobile,Owner,Unknown,Other,Undivided Two way,Tangent road with flat terrain,,Asphalt roads,Wet or damp,Darkness - lights lit,Normal,Vehicle Collision,2,1,Moving backward,na,na,na,Driver,Normal,Not a Pedestrian,Changing lane to the right,Slight Injury
09:00:00,Monday,31-50,Male,Elementary school,Employee,2-5yr,Lorry (41 - 100 Quintal),Owner,Unknown,Residential areas,,Tangent road with flat terrain,,Asphalt roads,Wet or damp,Daylight,Normal,Pedestrian Collision,1,1,Other,Male,31-50,3,Driver,Normal,Not a Pedestrian,No priority to vehicle,Slight Injury
18:00:00,Wednesday,Unknown,Male,Junior high school,Owner,2-5yr,Pick up upto 10 Quintal,Owner,2-5yrs,Residential areas,Two-way (divided with broken lines road marking),Gentle horizontal curve,,Earth roads,Dry,Daylight,Normal,Pedestrian Collision,1,1,Moving forward,Female,18-30,3,Driver,Normal,Unknown or other,Changing lane to the right,Serious Injury
18:00:00,Wednesday,Under 18,Male,Elementary school,Employee,2-5yr,Automobile,Owner,5-10yrs, Church areas,Two-way (divided with broken lines road marking),Tangent road with flat terrain,,Asphalt roads,Dry,Darkness - lights lit,Normal,Vehicle Collision,1,1,Moving forward,na,na,na,Self-employed,Normal,Not a Pedestrian,Changing lane to the left,Serious Injury
16:00:00,Wednesday,Over 51,Male,Junior high school,Owner,2-5yr,Automobile,Owner,5-10yrs,Other,Two-way (divided with broken lines road marking),Tangent road with flat terrain,,Asphalt roads,Dry,Daylight,Normal,Vehicle Collision,3,2,Turning,Male,18-30,3,,,Not a Pedestrian,No distancing,Fatal injury
16:00:00,Wednesday,18-30,Male,Junior high school,Employee,Above 10yr,Other,Owner,Unknown,Residential areas,Two-way (divided with broken lines road marking),Tangent road with flat terrain,,Asphalt roads,Dry,Daylight,Normal,Vehicle Collision,3,2,Other,Male,18-30,3,Self-employed,Normal,Unknown or other,No priority to pedestrian,Fatal injury
13:00:00,Tuesday,31-50,Male,Junior high school,Employee,2-5yr,Automobile,Owner,2-5yrs,Other,Undivided Two way,Tangent road with flat terrain,,Asphalt roads,Dry,Daylight,Normal,Stationary Object Collision,3,2,Moving forward,Male,18-30,3,Driver,Normal,Not a Pedestrian,Driving carelessly,Fatal injury
13:00:00,Tuesday,Over 51,Male,Junior high school,Employee,1-2yr,Stationwagen,Owner,2-5yrs,Residential areas,Undivided Two way,Tangent road with flat terrain,,Asphalt roads,Dry,Daylight,Normal,Vehicle Collision,3,2,Moving forward,Female,18-30,3,,,Not a Pedestrian,No distancing,Fatal injury
20:00:00,Friday,Unknown,Male,Junior high school,Employee,2-5yr,Other,Owner,2-5yrs,Residential areas,Two-way (divided with broken lines road marking),Tangent road with flat terrain,,Asphalt roads,Dry,Daylight,Normal,Stationary Object Collision,1,1,Other,na,na,na,,,Not a Pedestrian,Driving carelessly,Slight Injury
20:00:00,Friday,Under 18,Male,Junior high school,Employee,1-2yr,Automobile,Owner,5-10yrs,Other,Two-way (divided with broken lines road marking),Tangent road with flat terrain,,Asphalt roads,Dry,Daylight,Normal,Vehicle Collision,2,1,Moving forward,Male,Under 18,3,Driver,Normal,Crossing from driver's nearside,Driving carelessly,Serious Injury
19:00:00,Friday,Over 51,Male,Junior high school,Employee,5-10yr,Ridden horse,Owner,Unknown,Other,Two-way (divided with broken lines road marking),Tangent road with flat terrain,,Asphalt roads,Dry,Daylight,Normal,Vehicle Collision,2,1,Turning,Male,18-30,3,Driver,Normal,Not a Pedestrian,Moving Backward,Serious Injury
12:00:00,Saturday,Unknown,Male,Junior high school,Employee,5-10yr,Automobile,Owner,Unknown,Other,Undivided Two way,Tangent road with flat terrain,,Other,Dry,Daylight,Normal,Stationary Object Collision,3,1,Moving forward,na,na,na,Driver,Normal,Not a Pedestrian,Overtaking,Slight Injury
18:00:00,Wednesday,31-50,Male,Elementary school,Owner,2-5yr,Other,Owner,Unknown,Other,Double carriageway (median),Tangent road with flat terrain,,Asphalt roads,Dry,Daylight,Normal,Vehicle Collision,3,1,Turning,Female,18-30,3,Self-employed,Normal,Not a Pedestrian,No priority to vehicle,Slight Injury
18:00:00,Wednesday,31-50,Male,Elementary school,Employee,Below 1yr,Lorry (41 - 100 Quintal),Owner,Unknown,Residential areas,Two-way (divided with broken lines road marking),Tangent road with flat terrain,,Asphalt roads,Dry,Daylight,Normal,Vehicle Collision,3,1,Moving forward,na,na,na,Driver,Normal,Not a Pedestrian,No priority to vehicle,Slight Injury
18:00:00,Wednesday,31-50,Male,Junior high school,Employee,5-10yr,Lorry (41 - 100 Quintal),Owner,2-5yrs,  Recreational areas,Undivided Two way,Tangent road with flat terrain,,Asphalt roads,Dry,Daylight,Normal,Stationary Object Collision,2,1,Moving backward,Male,18-30,3,Self-employed,Normal,Not a Pedestrian,Moving Backward,Slight Injury
18:00:00,Wednesday,18-30,Male,Junior high school,Employee,Above 10yr,Lorry (41 - 100 Quintal),Owner,Unknown,Other,other,Tangent road with flat terrain,,Asphalt roads,Dry,Daylight,Normal,Stationary Object Collision,2,1,Moving forward,Male,18-30,3,Driver,Normal,"Walking along in carriageway, back to traffic",Overtaking,Slight Injury
07:00:00,Wednesday,18-30,Male,High school,Employee,1-2yr,Stationwagen,Owner,Unknown,Office areas,Undivided Two way,Tangent road with flat terrain,,Asphalt roads,Dry,Daylight,Normal,Vehicle Collision,4,1,Moving forward,Female,18-30,3,Driver,Normal,Not a Pedestrian,Changing lane to the left,Slight Injury