Time,Day,Age_band_of_driver,Sex_of_driver,Educational_level,Vehicle_driver_relation,Driving_experience,Type_of_vehicle,Owner_of_vehicle,Service_year_of_vehicle,Area_accident_occured,Lanes_or_Medians,Road_allignment,Types_of_Junction,Road_surface_type,Road_surface_conditions,Light_conditions,Weather_conditions,Type_of_collision,Number_of_vehicles_involved,Number_of_casualties,Vehicle_movement,Sex_of_casualty,Age_band_of_casualty,Casualty_severity,Work_of_casuality,Fitness_of_casuality,Pedestrian_movement,Cause_of_accident,Accident_severity
07:00:00,Thursday,31-50,Male,Junior high school,Owner,2-5yr,Pick up upto 10 Quintal,Owner,1-2yr,Rural village areas,Undivided Two way,Gentle horizontal curve,,Asphalt roads,Wet or damp,Darkness - lights lit,Raining,Vehicle Collision,2,1,Moving forward,Female,Under 18,2,,,Crossing from driver's nearside,Driving carelessly,Slight Injury
08:00:00,Wednesday,31-50,Male,Elementary school,Employee,2-5yr,Lorry (11 - 40 Quintal),Owner,2-5yrs,Rural village areas,Undivided Two way,Gentle horizontal curve,,Asphalt roads,Wet or damp,Darkness - lights lit,Raining,Vehicle Collision,2,1,Other,Male,31-50,3,Driver,Normal,Not a Pedestrian,Driving carelessly,Slight Injury
08:00:00,Wednesday,31-50,Male,Junior high school,Employee,2-5yr,Automobile,Owner,Unknown,Office areas,Double carriageway (median),Tangent road with flat terrain,,Gravel roads,Wet or damp,Darkness - lights unlit,Normal,Vehicle Collision,1,1,Moving forward,na,na,na,,,Not a Pedestrian,Changing lane to the right,Serious Injury
16:00:00,Tuesday,Over 51,Male,Junior high school,Employee,2-5yr,Automobile,Owner,2-5yrs,Residential areas,Undivided Two way,Gentle horizontal curve,,Asphalt roads,Dry,Daylight,Normal,Vehicle Collision,1,1,Moving forward,Male,18-30,3,,,Not a Pedestrian,Driving carelessly,Slight Injury
22:00:00,Friday,18-30,Male,Junior high school,Employee,5-10yr,Pick up upto 10 Quintal,Owner,Unknown,Residential areas,other,Tangent road with flat terrain,,Asphalt roads,Dry,Darkness - lights lit,Normal,Pedestrian Collision,1,1,Moving forward,na,na,na,,,Not a Pedestrian,Changing lane to the left,Slight Injury
22:00:00,Friday,18-30,Male,Junior high school,Employee,5-10yr,Automobile,Owner,Unknown, Outside rural areas,other,Tangent road with flat terrain,,Asphalt roads,Wet or damp,Darkness - lights lit,Raining,Pedestrian Collision,2,1,Moving forward,Male,Over 51,3,Other,Normal,Unknown or other,Driving carelessly,Serious Injury
22:00:00,Friday,18-30,Male,Junior high school,Employee,Above 10yr,Other,Owner,Above 10yr,Residential areas,other,Tangent road with flat terrain,,Asphalt roads,Wet or damp,Darkness - lights lit,Raining,Stationary Object Collision,2,1,Moving forward,Male,18-30,3,Employee,Normal,Not a Pedestrian,Driving carelessly,Serious Injury
22:00:00,Friday,18-30,Male,Elementary school,Employee,5-10yr,Lorry (41 - 100 Quintal),Owner,5-10yrs, Church areas,other,Tangent road with flat terrain,,Asphalt roads,Wet or damp,Darkness - lights lit,Normal,Pedestrian Collision,1,2,Moving backward,na,na,na,Self-employed,Normal,Not a Pedestrian,Driving under the influence of drugs,Serious Injury
03:00:00,Saturday,18-30,Male,Junior high school,Employee,5-10yr,Public (13 - 45 seats),Owner,Unknown,Office areas,Undivided Two way,Tangent road with flat terrain,,Asphalt roads,Wet or damp,Darkness - lights lit,Normal,Vehicle Collision,1,2,Moving backward,Male,Over 51,3,Driver,Normal,Not a Pedestrian,Driving carelessly,Serious Injury
09:00:00,Tuesday,Over 51,Male,Junior high school,Employee,Above 10yr,Pick up upto 10 Quintal,Owner,Unknown,Office areas,Two-way (divided with broken lines road marking),Tangent road with mountainous terrain and,,Asphalt roads,Wet or damp,Darkness - lights lit,Raining,Vehicle Collision,1,4,Moving forward,na,na,na,,,Not a Pedestrian,No distancing,Slight Injury
09:00:00,Tuesday,Unknown,Male,Elementary school,Owner,5-10yr,Stationwagen,Governmental,Unknown,Office areas,Two-way (divided with broken lines road marking),Escarpments,,Asphalt roads,Wet or damp,Darkness - lights lit,Raining,Vehicle Collision,1,4,Moving forward,Male,31-50,2,Other,Normal,Crossing from nearside - masked by parked or statioNot a Pedestrianry vehicle,Driving carelessly,Slight Injury
09:00:00,Tuesday,Unknown,Male,Junior high school,Owner,5-10yr,Other,Owner,2-5yrs,Other,Undivided Two way,Tangent road with mountainous terrain and,,Asphalt roads,Wet or damp,Darkness - lights lit,Raining,Stationary Object Collision,1,4,Moving forward,Male,31-50,3,,,Not a Pedestrian,Driving to the left,Slight Injury
09:00:00,Tuesday,Unknown,Male,Junior high school,Employee,5-10yr,Pick up upto 10 Quintal,Owner,2-5yrs,Other,Undivided Two way,Tangent road with flat terrain,,Asphalt roads,Wet or damp,Darkness - lights lit,Raining,Stationary Object Collision,1,4,Moving forward,na,na,na,Driver,Normal,Not a Pedestrian,Overtaking,Slight Injury
09:00:00,Tuesday,Unknown,Male,Junior high school,Employee,Below 1yr,Public (13 - 45 seats),Owner,Unknown,Residential areas,Two-way (divided with broken lines road marking),Tangent road with flat terrain,,Asphalt roads,Dry,Daylight,Normal,Vehicle Collision,1,1,Moving forward,na,na,na,Driver,Normal,Not a Pedestrian,No distancing,Slight Injury
09:00:00,Tuesday,Unknown,Male,Junior high school,Employee,5-10yr,Public (12 seats),Owner,Unknown,Other,Two-way (divided with broken lines road marking),Tangent road with flat terrain,,Asphalt roads,Wet or damp,Daylight,Raining,Vehicle Collision,1,1,Moving forward,Male,31-50,3,Driver,Normal,Not a Pedestrian,Driving carelessly,Slight Injury
07:00:00,Thursday,Under 18,Male,Junior high school,Employee,5-10yr,Lorry (41 - 100 Quintal),Owner,Below 1yr,Other,Undivided Two way,Tangent road with mild grade and flat terrain,,Asphalt roads,Dry,Darkness - lights lit,Normal,Vehicle Collision,2,2,Moving forward,Male,18-30,3,Driver,Normal,Not a Pedestrian,Moving Backward,Slight Injury
07:00:00,Thursday,18-30,Male,Junior high school,Employee,5-10yr,Pick up upto 10 Quintal,Owner,5-10yrs,Other,Two-way (divided with broken lines road marking),Tangent road with flat terrain,,Asphalt roads,Dry,Darkness - lights lit,Normal,Vehicle Collision,2,2,Moving forward,Male,18-30,3,Driver,Normal,Not a Pedestrian,Overtaking,Slight Injury
20:00:00,Tuesday,18-30,Male,Junior high school,Employee,Above 10yr,Lorry (41 - 100 Quintal),Governmental,5-10yrs,Other,Undivided Two way,Tangent road with flat terrain,,Asphalt roads,Dry,Darkness - lights lit,Normal,Vehicle Collision,2,2,Moving forward,na,na,na,Driver,Normal,Not a Pedestrian,Changing lane to the left,Slight Injury
20:00:00,Tuesday,18-30,Male,High school,Employee,Above 10yr,Pick up upto 10 Quintal,Owner,2-5yrs,Other,Double carriageway (median),Tangent road with mild grade and flat terrain,,Asphalt roads,Wet or damp,Darkness - lights lit,Raining and Windy,Vehicle Collision,2,1,Moving forward,Male,18-30,3,Driver,Normal,Not a Pedestrian,Changing lane to the right,Slight Injury
17:00:00,Tuesday,18-30,Male,Junior high school,Employee,Above 10yr,Long lorry,Owner,Unknown,Other,Two-way (divided with broken lines road marking),Tangent road with flat terrain,,Asphalt roads,Wet or damp,Darkness - lights lit,Raining and Windy,Vehicle Collision,2,1,Moving forward,Male,31-50,3,Driver,Normal,Not a Pedestrian,Overtaking,Slight Injury
17:00:00,Tuesday,31-50,Male,Junior high school,Employee,Above 10yr,Automobile,Owner,2-5yrs, Church areas,Two-way (divided with broken lines road marking),Tangent road with flat terrain,,Asphalt roads,Dry,Daylight,Cloudy,Vehicle Collision,2,2,Moving forward,na,na,na,Self-employed,Normal,Not a Pedestrian,Overloading,Slight Injury
17:00:00,Tuesday,31-50,Male,Junior high school,Employee,Above 10yr,Other,Owner,5-10yrs,Other,Undivided Two way,Tangent road with flat terrain,,Asphalt roads,Dry,Daylight,Cloudy,Vehicle Collision,2,2,Other,Male,Over 51,3,Other,Normal,Not a Pedestrian,Other,Slight Injury
15:00:00,Saturday,Unknown,Male,Junior high school,Employee,Above 10yr,Automobile,Organization,2-5yrs, Industrial areas,Two-way (divided with broken lines road marking),Tangent road with flat terrain,,Asphalt roads,Dry,Daylight,Cloudy,Stationary Object Collision,2,2,Moving forward,na,na,na,Driver,Normal,Not a Pedestrian,No priority to vehicle,Slight Injury
15:00:00,Saturday,18-30,Male,Junior high school,Employee,5-10yr,Public (13 - 45 seats),Owner,Unknown,Residential areas,Double carriageway (median),Tangent road with flat terrain,,Earth roads,Wet or damp,Darkness - lights lit,Raining,Stationary Object Collision,2,1,Moving backward,Male,Over 51,3,Driver,Normal,Unknown or other,Changing lane to the right,Slight Injury
09:00:00,Saturday,18-30,Male,Junior high school,Employee,2-5yr,Special vehicle,Governmental,Above 10yr,Other,Two-way (divided with broken lines road marking),Tangent road with flat terrain,,Asphalt roads,Wet or damp,Darkness - lights lit,Raining,Pedestrian Collision,2,1,Other,Male,31-50,3,Self-employed,Normal,Not a Pedestrian,Moving Backward,Slight Injury
09:00:00,Saturday,Over 51,Male,Junior high school,Employee,Below 1yr,Lorry (41 - 100 Quintal),Owner,Unknown,Office areas,Two-way (divided with broken lines road marking),Tangent road with flat terrain,,Asphalt roads,Dry,Darkness - lights lit,Normal,Vehicle Collision,2,2,Moving forward,Male,18-30,3,Driver,Normal,Not a Pedestrian,Changing lane to the left,Slight Injury
09:00:00,Saturday,31-50,Male,Junior high school,Employee,Below 1yr,Lorry (41 - 100 Quintal),Owner,Unknown, Industrial areas,Unknown,Tangent road with flat terrain,,Asphalt roads,Dry,Darkness - lights lit,Normal,Vehicle Collision,2,2,Moving forward,Male,18-30,3,Driver,Normal,Not a Pedestrian,No priority to pedestrian,Slight Injury
11:00:00,Monday,18-30,Male,Junior high school,Employee,2-5yr,Public (> 45 seats),Owner,1-2yr, Industrial areas,Double carriageway (median),Tangent road with flat terrain,,Asphalt roads,Wet or damp,Darkness - lights unlit,Normal,Vehicle Collision,2,3,Moving forward,Female,18-30,3,Driver,Normal,Not a Pedestrian,No distancing,Slight Injury
11:00:00,Monday,Over 51,Male,Elementary school,Employee,Below 1yr,Automobile,Owner,Unknown,Other,Two-way (divided with broken lines road marking),Tangent road with flat terrain,,Asphalt roads,Wet or damp,Darkness - lights unlit,Normal,Vehicle Collision,2,3,Moving forward,na,na,na,Other,Normal,Not a Pedestrian,No priority to vehicle,Slight Injury
13:00:00,Friday,Unknown,Male,Junior high school,Employee,Below 1yr,Automobile,Organization,Above 10yr, Hospital areas,Two-way (divided with broken lines road marking),Tangent road with flat terrain,,Asphalt roads,Wet or damp,Darkness - lights unlit,Normal,Vehicle Collision,2,3,Moving forward,Female,Over 51,3,,Normal,Not a Pedestrian,No distancing,Slight Injury
13:00:00,Friday,18-30,Male,Junior high school,Employee,5-10yr,Automobile,Owner,Unknown,Office areas,One way,Tangent road with flat terrain,,Asphalt roads,Wet or damp,Darkness - lights lit,Normal,Vehicle Collision,2,1,Moving forward,na,na,na,Driver,Normal,Not a Pedestrian,No distancing,Slight Injury
15:00:00,Thursday,18-30,Male,Junior high school,Employee,5-10yr,Public (> 45 seats),Owner,2-5yrs, Church areas,Undivided Two way,Tangent road with flat terrain,,Gravel roads,Wet or damp,Darkness - lights lit,Normal,Vehicle Collision,2,1,Moving forward,Female,31-50,2,Driver,Normal,Not a Pedestrian,Moving Backward,Slight Injury
15:00:00,Thursday,18-30,Male,Writing & reading,Employee,Below 1yr,Lorry (11 - 40 Quintal),Organization,5-10yrs, Hospital areas,Undivided Two way,Tangent road with mountainous terrain and,,Asphalt roads,Wet or damp,Darkness - lights lit,Raining,Vehicle Collision,2,1,Moving forward,Male,31-50,3,Driver,Normal,Not a Pedestrian,Changing lane to the right,Slight Injury
15:00:00,Thursday,31-50,Male,Junior high school,Employee,Below 1yr,Pick up upto 10 Quintal,Owner,Above 10yr,Office areas,other,Tangent road with flat terrain,,Asphalt roads,Wet or damp,Darkness - lights lit,Raining,Vehicle Collision,2,1,Moving forward,na,na,na,Driver,Normal,Not a Pedestrian,No priority to pedestrian,Slight Injury
10:00:00,Thursday,31-50,Male,Junior high school,Employee,1-2yr,Lorry (11 - 40 Quintal),Owner,2-5yrs,Other,Two-way (divided with broken lines road marking),Escarpments,,Asphalt roads,Dry,Darkness - lights lit,Normal,Pedestrian Collision,2,1,Other,Male,31-50,3,Driver,Normal,Not a Pedestrian,Moving Backward,Slight Injury
10:00:00,Thursday,31-50,Male,Elementary school,Employee,Above 10yr,Pick up upto 10 Quintal,Owner,1-2yr,Office areas,Undivided Two way,Tangent road with flat terrain,,Other,Dry,Darkness - lights lit,Normal,Pedestrian Collision,2,1,Moving backward,Male,Under 18,3,,,Not a Pedestrian,Getting off the vehicle improperly,Slight Injury
15:00:00,Thursday,18-30,Male,Elementary school,Employee,Above 10yr,Special vehicle,Owner,2-5yrs,Office areas,Two-way (divided with broken lines road marking),Tangent road with mountainous terrain and,,Asphalt roads,Dry,Daylight,Normal,Vehicle Collision,2,2,Other,na,na,na,Driver,Normal,Not a Pedestrian,Overtaking,Slight Injury
15:00:00,Thursday,18-30,Male,Elementary school,Employee,Below 1yr,Lorry (11 - 40 Quintal),Owner,Unknown,Other,Double carriageway (median),Steep grade downward with mountainous terrain,,Asphalt roads,Dry,Daylight,Normal,Vehicle Collision,2,2,Other,na,na,na,Driver,Normal,Not a Pedestrian,Overloading,Slight Injury
18:00:00,Thursday,18-30,Male,High school,Employee,2-5yr,Automobile,Owner,1-2yr,Office areas,Undivided Two way,Tangent road with mild grade and flat terrain,,Asphalt roads,Dry,Daylight,Normal,Vehicle Collision,2,2,Moving backward,Male,18-30,2,Driver,Normal,Not a Pedestrian,Changing lane to the right,Slight Injury
03:00:00,Monday,18-30,Male,Junior high school,Employee,2-5yr,Automobile,Owner,Unknown,Residential areas,Undivided Two way,Tangent road with flat terrain,,Asphalt roads,Wet or damp,Darkness - lights lit,Normal,Vehicle Collision,2,1,Moving forward,Male,18-30,3,Driver,Normal,Not a Pedestrian,Improper parking,Slight Injury
03:00:00,Monday,18-30,Male,Above high school,Employee,Above 10yr,Lorry (41 - 100 Quintal),Owner,Unknown,Other,Two-way (divided with broken lines road marking),Tangent road with flat terrain,,Asphalt roads,Wet or damp,Darkness - lights lit,Normal,Vehicle Collision,2,1,Moving forward,na,na,na,Self-employed,Normal,Not a Pedestrian,Other,Slight Injury
03:00:00,Monday,18-30,Male,Junior high school,Employee,2-5yr,Other,Owner,2-5yrs,Office areas,Double carriageway (median),Tangent road with flat terrain,,Asphalt roads,Wet or damp,Darkness - lights lit,Raining,Vehicle Collision,2,1,Moving forward,Female,31-50,3,,,Not a Pedestrian,Changing lane to the left,Slight Injury
17:00:00,Sunday,31-50,Male,Junior high school,Employee,2-5yr,Other,Owner,5-10yrs,Office areas,Undivided Two way,Tangent road with mountainous terrain and,,Asphalt roads,Wet or damp,Darkness - lights lit,Raining,Vehicle Collision,2,1,Moving forward,Male,31-50,3,Driver,Normal,Not a Pedestrian,Changing lane to the right,Slight Injury
17:00:00,Sunday,18-30,Male,High school,Employee,1-2yr,Automobile,Owner,Unknown,Office areas,other,Tangent road with flat terrain,,Asphalt roads,Wet or damp,Daylight,Normal,Vehicle Collision,2,1,Turning,Female,Under 18,3,Self-employed,Normal,Not a Pedestrian,No priority to pedestrian,Slight Injury
17:00:00,Sunday,18-30,Male,Junior high school,Employee,5-10yr,Other,Owner,5-10yrs,Other,Two-way (divided with broken lines road marking),Tangent road with mild grade and flat terrain,,Asphalt roads,Wet or damp,Daylight,Normal,Vehicle Collision,2,1,Moving forward,Female,Under 18,3,Driver,Normal,Not a Pedestrian,Overspeed,Slight Injury
17:00:00,Sunday,18-30,Male,Junior high school,Employee,Below 1yr,Automobile,Owner,Unknown, Church areas,Undivided Two way,Tangent road with flat terrain,,Asphalt roads,Wet or damp,Daylight,Other,Vehicle Collision,1,1,Moving forward,Male,31-50,3,Employee,Normal,Not a Pedestrian,Changing lane to the left,Slight Injury
19:00:00,Friday,31-50,Male,Junior high school,Employee,Below 1yr,Public (13 - 45 seats),Owner,Unknown, Industrial areas,Undivided Two way,Tangent road with flat terrain,,Asphalt roads,Wet or damp,Daylight,Raining,Vehicle Collision,2,3,Moving forward,Female,31-50,3,Driver,Normal,Not a Pedestrian,No priority to vehicle,Slight Injury
10:00:00,Thursday,31-50,Male,Elementary school,Employee,5-10yr,Lorry (41 - 100 Quintal),Owner,1-2yr,Office areas,Double carriageway (median),Tangent road with flat terrain,,Asphalt roads,Wet or damp,Daylight,Raining,Vehicle Collision,2,3,Moving forward,Female,18-30,3,Self-employed,Normal,Not a Pedestrian,Changing lane to the right,Slight Injury
10:00:00,Thursday,Over 51,Male,Junior high school,Employee,Below 1yr,Automobile,Owner,Unknown, Church areas,Undivided Two way,Tangent road with flat terrain,,Asphalt roads,Wet or damp,Daylight,Raining,Vehicle Collision,2,3,Moving forward,Male,Under 18,3,,,Not a Pedestrian,No distancing,Slight Injury
09:00:00,Friday,Under 18,Male,Junior high school,Employee,1-2yr,Automobile,Owner,Unknown,Office areas,Undivided Two way,Tangent road with flat terrain,,Asphalt roads,Dry,Daylight,Normal,Vehicle Collision,2,1,Moving backward,na,na,na,Driver,Normal,Not a Pedestrian,No priority to pedestrian,Slight Injury
09:00:00,Friday,18-30,Male,Elementary school,Employee,2-5yr,Automobile,Owner,Unknown,Office areas,other,Tangent road with flat terrain,,Gravel roads,Dry,Daylight,Normal,Vehicle Collision,2,1,Moving forward,na,na,na,Driver,Normal,Not a Pedestrian,No distancing,Slight Injury
16:00:00,Monday,18-30,Male,High school,Employee,1-2yr,Lorry (41 - 100 Quintal),Owner,Unknown,Residential areas,Two-way (divided with broken lines road marking),Tangent road with flat terrain,,Asphalt roads,Wet or damp,Darkness - lights unlit,Raining,Vehicle Collision,2,1,Moving forward,Female,18-30,3,Driver,Normal,Not a Pedestrian,No priority to vehicle,Slight Injury
16:00:00,Monday,18-30,Male,Junior high school,Employee,5-10yr,Automobile,Owner,5-10yrs,Office areas,Two-way (divided with broken lines road marking),Tangent road with flat terrain,,Asphalt roads,Wet or damp,Darkness - lights unlit,Raining,Vehicle Collision,2,1,Turning,na,na,na,,Normal,Not a Pedestrian,Other,Slight Injury
19:00:00,Thursday,18-30,Male,Junior high school,Employee,Below 1yr,Lorry (41 - 100 Quintal),Owner,5-10yrs,Residential areas,Undivided Two way,Tangent road with flat terrain,,Asphalt roads,Wet or damp,Daylight,Normal,Vehicle Collision,2,1,Moving forward,Male,18-30,3,,,Not a Pedestrian,Driving carelessly,Serious Injury
16:00:00,Wednesday,18-30,Male,High school,Employee,Above 10yr,Taxi,Owner,2-5yrs,Office areas,Double carriageway (median),Tangent road with flat terrain,,Other,Wet or damp,Daylight,Normal,Vehicle Collision,2,1,Moving forward,Male,31-50,2,Driver,Normal,Not a Pedestrian,Changing lane to the left,Serious Injury
12:00:00,Wednesday,31-50,Female,Elementary school,Owner,5-10yr,Lorry (41 - 100 Quintal),Owner,2-5yrs,Office areas,Double carriageway (median),Tangent road with flat terrain,,Asphalt roads,Dry,Daylight,Normal,Vehicle Collision,2,1,Moving forward,na,na,na,,Normal,Not a Pedestrian,Driving carelessly,Slight Injury
19:00:00,Friday,31-50,Male,Elementary school,Employee,Below 1yr,Lorry (41 - 100 Quintal),Owner,Unknown,Other,Two-way (divided with broken lines road marking),Tangent road with flat terrain,,Other,Dry,Daylight,Normal,Vehicle Collision,2,1,Moving forward,Male,Over 51,3,,Normal,Not a Pedestrian,Changing lane to the left,Slight Injury
19:00:00,Friday,18-30,Male,Junior high school,Employee,5-10yr,Other,Owner,Unknown,Other,Two-way (divided with broken lines road marking),Tangent road with flat terrain,,Asphalt roads,Wet or damp,Daylight,Normal,Stationary Object Collision,2,1,Moving forward,na,na,na,Self-employed,Normal,Not a Pedestrian,No priority to vehicle,Slight Injury
17:00:00,Saturday,18-30,Female,Elementary school,Owner,5-10yr,Stationwagen,Owner,Above 10yr,Residential areas,Two-way (divided with broken lines road marking),Tangent road with flat terrain,,Asphalt roads,Wet or damp,Daylight,Normal,Stationary Object Collision,2,1,Moving forward,Male,18-30,3,Self-employed,Normal,Not a Pedestrian,No distancing,Slight Injury
17:00:00,Saturday,Over 51,Male,Junior high school,Employee,2-5yr,Stationwagen,Owner,Unknown, Church areas,Two-way (divided with broken lines road marking),Tangent road with flat terrain,,Asphalt roads,Wet or damp,Darkness - lights lit,Normal,Vehicle Collision,2,1,Moving backward,na,na,na,,Normal,Not a Pedestrian,Changing lane to the right,Slight Injury
17:00:00,Saturday,Over 51,Male,Junior high school,Employee,Above 10yr,Lorry (41 - 100 Quintal),Governmental,Unknown, Church areas,Double carriageway (median),Tangent road with flat terrain,,Asphalt roads,Wet or damp,Darkness - lights lit,Normal,Vehicle Collision,2,1,Moving forward,Female,31-50,3,Driver,Normal,Not a Pedestrian,Changing lane to the right,Slight Injury
18:00:00,Tuesday,18-30,Male,Junior high school,Employee,5-10yr,Lorry (41 - 100 Quintal),Owner,2-5yrs,Residential areas,Double carriageway (median),Tangent road with flat terrain,,Asphalt roads,Wet or damp,Darkness - lights lit,Windy,Vehicle Collision,2,1,Moving forward,na,na,na,Other,Normal,Not a Pedestrian,Driving at high speed,Slight Injury
18:00:00,Tuesday,18-30,Male,High school,Employee,1-2yr,Other,Owner,Unknown,Office areas,Two-way (divided with broken lines road marking),Tangent road with mild grade and flat terrain,,Asphalt roads,Wet or damp,Darkness - lights lit,Windy,Vehicle Collision,2,1,Moving forward,na,na,na,Employee,Normal,Not a Pedestrian,No distancing,Slight Injury
15:00:00,Thursday,31-50,Male,High school,Employee,5-10yr,Automobile,Owner,Unknown,  Recreational areas,Undivided Two way,Tangent road with flat terrain,No junction,Asphalt roads,Wet or damp,Darkness - lights lit,Raining,Stationary Object Collision,2,1,Moving forward,Male,Under 18,3,Driver,Normal,Not a Pedestrian,Changing lane to the right,Slight Injury
14:00:00,Sunday,Under 18,Female,High school,Owner,2-5yr,Automobile,Owner,Unknown, Church areas,Undivided Two way,Tangent road with flat terrain,Crossing,Asphalt roads,Wet or damp,Darkness - lights lit,Raining,Vehicle Collision,2,1,Moving backward,Female,5,3,Driver,Normal,Not a Pedestrian,Changing lane to the left,Slight Injury
17:00:00,Friday,31-50,Male,Junior high school,Employee,5-10yr,Taxi,Other,1-2yr,  Recreational areas,other,Tangent road with flat terrain,Crossing,Asphalt roads,Wet or damp,Daylight,Raining,Stationary Object Collision,2,2,Moving forward,na,na,na,Employee,Normal,Not a Pedestrian,Getting off the vehicle improperly,Slight Injury
17:00:00,Friday,31-50,Male,Elementary school,Employee,2-5yr,Lorry (41 - 100 Quintal),Owner,5-10yrs,School areas,other,Tangent road with flat terrain,No junction,Asphalt roads,Wet or damp,Daylight,Raining,Stationary Object Collision,2,2,Other,Female,18-30,3,Driver,Normal,Not a Pedestrian,Other,Slight Injury
17:00:00,Friday,31-50,Male,Elementary school,Employee,5-10yr,Other,Owner,Unknown, Church areas,Double carriageway (median),Tangent road with flat terrain,No junction,Asphalt roads,Wet or damp,Daylight,Normal,Pedestrian Collision,1,1,Other,na,na,na,Driver,Normal,Not a Pedestrian,Other,Serious Injury
17:00:00,Sunday,Over 51,Male,Junior high school,Employee,1-2yr,Automobile,Owner,5-10yrs,Office areas,,Tangent road with flat terrain,No junction,Asphalt roads,Wet or damp,Darkness - lights lit,Raining,Vehicle Collision,2,3,Moving forward,na,na,na,Driver,Normal,Not a Pedestrian,No distancing,Serious Injury
17:00:00,Sunday,Under 18,Male,Junior high school,Employee,5-10yr,Public (> 45 seats),Owner,2-5yrs,Residential areas,One way,Steep grade downward with mountainous terrain,Y Shape,Asphalt roads,Wet or damp,Darkness - lights lit,Raining,Stationary Object Collision,2,3,Moving forward,Male,31-50,3,Driver,Normal,Not a Pedestrian,No priority to vehicle,Serious Injury
16:00:00,Monday,18-30,Male,Junior high school,Employee,5-10yr,Stationwagen,Owner,Unknown,Other,One way,Tangent road with flat terrain,Y Shape,Asphalt roads,Wet or damp,Darkness - lights lit,Raining,Vehicle Collision,2,3,Moving forward,Female,18-30,2,,Normal,Crossing from driver's nearside,Overtaking,Serious Injury
16:00:00,Monday,31-50,Male,Elementary school,Employee,Above 10yr,Automobile,Owner,Unknown,Other,Undivided Two way,Tangent road with flat terrain,Y Shape,Asphalt roads,Wet or damp,Darkness - lights lit,Raining,Vehicle Collision,2,3,Moving forward,na,na,na,,Normal,Not a Pedestrian,No priority to pedestrian,Serious Injury
16:00:00,Monday,18-30,Male,Elementary school,Employee,Below 1yr,Lorry (41 - 100 Quintal),Governmental,1-2yr, Industrial areas,One way,Tangent road with flat terrain,Crossing,Asphalt roads,Wet or damp,Darkness - lights lit,Windy,Vehicle Collision,1,1,Other,Male,18-30,3,,Normal,Not a Pedestrian,No distancing,Slight Injury
09:00:00,Thursday,18-30,Male,Junior high school,Employee,2-5yr,Other,Governmental,1-2yr, Church areas,other,Steep grade downward with mountainous terrain,Y Shape,Asphalt roads,Dry,Daylight,Normal,Vehicle Collision,6,1,Moving forward,Female,31-50,3,,Normal,Not a Pedestrian,Changing lane to the right,Slight Injury
09:00:00,Thursday,18-30,Male,Elementary school,Owner,1-2yr,Public (13 - 45 seats),Organization,1-2yr,Office areas,other,Tangent road with flat terrain,Y Shape,Asphalt roads,Dry,Daylight,Normal,Vehicle Collision,6,1,Exiting,Female,Over 51,3,,Normal,Not a Pedestrian,Driving carelessly,Slight Injury
08:00:00,Saturday,18-30,Male,Junior high school,Owner,5-10yr,Other,Owner,Unknown,Office areas,Undivided Two way,Tangent road with flat terrain,Y Shape,Asphalt roads,Dry,Daylight,Normal,Vehicle Collision,6,1,Moving forward,na,na,na,,Normal,Not a Pedestrian,Changing lane to the right,Slight Injury
10:00:00,Friday,31-50,Male,Junior high school,Employee,2-5yr,Other,Owner,Unknown,Office areas,Double carriageway (median),Tangent road with flat terrain,No junction,Asphalt roads,Dry,Daylight,Normal,Stationary Object Collision,6,1,Moving forward,na,na,na,,,Not a Pedestrian,Overtaking,Slight Injury
16:00:00,Wednesday,18-30,Male,Junior high school,Employee,2-5yr,Ridden horse,Owner,2-5yrs,Other,Two-way (divided with broken lines road marking),Tangent road with flat terrain,No junction,Asphalt roads,Dry,Daylight,Normal,Vehicle Collision,6,1,Moving forward,na,na,na,Self-employed,,Not a Pedestrian,Other,Slight Injury
17:00:00,Thursday,18-30,Male,High school,Employee,2-5yr,Lorry (41 - 100 Quintal),Owner,Unknown,Office areas,Undivided Two way,Tangent road with flat terrain,No junction,Asphalt roads,Dry,Daylight,Normal,Stationary Object Collision,6,1,Moving forward,Male,31-50,3,Self-employed,Normal,Not a Pedestrian,Driving to the left,Slight Injury
17:00:00,Thursday,31-50,Male,Junior high school,Employee,Above 10yr,Lorry (41 - 100 Quintal),Owner,Unknown,Other,Double carriageway (median),Tangent road with flat terrain,No junction,Gravel roads,Wet or damp,Daylight,Raining,Vehicle Collision,2,2,Moving forward,Male,31-50,3,,Normal,Not a Pedestrian,Driving at high speed,Slight Injury
17:00:00,Thursday,31-50,Male,Junior high school,Employee,2-5yr,Pick up upto 10 Quintal,Owner,Above 10yr, Industrial areas,Two-way (divided with broken lines road marking),Tangent road with flat terrain,No junction,Asphalt roads,Wet or damp,Daylight,Raining,Vehicle Collision,2,2,Moving forward,na,na,na,,,Not a Pedestrian,Unknown,Slight Injury
17:00:00,Thursday,31-50,Male,Junior high school,Employee,1-2yr,Lorry (11 - 40 Quintal),Owner,Unknown,Residential areas,other,Tangent road with flat terrain,Y Shape,Asphalt roads,Wet or damp,Darkness - lights unlit,Raining,Vehicle Collision,2,1,Moving backward,Male,31-50,3,Driver,Normal,Not a Pedestrian,Changing lane to the right,Slight Injury