Time,Day,Age_band_of_driver,Sex_of_driver,Educational_level,Vehicle_driver_relation,Driving_experience,Type_of_vehicle,Owner_of_vehicle,Service_year_of_vehicle,Area_accident_occured,Lanes_or_Medians,Road_allignment,Types_of_Junction,Road_surface_type,Road_surface_conditions,Light_conditions,Weather_conditions,Type_of_collision,Number_of_vehicles_involved,Number_of_casualties,Vehicle_movement,Sex_of_casualty,Age_band_of_casualty,Casualty_severity,Work_of_casuality,Fitness_of_casuality,Pedestrian_movement,Cause_of_accident,Accident_severity
05:00:00,Tuesday,Under 18,Male,High school,Employee,1-2yr,Public (12 seats),Owner,Above 10yr,Residential areas,Two-way (divided with broken lines road marking),Tangent road with flat terrain,Crossing,Asphalt roads,Dry,Daylight,Normal,Vehicle Collision,2,1,Moving backward,na,na,na,Self-employed,Normal,Not a Pedestrian,Driving under the influence of drugs,Slight Injury
05:00:00,Tuesday,18-30,Male,Elementary school,Employee,5-10yr,Other,Owner,5-10yrs,Residential areas,Undivided Two way,Tangent road with flat terrain,Crossing,Asphalt roads,Dry,Daylight,Normal,Vehicle Collision,2,1,Moving backward,Male,18-30,2,Self-employed,Normal,Not a Pedestrian,No priority to pedestrian,Slight Injury
09:00:00,Monday,31-50,Male,Elementary school,Employee,2-5yr,Other,Owner,Unknown,Residential areas,Two-way (divided with broken lines road marking),Tangent road with flat terrain,Crossing,Asphalt roads,Dry,Daylight,Normal,Vehicle Collision,2,1,Moving forward,na,na,na,Driver,Normal,Not a Pedestrian,No priority to vehicle,Slight Injury
09:00:00,Monday,31-50,Male,Junior high school,Employee,Below 1yr,Other,Owner,1-2yr,Other,other,Tangent road with flat terrain,Y Shape,Asphalt roads,Dry,Daylight,Normal,Vehicle Collision,2,1,Moving forward,Female,Over 51,3,Other,Normal,Not a Pedestrian,Driving carelessly,Slight Injury
18:00:00,Wednesday,Unknown,Male,Junior high school,Employee,Below 1yr,Public (12 seats),Owner,5-10yrs,Other,Undivided Two way,Tangent road with flat terrain,No junction,Asphalt roads,Dry,Daylight,Normal,Vehicle Collision,2,1,Moving forward,Male,5,2,,,Not a Pedestrian,Moving Backward,Slight Injury
18:00:00,Wednesday,Under 18,Male,Junior high school,Employee,5-10yr,Lorry (41 - 100 Quintal),Owner,5-10yrs,Other,One way,Tangent road with flat terrain,Y Shape,Asphalt roads,Dry,Daylight,Normal,Vehicle Collision,2,1,Moving forward,na,na,na,Self-employed,Normal,Not a Pedestrian,Driving carelessly,Slight Injury
16:00:00,Wednesday,Over 51,Male,Junior high school,Owner,5-10yr,Other,Owner,1-2yr, Hospital areas,Undivided Two way,Tangent road with flat terrain,Y Shape,Earth roads,Wet or damp,Daylight,Raining,Vehicle Collision,1,1,Moving forward,Male,18-30,3,Other,Normal,Not a Pedestrian,No priority to vehicle,Slight Injury
16:00:00,Wednesday,18-30,Male,Elementary school,Employee,1-2yr,Public (12 seats),Owner,2-5yrs,Residential areas,Undivided Two way,Tangent road with flat terrain,Y Shape,Asphalt roads,Dry,Daylight,Normal,Vehicle Collision,3,1,Moving forward,na,na,na,,,Not a Pedestrian,Changing lane to the right,Slight Injury
13:00:00,Tuesday,31-50,Male,Junior high school,Employee,5-10yr,Other,Owner,5-10yrs,Residential areas,One way,Tangent road with flat terrain,Crossing,Asphalt roads,Dry,Daylight,Normal,Pedestrian Collision,3,1,Moving forward,Male,18-30,3,,,Not a Pedestrian,Changing lane to the left,Slight Injury
13:00:00,Tuesday,Over 51,Male,Elementary school,Employee,Above 10yr,Lorry (11 - 40 Quintal),Owner,5-10yrs,Residential areas,Undivided Two way,Tangent road with flat terrain,Crossing,Asphalt roads,Dry,Daylight,Normal,Stationary Object Collision,3,1,Moving forward,na,na,na,Driver,Normal,Not a Pedestrian,No priority to vehicle,Slight Injury
20:00:00,Friday,Unknown,Male,Junior high school,Owner,1-2yr,Other,Owner,1-2yr,Other,Two-way (divided with broken lines road marking),Tangent road with flat terrain,Y Shape,Asphalt roads,Dry,Daylight,Normal,Vehicle Collision,2,3,Moving backward,Female,18-30,3,,,Not a Pedestrian,Driving carelessly,Slight Injury
20:00:00,Friday,Under 18,Male,Junior high school,Employee,5-10yr,Other,Owner,1-2yr,Office areas,Two-way (divided with broken lines road marking),Tangent road with flat terrain,Y Shape,Asphalt roads,Dry,Daylight,Normal,Vehicle Collision,2,3,Moving forward,na,na,na,Driver,Normal,Not a Pedestrian,Moving Backward,Slight Injury
19:00:00,Friday,Over 51,Male,Junior high school,Employee,Above 10yr,Other,Owner,2-5yrs,Other,other,Tangent road with flat terrain,Y Shape,Asphalt roads,Dry,Daylight,Normal,Stationary Object Collision,2,3,Moving forward,Female,18-30,3,Driver,Normal,Not a Pedestrian,No distancing,Slight Injury
12:00:00,Saturday,Unknown,Male,Elementary school,Owner,2-5yr,Pick up upto 10 Quintal,Owner,Unknown,Office areas,Double carriageway (median),Tangent road with flat terrain,Crossing,Asphalt roads,Dry,Daylight,Normal,Vehicle Collision,1,1,Other,Female,18-30,3,Driver,Normal,Not a Pedestrian,Changing lane to the left,Serious Injury
18:00:00,Wednesday,31-50,Male,Junior high school,Employee,5-10yr,Automobile,Owner,Unknown,Residential areas,Two-way (divided with broken lines road marking),Tangent road with flat terrain,Crossing,Asphalt roads,Dry,Daylight,Normal,Vehicle Collision,2,1,Moving forward,na,na,na,Driver,Normal,Not a Pedestrian,Changing lane to the left,Slight Injury
18:00:00,Wednesday,31-50,Male,Junior high school,Employee,Below 1yr,Other,Owner,Unknown,Office areas,Double carriageway (median),Gentle horizontal curve,Y Shape,Asphalt roads,Dry,Daylight,Normal,Pedestrian Collision,2,1,Turning,Male,18-30,3,Self-employed,Normal,Not a Pedestrian,No distancing,Slight Injury
18:00:00,Wednesday,31-50,Male,Junior high school,Employee,5-10yr,Lorry (41 - 100 Quintal),Owner,Unknown,Office areas,Double carriageway (median),Tangent road with flat terrain,No junction,Asphalt roads,Dry,Daylight,Normal,Vehicle Collision,2,1,Moving forward,Female,5,3,Self-employed,Normal,Not a Pedestrian,Changing lane to the left,Slight Injury
18:00:00,Wednesday,18-30,Male,High school,Employee,Above 10yr,Public (13 - 45 seats),Organization,Unknown,Other,Double carriageway (median),Tangent road with flat terrain,Unknown,Earth roads,Dry,Daylight,Normal,Pedestrian Collision,2,1,Moving forward,na,na,na,Driver,Normal,Not a Pedestrian,Driving carelessly,Slight Injury
07:00:00,Wednesday,18-30,Male,Junior high school,Employee,5-10yr,Automobile,Owner,Unknown,Office areas,Two-way (divided with broken lines road marking),Tangent road with flat terrain,No junction,Asphalt roads,Dry,Daylight,Normal,Vehicle Collision,3,2,Moving forward,na,na,na,Driver,Normal,Not a Pedestrian,Changing lane to the left,Slight Injury
07:00:00,Wednesday,18-30,Male,Elementary school,Employee,1-2yr,Pick up upto 10 Quintal,Owner,Unknown,Office areas,,Tangent road with flat terrain,No junction,Asphalt roads,Dry,Daylight,Normal,Vehicle Collision,3,2,Moving forward,Female,Under 18,3,,,Not a Pedestrian,No distancing,Slight Injury
10:00:00,Thursday,Under 18,Male,Junior high school,Employee,5-10yr,Lorry (41 - 100 Quintal),Governmental,Unknown,Office areas,One way,Tangent road with flat terrain,No junction,Asphalt roads,Dry,Daylight,Normal,Stationary Object Collision,3,2,Moving forward,na,na,na,Driver,Normal,Not a Pedestrian,Changing lane to the right,Slight Injury
10:00:00,Thursday,Over 51,Female,Elementary school,Employee,1-2yr,Public (12 seats),Owner,Unknown,Other,Undivided Two way,Tangent road with flat terrain,No junction,Asphalt roads,Wet or damp,Daylight,Normal,Vehicle Collision,2,3,Moving forward,Male,5,3,Driver,Normal,Not a Pedestrian,No distancing,Slight Injury
23:00:00,Saturday,Over 51,Male,Junior high school,Owner,1-2yr,Other,Owner,Unknown,Residential areas,,Tangent road with flat terrain,Y Shape,Asphalt roads,Wet or damp,Daylight,Normal,Vehicle Collision,2,3,Moving forward,na,na,na,Driver,Normal,Not a Pedestrian,Driving to the left,Slight Injury
00:00:00,Sunday,18-30,Male,Above high school,Owner,1-2yr,Lorry (41 - 100 Quintal),Owner,2-5yrs,Residential areas,Two-way (divided with broken lines road marking),Gentle horizontal curve,Y Shape,Asphalt roads,Wet or damp,Daylight,Normal,Vehicle Collision,2,3,Moving forward,na,na,na,,Normal,Not a Pedestrian,No distancing,Slight Injury
00:00:00,Sunday,18-30,Male,Junior high school,Owner,5-10yr,Pick up upto 10 Quintal,Owner,5-10yrs, Church areas,Two-way (divided with broken lines road marking),Tangent road with flat terrain,Y Shape,Asphalt roads,Dry,Daylight,Normal,Pedestrian Collision,2,1,Exiting,Male,31-50,3,,,Not a Pedestrian,Overtaking,Slight Injury
10:00:00,Monday,18-30,Male,Junior high school,Employee,5-10yr,Other,Owner,5-10yrs,Other,Two-way (divided with broken lines road marking),Tangent road with flat terrain,Y Shape,Asphalt roads,Dry,Daylight,Normal,Stationary Object Collision,2,1,Exiting,na,na,na,Driver,Normal,Not a Pedestrian,Driving under the influence of drugs,Slight Injury
10:00:00,Monday,18-30,Male,Elementary school,Employee,5-10yr,Lorry (41 - 100 Quintal),Owner,Unknown,Residential areas,Two-way (divided with broken lines road marking),Tangent road with flat terrain,Y Shape,Gravel roads,Dry,Daylight,Normal,Pedestrian Collision,4,1,Exiting,Male,31-50,3,Driver,Normal,Not a Pedestrian,No priority to pedestrian,Slight Injury
13:00:00,Saturday,18-30,Male,High school,Owner,Below 1yr,Ridden horse,Owner,2-5yrs,Other,Undivided Two way,Tangent road with flat terrain,Y Shape,Asphalt roads,Dry,Daylight,Normal,Vehicle Collision,4,1,Moving backward,Male,31-50,3,Self-employed,Normal,Not a Pedestrian,Moving Backward,Slight Injury
13:00:00,Saturday,Over 51,Male,Junior high school,Employee,Above 10yr,Automobile,Owner,2-5yrs,Residential areas,Undivided Two way,Tangent road with flat terrain,Y Shape,Asphalt roads,Dry,Daylight,Normal,Vehicle Collision,4,1,Moving forward,Female,31-50,3,Driver,Normal,Not a Pedestrian,Changing lane to the right,Slight Injury
13:00:00,Saturday,Over 51,Male,Junior high school,Employee,5-10yr,Automobile,Owner,2-5yrs,Residential areas,Two-way (divided with broken lines road marking),Tangent road with flat terrain,Other,Asphalt roads,Dry,Daylight,Normal,Vehicle Collision,4,1,Moving forward,na,na,na,Driver,Normal,Not a Pedestrian,Changing lane to the left,Slight Injury
17:00:00,Monday,18-30,Female,Junior high school,Employee,Below 1yr,Stationwagen,Owner,5-10yrs,Other,Two-way (divided with broken lines road marking),Tangent road with flat terrain,Other,Asphalt roads,Dry,Daylight,Normal,Vehicle Collision,2,1,Stopping,Male,Over 51,3,Driver,Normal,Not a Pedestrian,Changing lane to the right,Serious Injury
17:00:00,Monday,31-50,Female,Junior high school,Employee,Above 10yr,Other,Owner,Unknown,Other,Two-way (divided with broken lines road marking),Tangent road with flat terrain,Y Shape,Asphalt roads,Dry,Daylight,Normal,Vehicle Collision,2,1,Moving forward,na,na,na,,,Not a Pedestrian,Driving under the influence of drugs,Serious Injury
17:00:00,Monday,31-50,Male,Junior high school,Employee,5-10yr,Lorry (41 - 100 Quintal),Owner,Unknown,Other,Undivided Two way,Tangent road with flat terrain,Y Shape,Asphalt roads,Dry,Daylight,Normal,Stationary Object Collision,1,1,Other,na,na,na,Driver,Normal,Not a Pedestrian,No priority to vehicle,Slight Injury
17:00:00,Monday,31-50,Male,Junior high school,Owner,Above 10yr,Lorry (41 - 100 Quintal),Owner,Unknown,Other,Double carriageway (median),Tangent road with flat terrain,Y Shape,Asphalt roads,Dry,Daylight,Normal,Stationary Object Collision,4,2,Moving forward,Female,31-50,3,Driver,Normal,Not a Pedestrian,No priority to vehicle,Slight Injury
17:00:00,Friday,31-50,Male,Junior high school,Employee,5-10yr,Long lorry,Owner,Unknown,Residential areas,Two-way (divided with broken lines road marking),Tangent road with flat terrain,Y Shape,Asphalt roads,Dry,Daylight,Normal,Vehicle Collision,4,2,Moving forward,Male,31-50,3,Self-employed,Normal,Not a Pedestrian,Changing lane to the left,Slight Injury
17:00:00,Friday,Under 18,Male,Junior high school,Employee,1-2yr,Stationwagen,Owner,2-5yrs,  Recreational areas,Undivided Two way,Tangent road with flat terrain,Crossing,Asphalt roads,Dry,Daylight,Normal,Vehicle Collision,4,2,Moving forward,na,na,na,,Normal,Not a Pedestrian,Changing lane to the right,Slight Injury
17:00:00,Friday,31-50,Male,Junior high school,Employee,1-2yr,Public (12 seats),Owner,Unknown,Other,other,Tangent road with flat terrain,Crossing,Asphalt roads,Dry,Daylight,Normal,Vehicle Collision,4,2,Moving forward,Male,18-30,2,,,Not a Pedestrian,Changing lane to the right,Slight Injury
17:00:00,Friday,31-50,Male,Junior high school,Employee,1-2yr,Automobile,Owner,Unknown,Office areas,Undivided Two way,Tangent road with flat terrain,Crossing,Asphalt roads,Wet or damp,Daylight,Raining,Vehicle Collision,3,1,Moving forward,na,na,na,Driver,Normal,Not a Pedestrian,Changing lane to the left,Slight Injury
17:00:00,Friday,31-50,Male,High school,Employee,2-5yr,Public (12 seats),Owner,Unknown,Other,Undivided Two way,Tangent road with flat terrain,Crossing,Asphalt roads,Wet or damp,Daylight,Raining,Vehicle Collision,3,1,Moving forward,na,na,na,Driver,Normal,Not a Pedestrian,Changing lane to the left,Slight Injury
11:00:00,Sunday,18-30,Male,High school,Owner,Above 10yr,Lorry (41 - 100 Quintal),Owner,Unknown,Office areas,Undivided Two way,Tangent road with flat terrain,No junction,Asphalt roads,Wet or damp,Daylight,Raining,Vehicle Collision,3,1,Moving forward,Male,18-30,3,Driver,Normal,Not a Pedestrian,Getting off the vehicle improperly,Slight Injury
11:00:00,Sunday,18-30,Male,Elementary school,Employee,2-5yr,Automobile,Owner,Unknown,Office areas,One way,Tangent road with flat terrain,No junction,Asphalt roads,Dry,Daylight,Normal,Vehicle Collision,2,2,Moving forward,Male,18-30,3,,,Not a Pedestrian,Overtaking,Slight Injury
11:00:00,Sunday,31-50,Male,Junior high school,Employee,Above 10yr,Lorry (41 - 100 Quintal),Owner,Unknown,Office areas,Undivided Two way,Tangent road with flat terrain,No junction,Asphalt roads,Dry,Daylight,Normal,Vehicle Collision,2,2,Turning,Male,31-50,3,Driver,Normal,Not a Pedestrian,Changing lane to the left,Slight Injury
03:00:00,Saturday,18-30,Male,High school,Employee,2-5yr,Lorry (41 - 100 Quintal),Owner,Unknown,Other,Undivided Two way,Tangent road with flat terrain,No junction,Asphalt roads,Dry,Daylight,Normal,Vehicle Collision,2,2,Moving forward,na,na,na,Self-employed,Normal,Not a Pedestrian,Driving under the influence of drugs,Slight Injury
03:00:00,Saturday,18-30,Male,Junior high school,Other,No Licence,Pick up upto 10 Quintal,Governmental,Unknown,Other,Double carriageway (median),Tangent road with flat terrain,No junction,Asphalt roads,Dry,Daylight,Normal,Vehicle Collision,2,2,Moving forward,Male,31-50,2,Self-employed,Normal,Not a Pedestrian,Driving carelessly,Slight Injury
17:00:00,Tuesday,31-50,Male,Junior high school,Employee,1-2yr,Other,Owner,Unknown,Office areas,Two-way (divided with solid lines road marking),Tangent road with flat terrain,No junction,Asphalt roads,Dry,Daylight,Normal,Other,2,2,Exiting,Male,18-30,3,,,Not a Pedestrian,Moving Backward,Slight Injury
17:00:00,Tuesday,Under 18,Male,Junior high school,Owner,5-10yr,Automobile,Owner,Unknown,Residential areas,other,Tangent road with flat terrain,No junction,Asphalt roads,Dry,Daylight,Normal,Vehicle Collision,2,2,Moving backward,na,na,na,,Normal,Not a Pedestrian,No distancing,Slight Injury
17:00:00,Friday,31-50,Male,Junior high school,Employee,1-2yr,Automobile,Governmental,2-5yrs,  Recreational areas,Undivided Two way,Tangent road with flat terrain,No junction,Asphalt roads,Dry,Daylight,Normal,Stationary Object Collision,2,1,Exiting,Female,18-30,3,Driver,Normal,Not a Pedestrian,No priority to vehicle,Fatal injury
17:00:00,Friday,Under 18,Male,Junior high school,Employee,Above 10yr,Lorry (11 - 40 Quintal),Owner,1-2yr,Other,other,Tangent road with flat terrain,No junction,Earth roads,Dry,Daylight,Normal,Vehicle Collision,2,1,Moving forward,na,na,na,Driver,Normal,Not a Pedestrian,Overturning,Fatal injury
17:00:00,Tuesday,31-50,Male,Junior high school,Employee,1-2yr,Bajaj,Owner,Above 10yr,Residential areas,other,Tangent road with flat terrain,No junction,Asphalt roads,Dry,Daylight,Normal,Vehicle Collision,2,1,Moving forward,na,na,na,,,Not a Pedestrian,Changing lane to the left,Slight Injury
17:00:00,Tuesday,31-50,Male,Junior high school,Employee,1-2yr,Automobile,Owner,Unknown,Other,other,Tangent road with flat terrain,Crossing,Asphalt roads,Dry,Daylight,Normal,Vehicle Collision,2,1,Moving forward,Male,31-50,3,Driver,Normal,Not a Pedestrian,No distancing,Slight Injury
18:00:00,Sunday,31-50,Male,Junior high school,Employee,2-5yr,Lorry (41 - 100 Quintal),Owner,Unknown,Other,other,Tangent road with flat terrain,Crossing,Asphalt roads,Dry,Daylight,Normal,Vehicle Collision,2,1,Moving forward,Male,31-50,3,Self-employed,Normal,Not a Pedestrian,Moving Backward,Serious Injury
23:00:00,Wednesday,31-50,Male,High school,Employee,1-2yr,Lorry (11 - 40 Quintal),Owner,5-10yrs,Other,One way,Tangent road with flat terrain,Crossing,Asphalt roads,Dry,Daylight,Normal,Vehicle Collision,2,1,Moving backward,Female,5,3,Self-employed,Normal,Not a Pedestrian,No priority to vehicle,Serious Injury
23:00:00,Wednesday,31-50,Male,Junior high school,Employee,1-2yr,Lorry (11 - 40 Quintal),Owner,Unknown,Other,Two-way (divided with broken lines road marking),Tangent road with flat terrain,Crossing,Asphalt roads,Dry,Darkness - lights lit,Normal,Vehicle Collision,2,3,Exiting,Male,Under 18,3,Self-employed,Normal,Not a Pedestrian,No priority to vehicle,Slight Injury
14:00:00,Wednesday,Under 18,Male,Elementary school,Employee,Above 10yr,Automobile,Owner,2-5yrs,Other,other,Tangent road with flat terrain,No junction,Asphalt roads,Dry,Darkness - lights lit,Normal,Stationary Object Collision,2,3,Moving forward,na,na,na,,,Not a Pedestrian,No distancing,Slight Injury
14:00:00,Wednesday,Under 18,Male,Junior high school,Employee,Above 10yr,Automobile,Owner,Unknown,School areas,Undivided Two way,Tangent road with flat terrain,No junction,Asphalt roads,Dry,Darkness - lights lit,Normal,Stationary Object Collision,2,3,Moving forward,Male,31-50,3,Self-employed,Normal,Unknown or other,No distancing,Slight Injury
14:00:00,Wednesday,Over 51,Male,Elementary school,Employee,Above 10yr,Automobile,Owner,Unknown,Office areas,Two-way (divided with broken lines road marking),Tangent road with flat terrain,Y Shape,Gravel roads,Wet or damp,Daylight,Raining,Vehicle Collision,1,1,Moving forward,Female,18-30,3,Self-employed,Normal,Crossing from offside - masked by  parked or statioNot a Pedestrianry vehicle,Overtaking,Serious Injury
14:00:00,Saturday,Unknown,Male,Junior high school,Employee,Above 10yr,Public (13 - 45 seats),Owner,Unknown,Office areas,Two-way (divided with broken lines road marking),Tangent road with flat terrain,Y Shape,Asphalt roads,Dry,Daylight,Normal,Stationary Object Collision,2,1,Moving backward,na,na,na,Driver,Deaf,Not a Pedestrian,Driving under the influence of drugs,Serious Injury
14:00:00,Saturday,18-30,Male,Junior high school,Employee,1-2yr,Public (12 seats),Owner,5-10yrs,Office areas,Two-way (divided with broken lines road marking),Tangent road with flat terrain,No junction,Asphalt roads,Dry,Daylight,Normal,Stationary Object Collision,2,1,Moving forward,Male,18-30,3,Driver,Normal,Not a Pedestrian,Changing lane to the right,Serious Injury
14:00:00,Saturday,18-30,Male,Junior high school,Employee,5-10yr,Other,Owner,Unknown,School areas,,Tangent road with flat terrain,Y Shape,Asphalt roads,Dry,Daylight,Normal,Vehicle Collision,1,1,Stopping,na,na,na,Self-employed,Normal,Not a Pedestrian,Changing lane to the left,Serious Injury
12:00:00,Sunday,31-50,Male,High school,Owner,2-5yr,Automobile,Governmental,Unknown,School areas,Undivided Two way,Tangent road with flat terrain,Y Shape,Other,Dry,Darkness - lights lit,Normal,Vehicle Collision,2,2,Moving forward,Male,18-30,3,Self-employed,Normal,Not a Pedestrian,Driving carelessly,Slight Injury
12:00:00,Sunday,18-30,Male,Junior high school,Employee,2-5yr,Automobile,Owner,Unknown,Office areas,Two-way (divided with broken lines road marking),Tangent road with flat terrain,Y Shape,Asphalt roads,Dry,Darkness - lights lit,Normal,Stationary Object Collision,2,2,Moving forward,Female,18-30,3,Driver,Normal,Not a Pedestrian,Moving Backward,Slight Injury
12:00:00,Sunday,18-30,Male,Junior high school,Employee,5-10yr,Public (13 - 45 seats),Owner,Unknown,Office areas,Two-way (divided with broken lines road marking),Tangent road with flat terrain,Y Shape,Asphalt roads,Dry,Daylight,Normal,Vehicle Collision,1,2,Moving backward,Male,18-30,3,Driver,Normal,Not a Pedestrian,Moving Backward,Serious Injury
12:00:00,Sunday,18-30,Male,Junior high school,Employee,5-10yr,Public (13 - 45 seats),Governmental,Above 10yr,School areas,Two-way (divided with broken lines road marking),Tangent road with flat terrain,Y Shape,Asphalt roads,Dry,Daylight,Normal,Vehicle Collision,1,2,Moving forward,na,na,na,,,Not a Pedestrian,Changing lane to the right,Serious Injury
12:00:00,Sunday,18-30,Male,Junior high school,Employee,2-5yr,Automobile,Owner,1-2yr,Other,Two-way (divided with broken lines road marking),Tangent road with flat terrain,Y Shape,Asphalt roads,Wet or damp,Daylight,Raining,Vehicle Collision,2,2,Moving forward,Male,18-30,3,Driver,Normal,Not a Pedestrian,No priority to vehicle,Serious Injury
18:00:00,Friday,18-30,Male,High school,Employee,Above 10yr,Other,Owner,Above 10yr,Other,Two-way (divided with broken lines road marking),Tangent road with flat terrain,Y Shape,Asphalt roads,Wet or damp,Daylight,Raining,Vehicle Collision,2,2,Moving backward,na,na,na,Driver,Normal,Not a Pedestrian,Driving at high speed,Serious Injury
18:00:00,Friday,18-30,Male,Elementary school,Employee,5-10yr,Pick up upto 10 Quintal,Owner,Below 1yr,Other,Undivided Two way,Tangent road with flat terrain,Y Shape,Asphalt roads,Wet or damp,Daylight,Raining,Vehicle Collision,2,2,Moving forward,na,na,na,Student,Normal,Not a Pedestrian,Driving under the influence of drugs,Serious Injury
11:00:00,Wednesday,18-30,Male,Junior high school,Employee,Above 10yr,Lorry (41 - 100 Quintal),Owner,Above 10yr,Other,Two-way (divided with broken lines road marking),Tangent road with flat terrain,Y Shape,Asphalt roads,Dry,Daylight,Normal,Vehicle Collision,2,2,Stopping,Male,31-50,3,Employee,Normal,Not a Pedestrian,Changing lane to the right,Fatal injury
11:00:00,Wednesday,18-30,Male,Writing & reading,Employee,2-5yr,Automobile,Owner,Unknown,Residential areas,Undivided Two way,Tangent road with flat terrain,Y Shape,Asphalt roads,Dry,Daylight,Normal,Pedestrian Collision,2,2,Moving forward,na,na,na,Driver,Normal,Not a Pedestrian,Driving carelessly,Fatal injury
07:00:00,Tuesday,Over 51,Male,Junior high school,Employee,2-5yr,Automobile,Governmental,1-2yr,Other,Undivided Two way,Tangent road with flat terrain,Y Shape,Asphalt roads,Dry,Daylight,Normal,Vehicle Collision,2,1,Moving forward,Male,Over 51,3,Other,Normal,Not a Pedestrian,No distancing,Slight Injury
07:00:00,Tuesday,18-30,Male,High school,Employee,2-5yr,Lorry (41 - 100 Quintal),Owner,1-2yr,Other,Undivided Two way,Tangent road with flat terrain,Y Shape,Asphalt roads,Dry,Daylight,Normal,Stationary Object Collision,2,1,Moving forward,Male,18-30,3,,Normal,Not a Pedestrian,Changing lane to the left,Slight Injury
07:00:00,Tuesday,18-30,Male,Junior high school,Employee,1-2yr,Automobile,Owner,Unknown, Industrial areas,Undivided Two way,Tangent road with flat terrain,Y Shape,Asphalt roads,Dry,Daylight,Normal,Vehicle Collision,2,2,Moving forward,na,na,na,,,Not a Pedestrian,No distancing,Slight Injury
16:00:00,Tuesday,18-30,Male,High school,Employee,5-10yr,Other,Owner,Unknown,  Recreational areas,Undivided Two way,Tangent road with flat terrain,Y Shape,Asphalt roads,Dry,Daylight,Normal,Vehicle Collision,2,2,Exiting,Male,31-50,3,,,Not a Pedestrian,No distancing,Slight Injury
16:00:00,Tuesday,31-50,Female,Elementary school,Employee,2-5yr,Automobile,Owner,Above 10yr, Church areas,Two-way (divided with broken lines road marking),Tangent road with flat terrain,Y Shape,Asphalt roads,Dry,Daylight,Normal,Vehicle Collision,2,1,Moving forward,na,na,na,Employee,,Not a Pedestrian,Getting off the vehicle improperly,Serious Injury
18:00:00,Monday,Under 18,Male,Junior high school,Employee,1-2yr,Automobile,Owner,Unknown,Office areas,Two-way (divided with broken lines road marking),Tangent road with flat terrain,Y Shape,Asphalt roads,Dry,Daylight,Normal,Vehicle Collision,2,1,Moving forward,Male,31-50,3,Driver,,Not a Pedestrian,Overtaking,Serious Injury
18:00:00,Monday,Unknown,Male,Elementary school,Employee,1-2yr,Automobile,Owner,Unknown,Other,Two-way (divided with broken lines road marking),Tangent road with flat terrain,Y Shape,Gravel roads,Dry,Daylight,Normal,Vehicle Collision,2,1,Moving forward,na,na,na,Driver,,Not a Pedestrian,Driving carelessly,Slight Injury
18:00:00,Tuesday,18-30,Male,High school,Employee,No Licence,Automobile,Owner,Unknown,Office areas,Undivided Two way,Tangent road with flat terrain,Y Shape,Asphalt roads,Dry,Daylight,Normal,Vehicle Collision,2,1,Moving backward,Male,31-50,3,Driver,,Not a Pedestrian,Driving under the influence of drugs,Slight Injury
18:00:00,Tuesday,31-50,Male,Junior high school,Owner,5-10yr,Lorry (41 - 100 Quintal),Owner,Unknown,Office areas,Two-way (divided with broken lines road marking),Tangent road with flat terrain,Y Shape,Asphalt roads,Dry,Daylight,Normal,Vehicle Collision,1,1,Turning,Female,Over 51,3,Self-employed,Normal,Not a Pedestrian,Moving Backward,Slight Injury
18:00:00,Tuesday,31-50,Male,Junior high school,Employee,1-2yr,Other,Owner,Unknown,Other,Two-way (divided with broken lines road marking),Tangent road with flat terrain,Crossing,Asphalt roads,Dry,Daylight,Normal,Vehicle Collision,1,1,Moving forward,Male,18-30,3,Driver,Normal,Not a Pedestrian,Overturning,Serious Injury
15:00:00,Sunday,18-30,Male,Junior high school,Employee,2-5yr,Pick up upto 10 Quintal,Owner,Above 10yr,Residential areas,Undivided Two way,Tangent road with flat terrain,Crossing,Other,Dry,Daylight,Normal,Vehicle Collision,2,3,Moving forward,Female,Under 18,3,Other,Normal,Not a Pedestrian,Driving under the influence of drugs,Slight Injury
15:00:00,Sunday,31-50,Male,Junior high school,Employee,5-10yr,Stationwagen,Owner,Above 10yr,Office areas,other,Tangent road with mountainous terrain and,Y Shape,Asphalt roads,Dry,Daylight,Normal,Stationary Object Collision,2,3,Moving forward,Male,18-30,3,,,Not a Pedestrian,Changing lane to the right,Slight Injury
15:00:00,Sunday,31-50,Male,Junior high school,Employee,5-10yr,Other,Owner,Above 10yr,Residential areas,other,Tangent road with flat terrain,Crossing,Other,Dry,Daylight,Normal,Vehicle Collision,2,3,Moving forward,na,na,na,Driver,Normal,Not a Pedestrian,Changing lane to the left,Slight Injury
10:00:00,Tuesday,18-30,Male,Junior high school,Employee,5-10yr,Pick up upto 10 Quintal,Owner,Unknown,School areas,Two-way (divided with broken lines road marking),Tangent road with flat terrain,Y Shape,Asphalt roads,Dry,Daylight,Normal,Stationary Object Collision,2,3,Exiting,Female,18-30,3,Self-employed,Normal,Not a Pedestrian,No distancing,Slight Injury
19:00:00,Monday,31-50,Male,Junior high school,Employee,2-5yr,Stationwagen,Owner,Above 10yr,Office areas,Two-way (divided with broken lines road marking),Sharp reverse curve,Y Shape,Asphalt roads,Dry,Daylight,Normal,Vehicle Collision,2,1,Moving forward,na,na,na,Self-employed,Normal,Not a Pedestrian,No distancing,Slight Injury
14:00:00,Friday,18-30,Male,Junior high school,Employee,Above 10yr,Lorry (41 - 100 Quintal),Owner,5-10yrs,Other,other,Tangent road with flat terrain,Y Shape,Asphalt roads,Dry,Daylight,Normal,Vehicle Collision,2,1,Moving forward,na,na,na,Self-employed,Normal,Not a Pedestrian,No priority to vehicle,Slight Injury