Time,Day,Age_band_of_driver,Sex_of_driver,Educational_level,Vehicle_driver_relation,Driving_experience,Type_of_vehicle,Owner_of_vehicle,Service_year_of_vehicle,Area_accident_occured,Lanes_or_Medians,Road_allignment,Types_of_Junction,Road_surface_type,Road_surface_conditions,Light_conditions,Weather_conditions,Type_of_collision,Number_of_vehicles_involved,Number_of_casualties,Vehicle_movement,Sex_of_casualty,Age_band_of_casualty,Casualty_severity,Work_of_casuality,Fitness_of_casuality,Pedestrian_movement,Cause_of_accident,Accident_severity
14:00:00,Friday,31-50,Male,Junior high school,Owner,Above 10yr,Automobile,Owner,Above 10yr,Other,Undivided Two way,Tangent road with flat terrain,No junction,Asphalt roads,Dry,Daylight,Normal,Vehicle Collision,2,1,Moving forward,Male,5,3,,Other,Not a Pedestrian,Moving Backward,Slight Injury
14:00:00,Friday,31-50,Male,Junior high school,Employee,5-10yr,Automobile,Owner,Above 10yr, Church areas,other,Tangent road with flat terrain,No junction,Asphalt roads,Dry,Daylight,Normal,Pedestrian Collision,2,1,Moving forward,Male,31-50,3,Driver,Blind,Not a Pedestrian,Moving Backward,Slight Injury
08:00:00,Sunday,Under 18,Male,Elementary school,Owner,Above 10yr,Automobile,Owner,Unknown,Office areas,Two-way (divided with broken lines road marking),Tangent road with flat terrain,No junction,Asphalt roads,Dry,Darkness - lights unlit,Normal,Vehicle Collision,1,1,Moving forward,na,na,na,Driver,Normal,Not a Pedestrian,Getting off the vehicle improperly,Serious Injury
22:00:00,Monday,Unknown,Male,Junior high school,Employee,Above 10yr,Automobile,Owner,Unknown,Other,Two-way (divided with broken lines road marking),Tangent road with flat terrain,No junction,Asphalt roads,Dry,Darkness - lights lit,Normal,Vehicle Collision,1,2,Moving forward,Male,18-30,3,Self-employed,Normal,Not a Pedestrian,Changing lane to the left,Serious Injury
22:00:00,Monday,18-30,Male,Elementary school,Owner,2-5yr,Turbo,Owner,Unknown,Office areas,Two-way (divided with broken lines road marking),Tangent road with mild grade and flat terrain,No junction,Asphalt roads,Dry,Darkness - lights lit,Normal,Vehicle Collision,1,2,Moving forward,na,na,na,Driver,Normal,Not a Pedestrian,Changing lane to the left,Serious Injury
15:00:00,Friday,18-30,Male,Junior high school,Employee,5-10yr,Automobile,Owner,Unknown,Office areas,Two-way (divided with broken lines road marking),Tangent road with flat terrain,No junction,Asphalt roads,Dry,Daylight,Normal,Pedestrian Collision,1,2,Moving forward,Female,Under 18,2,Driver,Normal,Crossing from driver's nearside,No priority to vehicle,Slight Injury
15:00:00,Friday,Over 51,Male,Junior high school,Employee,Below 1yr,Stationwagen,Owner,Above 10yr,Office areas,Two-way (divided with broken lines road marking),Sharp reverse curve,No junction,Asphalt roads,Dry,Daylight,Normal,Stationary Object Collision,1,2,Moving forward,na,na,na,Driver,Normal,Not a Pedestrian,Changing lane to the right,Slight Injury
15:00:00,Friday,Over 51,Male,Junior high school,Employee,5-10yr,Automobile,Owner,Above 10yr, Church areas,Undivided Two way,Sharp reverse curve,No junction,Asphalt roads,Wet or damp,Daylight,Raining,Vehicle Collision,2,3,Moving forward,Male,31-50,3,Driver,Normal,Not a Pedestrian,Changing lane to the right,Slight Injury
21:00:00,Sunday,31-50,Male,High school,Employee,Above 10yr,Automobile,Owner,Above 10yr,Office areas,Undivided Two way,Gentle horizontal curve,Y Shape,Asphalt roads,Wet or damp,Daylight,Raining,Vehicle Collision,2,3,Moving backward,na,na,na,Driver,Normal,Not a Pedestrian,Driving carelessly,Slight Injury
21:00:00,Sunday,31-50,Male,Junior high school,Employee,5-10yr,Automobile,Owner,5-10yrs,Other,Double carriageway (median),Gentle horizontal curve,No junction,Asphalt roads,Wet or damp,Daylight,Raining,Vehicle Collision,2,3,Moving forward,Male,31-50,2,Driver,Normal,Not a Pedestrian,Changing lane to the left,Slight Injury
21:00:00,Sunday,18-30,Male,Elementary school,Employee,1-2yr,Pick up upto 10 Quintal,Owner,Unknown,Other,Two-way (divided with broken lines road marking),Tangent road with flat terrain,No junction,Asphalt roads,Dry,Daylight,Normal,Vehicle Collision,4,1,Turning,Female,5,3,,Normal,Not a Pedestrian,Changing lane to the right,Slight Injury
21:00:00,Sunday,18-30,Male,Junior high school,Employee,5-10yr,Lorry (41 - 100 Quintal),Owner,5-10yrs, Church areas,Unknown,Tangent road with mountainous terrain and,Crossing,Asphalt roads,Dry,Daylight,Normal,Vehicle Collision,4,1,Moving forward,na,na,na,Employee,Normal,Not a Pedestrian,Driving under the influence of drugs,Slight Injury
16:00:00,Monday,18-30,Male,Above high school,Employee,1-2yr,Lorry (41 - 100 Quintal),Owner,1-2yr,School areas,Undivided Two way,Tangent road with flat terrain,Crossing,Asphalt roads,Dry,Daylight,Normal,Vehicle Collision,4,1,Moving forward,Male,18-30,3,,,Not a Pedestrian,Driving carelessly,Slight Injury
16:00:00,Monday,31-50,Male,Junior high school,Employee,Above 10yr,Automobile,Owner,Unknown, Church areas,Two-way (divided with broken lines road marking),Tangent road with flat terrain,Crossing,Asphalt roads,Dry,Daylight,Normal,Vehicle Collision,4,1,Moving forward,na,na,na,Driver,Normal,Not a Pedestrian,No distancing,Slight Injury
16:00:00,Monday,Over 51,Male,Junior high school,Employee,1-2yr,Lorry (41 - 100 Quintal),Owner,Above 10yr,Office areas,Undivided Two way,Tangent road with flat terrain,Crossing,Asphalt roads,Dry,Daylight,Normal,Stationary Object Collision,3,4,Moving forward,Male,18-30,3,Self-employed,Normal,Not a Pedestrian,No priority to vehicle,Slight Injury
15:00:00,Friday,31-50,Male,Junior high school,Employee,5-10yr,Lorry (41 - 100 Quintal),Owner,2-5yrs,Other,other,Tangent road with flat terrain,Crossing,Asphalt roads,Dry,Daylight,Normal,Stationary Object Collision,3,4,Moving backward,na,na,na,Self-employed,Normal,Not a Pedestrian,No priority to vehicle,Slight Injury
15:00:00,Friday,31-50,Male,Junior high school,Employee,2-5yr,Lorry (41 - 100 Quintal),Owner,Above 10yr, Church areas,Two-way (divided with broken lines road marking),Steep grade upward with mountainous terrain,No junction,Asphalt roads,Dry,Daylight,Normal,Vehicle Collision,3,4,Moving forward,Female,5,3,,,Not a Pedestrian,No priority to vehicle,Slight Injury
14:00:00,Saturday,Over 51,Male,Junior high school,Employee,5-10yr,Lorry (41 - 100 Quintal),Governmental,1-2yr,Other,Double carriageway (median),Tangent road with flat terrain,No junction,Asphalt roads,Dry,Daylight,Normal,Vehicle Collision,3,4,Turning,Male,Over 51,2,Self-employed,Normal,Not a Pedestrian,Changing lane to the left,Slight Injury
19:00:00,Wednesday,31-50,Male,Junior high school,Employee,2-5yr,Automobile,Governmental,Above 10yr,Other,Double carriageway (median),Tangent road with flat terrain,No junction,Earth roads,Dry,Daylight,Normal,Vehicle Collision,3,4,Moving forward,Male,18-30,3,,,Not a Pedestrian,Moving Backward,Slight Injury
19:00:00,Wednesday,Over 51,Male,Junior high school,Employee,2-5yr,Automobile,Organization,5-10yrs,Office areas,Two-way (divided with broken lines road marking),Gentle horizontal curve,No junction,Asphalt roads,Wet or damp,Daylight,Raining,Vehicle Collision,3,2,Moving forward,na,na,na,Self-employed,Normal,Not a Pedestrian,Driving carelessly,Slight Injury
16:00:00,Friday,Over 51,Male,Junior high school,Employee,Above 10yr,Automobile,Organization,Above 10yr,Other,Two-way (divided with broken lines road marking),Tangent road with flat terrain,No junction,Asphalt roads,Wet or damp,Daylight,Raining,Vehicle Collision,3,2,Moving forward,Female,18-30,2,Driver,Normal,Not a Pedestrian,Driving under the influence of drugs,Slight Injury
17:00:00,Monday,18-30,Male,Junior high school,Employee,1-2yr,Public (13 - 45 seats),Owner,2-5yrs,Other,Two-way (divided with broken lines road marking),Tangent road with flat terrain,No junction,Asphalt roads,Wet or damp,Daylight,Raining,Self-accident,3,2,Moving forward,Male,Over 51,3,Self-employed,Normal,Not a Pedestrian,Changing lane to the right,Slight Injury
17:00:00,Monday,18-30,Male,Above high school,Owner,1-2yr,Automobile,Governmental,Unknown,Residential areas,Two-way (divided with broken lines road marking),Tangent road with flat terrain,No junction,Asphalt roads,Dry,Darkness - lights lit,Normal,Vehicle Collision,1,2,Moving forward,Male,31-50,3,Self-employed,Normal,Not a Pedestrian,No priority to vehicle,Serious Injury
09:00:00,Tuesday,31-50,Male,Above high school,Employee,No Licence,Public (13 - 45 seats),Owner,2-5yrs,Office areas,Two-way (divided with broken lines road marking),Tangent road with flat terrain,No junction,Asphalt roads,Dry,Darkness - lights lit,Normal,Stationary Object Collision,1,2,Exiting,na,na,na,Self-employed,Normal,Not a Pedestrian,Changing lane to the right,Serious Injury
09:00:00,Tuesday,Over 51,Male,Junior high school,Employee,1-2yr,Public (13 - 45 seats),Owner,2-5yrs, Church areas,One way,Tangent road with flat terrain,Y Shape,Asphalt roads,Dry,Daylight,Normal,Pedestrian Collision,2,1,Moving backward,Female,18-30,3,Driver,Normal,Not a Pedestrian,Driving to the left,Slight Injury
10:00:00,Thursday,Over 51,Male,Junior high school,Employee,5-10yr,Automobile,Owner,1-2yr,Other,Undivided Two way,Tangent road with flat terrain,Y Shape,Asphalt roads,Dry,Daylight,Normal,Vehicle Collision,2,1,Moving forward,na,na,na,Employee,Normal,Not a Pedestrian,Moving Backward,Slight Injury
10:00:00,Thursday,Over 51,Male,Junior high school,Employee,Above 10yr,Lorry (11 - 40 Quintal),Owner,Above 10yr,  Market areas,other,Steep grade downward with mountainous terrain,Y Shape,Asphalt roads,Dry,Daylight,Normal,Vehicle Collision,2,1,Turning,na,na,na,,Normal,Not a Pedestrian,No priority to vehicle,Slight Injury
21:00:00,Thursday,18-30,Male,Junior high school,Employee,Above 10yr,Automobile,Owner,Above 10yr,Other,Two-way (divided with broken lines road marking),Tangent road with mountainous terrain and,Y Shape,Asphalt roads,Dry,Daylight,Normal,Vehicle Collision,2,1,Moving forward,Male,18-30,3,,,Not a Pedestrian,No distancing,Slight Injury
21:00:00,Thursday,18-30,Male,Junior high school,Owner,5-10yr,Lorry (41 - 100 Quintal),Owner,Unknown,Other,Undivided Two way,Tangent road with mountainous terrain and,Y Shape,Asphalt roads,Dry,Daylight,Normal,Vehicle Collision,2,1,Moving forward,na,na,na,,,Not a Pedestrian,Driving carelessly,Slight Injury
16:00:00,Friday,Under 18,Male,Elementary school,Employee,2-5yr,Other,Owner,Unknown, Church areas,Undivided Two way,Tangent road with flat terrain,Y Shape,Gravel roads,Dry,Daylight,Normal,Vehicle Collision,2,1,Moving forward,Female,31-50,3,,,Not a Pedestrian,Changing lane to the left,Slight Injury
16:00:00,Friday,18-30,Male,Junior high school,Employee,2-5yr,Pick up upto 10 Quintal,Governmental,1-2yr,Residential areas,Undivided Two way,Tangent road with flat terrain,Crossing,Asphalt roads,Dry,Daylight,Normal,Vehicle Collision,1,1,Moving forward,Female,31-50,3,Self-employed,Normal,Crossing from driver's nearside,No priority to vehicle,Slight Injury
16:00:00,Friday,31-50,Male,Junior high school,Employee,Below 1yr,Lorry (11 - 40 Quintal),Owner,Unknown,Other,Undivided Two way,Tangent road with flat terrain,No junction,Earth roads,Dry,Darkness - lights lit,Normal,Vehicle Collision,2,1,Moving forward,na,na,na,Driver,Normal,Not a Pedestrian,No priority to vehicle,Serious Injury
19:00:00,Saturday,18-30,Male,Junior high school,Employee,2-5yr,Motorcycle,Owner,Unknown,Other,Two-way (divided with broken lines road marking),Tangent road with flat terrain,Crossing,Asphalt roads,Dry,Darkness - lights lit,Normal,Stationary Object Collision,2,1,Moving forward,Male,18-30,3,,,Not a Pedestrian,No distancing,Serious Injury
19:00:00,Saturday,18-30,Male,Junior high school,Employee,2-5yr,Pick up upto 10 Quintal,Owner,Unknown,Other,Double carriageway (median),Tangent road with flat terrain,Crossing,Asphalt roads,Dry,Daylight,Normal,Self-accident,2,2,Turning,na,na,na,,,Not a Pedestrian,Driving to the left,Slight Injury
19:00:00,Saturday,18-30,Male,Elementary school,Employee,5-10yr,Lorry (11 - 40 Quintal),Owner,Unknown,  Recreational areas,Two-way (divided with broken lines road marking),Tangent road with flat terrain,Y Shape,Asphalt roads,Dry,Daylight,Normal,Vehicle Collision,2,2,Turning,Male,18-30,3,Driver,Normal,Not a Pedestrian,Driving carelessly,Slight Injury
09:00:00,Sunday,31-50,Male,Junior high school,Employee,Above 10yr,Lorry (11 - 40 Quintal),Owner,Unknown,  Recreational areas,One way,Tangent road with flat terrain,Y Shape,Earth roads,Dry,Daylight,Normal,Pedestrian Collision,2,2,Moving forward,Male,18-30,3,Driver,Normal,Not a Pedestrian,Driving carelessly,Slight Injury
09:00:00,Sunday,18-30,Male,Junior high school,Employee,5-10yr,Automobile,Owner,Unknown,Other,Two-way (divided with broken lines road marking),Tangent road with flat terrain,Y Shape,Asphalt roads,Dry,Daylight,Normal,Vehicle Collision,3,1,Exiting,na,na,na,Self-employed,Normal,Not a Pedestrian,Changing lane to the right,Slight Injury
11:00:00,Wednesday,Over 51,Male,Junior high school,Employee,2-5yr,Automobile,Organization,1-2yr,Office areas,Two-way (divided with broken lines road marking),Tangent road with flat terrain,Y Shape,Asphalt roads,Dry,Daylight,Normal,Vehicle Collision,3,1,Exiting,Female,31-50,3,Driver,Normal,Not a Pedestrian,Driving carelessly,Slight Injury
11:00:00,Wednesday,Over 51,Female,Junior high school,Employee,5-10yr,Other,Owner,2-5yrs,Residential areas,Two-way (divided with broken lines road marking),Tangent road with flat terrain,Y Shape,Asphalt roads,Dry,Daylight,Normal,Pedestrian Collision,3,1,Moving forward,Female,Over 51,3,Driver,Normal,Not a Pedestrian,Changing lane to the left,Slight Injury
08:00:00,Friday,31-50,Male,Above high school,Employee,2-5yr,Other,Owner,2-5yrs,Other,Two-way (divided with broken lines road marking),Tangent road with flat terrain,Y Shape,Asphalt roads,Wet or damp,Daylight,Raining,Pedestrian Collision,2,4,Moving forward,na,na,na,Self-employed,Normal,Not a Pedestrian,Driving carelessly,Slight Injury
06:00:00,Friday,18-30,Male,Junior high school,Employee,5-10yr,Automobile,Owner,1-2yr,Residential areas,Undivided Two way,Steep grade downward with mountainous terrain,Y Shape,Asphalt roads,Wet or damp,Daylight,Raining,Vehicle Collision,2,4,Moving backward,Male,18-30,3,Self-employed,Normal,Not a Pedestrian,Driving carelessly,Slight Injury
06:00:00,Friday,18-30,Male,Junior high school,Employee,1-2yr,Taxi,Owner,Unknown, Church areas,Double carriageway (median),Tangent road with flat terrain,Other,Asphalt roads,Wet or damp,Daylight,Raining,Vehicle Collision,2,4,Moving forward,Male,31-50,3,Driver,Normal,Not a Pedestrian,Driving under the influence of drugs,Slight Injury
09:00:00,Thursday,18-30,Male,Junior high school,Employee,2-5yr,Other,Owner,2-5yrs,Other,One way,Tangent road with flat terrain,Y Shape,Asphalt roads,Wet or damp,Daylight,Raining,Vehicle Collision,2,4,Exiting,Male,Over 51,3,Self-employed,Normal,Not a Pedestrian,Driving carelessly,Slight Injury
09:00:00,Thursday,18-30,Male,Junior high school,Employee,Above 10yr,Taxi,Owner,5-10yrs,Office areas,Two-way (divided with broken lines road marking),Tangent road with mountainous terrain and,Y Shape,Asphalt roads,Wet or damp,Daylight,Raining,Vehicle Collision,2,4,Exiting,Female,31-50,3,,,Not a Pedestrian,No distancing,Slight Injury
09:00:00,Friday,31-50,Male,Junior high school,Employee,Below 1yr,Lorry (11 - 40 Quintal),Owner,2-5yrs,Other,Undivided Two way,Tangent road with flat terrain,Y Shape,Asphalt roads,Dry,Daylight,Normal,Vehicle Collision,2,1,Moving backward,Female,31-50,3,,,Not a Pedestrian,Driving carelessly,Slight Injury
09:00:00,Friday,31-50,Male,Junior high school,Employee,2-5yr,Automobile,Owner,Unknown,  Recreational areas,Two-way (divided with broken lines road marking),Steep grade downward with mountainous terrain,Y Shape,Asphalt roads,Dry,Daylight,Normal,Stationary Object Collision,2,1,Turning,Male,18-30,3,,,Not a Pedestrian,Driving to the left,Slight Injury
17:00:00,Monday,Over 51,Male,Junior high school,Employee,Below 1yr,Other,Owner,Unknown,Other,Undivided Two way,Tangent road with flat terrain,Y Shape,Asphalt roads,Dry,Daylight,Normal,Vehicle Collision,2,1,Moving backward,Male,31-50,3,Self-employed,Normal,Not a Pedestrian,Overtaking,Slight Injury
17:00:00,Monday,31-50,Male,High school,Employee,5-10yr,Automobile,Owner,1-2yr,Office areas,Two-way (divided with broken lines road marking),Tangent road with flat terrain,Y Shape,Asphalt roads,Dry,Daylight,Normal,Vehicle Collision,2,1,Moving forward,na,na,na,Driver,Normal,Not a Pedestrian,No distancing,Slight Injury
16:00:00,Sunday,31-50,Male,Above high school,Employee,1-2yr,Automobile,Governmental,Unknown,Residential areas,Undivided Two way,Tangent road with flat terrain,Y Shape,Asphalt roads,Dry,Daylight,Normal,Vehicle Collision,2,2,Moving forward,Male,18-30,3,Employee,Normal,Not a Pedestrian,Driving carelessly,Slight Injury
16:00:00,Sunday,Under 18,Male,Junior high school,Employee,Below 1yr,Automobile,Owner,Unknown,Office areas,One way,Tangent road with flat terrain,No junction,Asphalt roads,Dry,Daylight,Normal,Vehicle Collision,2,2,Moving forward,na,na,na,Driver,Normal,Not a Pedestrian,No priority to vehicle,Slight Injury
15:00:00,Tuesday,31-50,Male,Junior high school,Employee,5-10yr,Automobile,Owner,Unknown,Office areas,Two-way (divided with broken lines road marking),Tangent road with flat terrain,No junction,Asphalt roads,Dry,Daylight,Normal,Vehicle Collision,2,2,Moving forward,na,na,na,Driver,Normal,Not a Pedestrian,No priority to vehicle,Slight Injury
15:00:00,Tuesday,Under 18,Male,High school,Employee,Below 1yr,Lorry (41 - 100 Quintal),Owner,Unknown, Church areas,Double carriageway (median),Tangent road with flat terrain,No junction,Asphalt roads,Wet or damp,Daylight,Raining,Vehicle Collision,2,1,Moving backward,Male,Over 51,3,Driver,Normal,Not a Pedestrian,No priority to vehicle,Slight Injury
20:00:00,Saturday,18-30,Male,High school,Employee,Below 1yr,Other,Owner,Unknown, Church areas,Undivided Two way,Tangent road with flat terrain,No junction,Asphalt roads,Wet or damp,Daylight,Raining,Vehicle Collision,2,1,Moving forward,na,na,na,Driver,Normal,Not a Pedestrian,No priority to vehicle,Slight Injury
20:00:00,Saturday,18-30,Male,Junior high school,Employee,5-10yr,Pick up upto 10 Quintal,Owner,Unknown,Residential areas,Undivided Two way,Tangent road with flat terrain,No junction,Asphalt roads,Wet or damp,Daylight,Raining,Vehicle Collision,2,1,Moving forward,Female,18-30,3,Driver,Normal,Not a Pedestrian,No distancing,Slight Injury
07:00:00,Wednesday,31-50,Male,High school,Employee,2-5yr,Pick up upto 10 Quintal,Owner,Unknown,Other,Undivided Two way,Tangent road with flat terrain,No junction,Asphalt roads,Wet or damp,Daylight,Raining,Vehicle Collision,2,1,Moving forward,na,na,na,Driver,Normal,Not a Pedestrian,Moving Backward,Slight Injury
07:00:00,Wednesday,Under 18,Male,Junior high school,Employee,Above 10yr,Automobile,Owner,Unknown,Other,other,Tangent road with flat terrain,Y Shape,Asphalt roads,Dry,Daylight,Normal,Vehicle Collision,3,1,Moving forward,Female,18-30,3,Employee,Normal,Not a Pedestrian,No distancing,Serious Injury
19:00:00,Sunday,Over 51,Male,Junior high school,Employee,Above 10yr,Long lorry,Owner,Unknown,Other,Undivided Two way,Tangent road with flat terrain,Y Shape,Earth roads,Dry,Daylight,Normal,Vehicle Collision,3,1,Exiting,Female,Under 18,3,Driver,Normal,Not a Pedestrian,Changing lane to the left,Serious Injury
06:00:00,Wednesday,31-50,Male,Junior high school,Employee,5-10yr,Automobile,Owner,2-5yrs,Residential areas,Undivided Two way,Tangent road with flat terrain,Y Shape,Asphalt roads,Dry,Daylight,Normal,Vehicle Collision,3,1,Moving forward,Male,31-50,3,Employee,Normal,Not a Pedestrian,Changing lane to the left,Serious Injury
06:00:00,Wednesday,Under 18,Male,Junior high school,Employee,1-2yr,Public (13 - 45 seats),Owner,Unknown,Office areas,Undivided Two way,Tangent road with flat terrain,No junction,Asphalt roads,Dry,Daylight,Normal,Vehicle Collision,3,2,Moving forward,na,na,na,Self-employed,Normal,Not a Pedestrian,No priority to pedestrian,Slight Injury
12:00:00,Friday,18-30,Female,Unknown,Employee,Below 1yr,Lorry (41 - 100 Quintal),Owner,Unknown,Residential areas,Undivided Two way,Tangent road with flat terrain,No junction,Other,Dry,Daylight,Normal,Vehicle Collision,3,2,Moving forward,na,na,na,Driver,Normal,Not a Pedestrian,Moving Backward,Slight Injury
12:00:00,Friday,18-30,Male,Junior high school,Employee,Below 1yr,Public (13 - 45 seats),Owner,Unknown,Other,Two-way (divided with broken lines road marking),Tangent road with flat terrain,No junction,Asphalt roads,Dry,Daylight,Normal,Vehicle Collision,3,2,Moving forward,na,na,na,Driver,Normal,Not a Pedestrian,Changing lane to the left,Slight Injury
12:00:00,Friday,Over 51,Male,High school,Employee,2-5yr,Other,Owner,Unknown,Other,Two-way (divided with broken lines road marking),Tangent road with flat terrain,Y Shape,Asphalt roads,Dry,Daylight,Normal,Stationary Object Collision,1,1,Moving backward,Male,31-50,3,Self-employed,Normal,Not a Pedestrian,No distancing,Slight Injury
18:00:00,Tuesday,31-50,Male,Junior high school,Owner,1-2yr,Lorry (41 - 100 Quintal),Owner,Unknown,  Recreational areas,Two-way (divided with broken lines road marking),Tangent road with flat terrain,Y Shape,Asphalt roads,Dry,Daylight,Normal,Vehicle Collision,1,1,Moving backward,na,na,na,Self-employed,Normal,Not a Pedestrian,No priority to vehicle,Slight Injury
18:00:00,Tuesday,Over 51,Female,Junior high school,Employee,5-10yr,Lorry (41 - 100 Quintal),Owner,5-10yrs, Church areas,One way,Tangent road with flat terrain,No junction,Asphalt roads,Wet or damp,Daylight,Normal,Vehicle Collision,2,3,Moving forward,Male,31-50,3,Driver,Normal,Not a Pedestrian,Changing lane to the right,Slight Injury
11:00:00,Sunday,Under 18,Male,Elementary school,Employee,2-5yr,Long lorry,Owner,Unknown,School areas,Two-way (divided with broken lines road marking),Tangent road with flat terrain,Crossing,Asphalt roads,Wet or damp,Daylight,Normal,Vehicle Collision,2,3,Moving forward,Male,18-30,3,Driver,Normal,Not a Pedestrian,No distancing,Slight Injury
11:00:00,Sunday,Over 51,Male,Elementary school,Owner,5-10yr,Pick up upto 10 Quintal,Owner,2-5yrs,Office areas,Undivided Two way,Tangent road with flat terrain,Y Shape,Asphalt roads,Wet or damp,Daylight,Normal,Vehicle Collision,2,3,Moving forward,na,na,na,Self-employed,Normal,Not a Pedestrian,No distancing,Slight Injury
12:00:00,Saturday,18-30,Male,Junior high school,Employee,Above 10yr,Pick up upto 10 Quintal,Owner,1-2yr,Other,,Tangent road with flat terrain,Y Shape,Asphalt roads,Wet or damp,Daylight,Normal,Pedestrian Collision,1,1,Moving forward,Male,18-30,3,Self-employed,Normal,Not a Pedestrian,Getting off the vehicle improperly,Serious Injury
12:00:00,Saturday,18-30,Male,Junior high school,Employee,5-10yr,Lorry (41 - 100 Quintal),Owner,5-10yrs,Residential areas,Undivided Two way,Tangent road with flat terrain,Y Shape,Asphalt roads,Dry,Darkness - lights unlit,Cloudy,Vehicle Collision,2,1,Moving forward,Female,Under 18,3,Driver,Normal,Not a Pedestrian,No priority to pedestrian,Slight Injury
08:00:00,Friday,31-50,Male,High school,Employee,5-10yr,Lorry (41 - 100 Quintal),Owner,Above 10yr,Other,Undivided Two way,Tangent road with flat terrain,Y Shape,Asphalt roads,Dry,Darkness - lights unlit,Cloudy,Vehicle Collision,2,1,Moving forward,Female,Under 18,3,Driver,Normal,Not a Pedestrian,Changing lane to the left,Slight Injury
08:00:00,Thursday,18-30,Male,Junior high school,Employee,5-10yr,Automobile,Owner,1-2yr,Other,other,Steep grade downward with mountainous terrain,No junction,Asphalt roads,Wet or damp,Daylight,Raining,Vehicle Collision,2,2,Turning,na,na,na,Driver,Normal,Not a Pedestrian,No distancing,Slight Injury
23:00:00,Friday,18-30,Male,Junior high school,Employee,Above 10yr,Other,Owner,2-5yrs,Office areas,One way,Steep grade downward with mountainous terrain,No junction,Asphalt roads,Wet or damp,Daylight,Raining,Vehicle Collision,2,2,Moving forward,Male,18-30,3,Driver,Normal,Not a Pedestrian,Driving carelessly,Slight Injury
23:00:00,Friday,31-50,Male,Junior high school,Employee,1-2yr,Automobile,Owner,Unknown,Residential areas,Two-way (divided with broken lines road marking),Tangent road with flat terrain,No junction,Asphalt roads,Wet or damp,Daylight,Raining,Vehicle Collision,2,2,Other,Male,31-50,3,,,Not a Pedestrian,No distancing,Slight Injury
22:00:00,Sunday,18-30,Male,Junior high school,Employee,2-5yr,Other,Owner,Unknown,Other,Two-way (divided with broken lines road marking),Tangent road with flat terrain,No junction,Asphalt roads,Dry,Darkness - lights lit,Normal,Vehicle Collision,2,4,Moving forward,na,na,na,,Normal,Not a Pedestrian,Changing lane to the right,Fatal injury
22:00:00,Sunday,18-30,Male,Junior high school,Employee,1-2yr,Automobile,Organization,2-5yrs,Residential areas,Undivided Two way,Tangent road with flat terrain,Crossing,Asphalt roads,Dry,Darkness - lights lit,Normal,Vehicle Collision,2,4,Moving forward,na,na,na,Driver,Normal,Not a Pedestrian,Overtaking,Fatal injury
22:00:00,Sunday,18-30,Male,Junior high school,Employee,5-10yr,Pick up upto 10 Quintal,Owner,Unknown, Church areas,Two-way (divided with broken lines road marking),Tangent road with flat terrain,Crossing,Asphalt roads,Dry,Darkness - lights lit,Normal,Vehicle Collision,2,4,Moving forward,Female,18-30,3,,,Not a Pedestrian,Driving carelessly,Fatal injury
22:00:00,Sunday,Over 51,Male,Elementary school,Employee,5-10yr,Automobile,Governmental,Unknown,Residential areas,Two-way (divided with broken lines road marking),Tangent road with flat terrain,Crossing,Asphalt roads,Dry,Darkness - lights lit,Normal,Pedestrian Collision,2,4,Moving forward,Female,31-50,3,,,Not a Pedestrian,Moving Backward,Fatal injury
22:00:00,Sunday,Over 51,Male,Junior high school,Employee,5-10yr,Public (12 seats),Owner,Unknown,Office areas,One way,Tangent road with flat terrain,Y Shape,Asphalt roads,Dry,Daylight,Normal,Vehicle Collision,3,1,Moving forward,na,na,na,,,Not a Pedestrian,No distancing,Slight Injury
17:00:00,Tuesday,31-50,Male,Junior high school,Employee,Above 10yr,Automobile,Governmental,Below 1yr,Residential areas,Two-way (divided with broken lines road marking),Tangent road with flat terrain,Y Shape,Asphalt roads,Dry,Daylight,Normal,Vehicle Collision,3,1,Moving backward,na,na,na,Driver,Normal,Not a Pedestrian,Overtaking,Slight Injury
17:00:00,Tuesday,Unknown,Male,Junior high school,Employee,2-5yr,Other,Owner,Unknown,Other,One way,Tangent road with flat terrain,Crossing,Asphalt roads,Dry,Daylight,Normal,Vehicle Collision,3,1,Moving backward,Male,18-30,3,,,Not a Pedestrian,Driving carelessly,Slight Injury
17:00:00,Tuesday,Unknown,Male,Junior high school,Owner,Above 10yr,Public (12 seats),Owner,Unknown, Industrial areas,Two-way (divided with broken lines road marking),Tangent road with flat terrain,Crossing,Asphalt roads,Wet or damp,Daylight,Normal,Vehicle Collision,2,1,Moving backward,na,na,na,,,Not a Pedestrian,Driving carelessly,Slight Injury
14:00:00,Sunday,31-50,Male,Junior high school,Employee,2-5yr,Stationwagen,Owner,Unknown, Church areas,Two-way (divided with broken lines road marking),Tangent road with flat terrain,Y Shape,Gravel roads,Wet or damp,Daylight,Normal,Stationary Object Collision,2,1,Other,Male,18-30,3,Driver,Normal,Not a Pedestrian,Moving Backward,Slight Injury
14:00:00,Sunday,Under 18,Male,Elementary school,Other,5-10yr,Lorry (41 - 100 Quintal),Owner,2-5yrs,Residential areas,Undivided Two way,Steep grade downward with mountainous terrain,Y Shape,Asphalt roads,Dry,Daylight,Normal,Vehicle Collision,1,1,Moving forward,Male,31-50,3,Driver,Normal,Not a Pedestrian,Driving carelessly,Fatal injury